state,fsi_2001_unit,area_km2,dense_forest_km2,open_forest_km2,forest_km2,forest_pct,scrub_km2,source_pdf_page,source_table,unit_type,events,fatal_events,victim_deaths,civilian_deaths,events_per_1000km2_year,victim_deaths_per_1000km2_year,population_thousands,wb_area_km2,wb_input_units,st_pct,sc_pct,literacy_pct,population_density_2001,area_gap_pct,terrain_cells,terrain_polygon_count,min_elevation_m,max_elevation_m,terrain_mean_elevation_m,terrain_relief_sd_m,terrain_elevation_range_m,terrain_sampled_area_km2,forest10,forest10_sq,st10,sc10,literacy10,log_density,log_area,terrain_elev100,terrain_relief100,any_event,area_consistent,terrain_area_gap_pct,all_areas_consistent
Andhra Pradesh,Adilabad,16128.0,3871.0,2180.0,6051.0,37.52,123.0,42,6.01,single,6,5,1,1,0.0177154195011337,0.0029525699168556,2466.0,16107.0,1.0,16.740000000000002,18.54,52.7,152.90178571428572,-0.130208333333337,19863,1,103.0,628.0,301.5543850216164,120.1581455831578,525.0,16136.944663890956,3.7520000000000002,14.077504000000001,1.6740000000000002,1.8539999999999999,5.2700000000000005,5.0297957918353315,9.688312170871095,3.015543850216164,1.201581455831578,1,True,0.055460465593726305,True
Andhra Pradesh,Anantapur,19130.0,182.0,329.0,511.0,2.67,992.0,42,6.01,single,6,6,1,1,0.0149354043760734,0.0024892340626789,3567.0,19102.0,1.0,3.46,16.45,61.5,186.4610559330894,-0.1463669628855246,23219,1,216.0,910.0,483.2031557233843,126.5004974580675,694.0,19346.219423213224,0.267,0.071289,0.346,1.645,6.15,5.22822240190673,9.859013062434299,4.832031557233844,1.265004974580675,1,True,1.1302635818777995,True
Andhra Pradesh,Chittoor,15151.0,885.0,1223.0,2108.0,13.91,1497.0,42,6.01,single,0,0,0,0,0.0,0.0,3664.0,15060.0,1.0,3.42,18.75,66.8,241.83222229555804,-0.6006204210943222,18237,1,3.0,1167.0,463.451903277438,240.5819328280727,1164.0,15262.42844659994,1.391,1.934881,0.34199999999999997,1.875,6.68,5.4882441894163225,9.625821815359835,4.634519032774381,2.4058193282807268,0,True,0.735452752953214,True
Andhra Pradesh,Cuddapah,15359.0,1858.0,1490.0,3348.0,21.8,1347.0,42,6.01,single,5,5,2,1,0.0155020013083689,0.0062008005233475,2480.0,15445.0,1.0,2.36,15.739999999999998,62.8,161.46884562797058,0.5599322872582801,18304,1,86.0,1040.0,287.23496716026574,150.62428523511892,954.0,15252.548799235725,2.18,4.752400000000001,0.236,1.5739999999999998,6.279999999999999,5.084312217725537,9.639456900415627,2.8723496716026573,1.5062428523511893,1,True,-0.6930867944806018,True
Andhra Pradesh,East Godawari,10807.0,2421.0,1089.0,3510.0,32.48,152.0,42,6.01,single,11,10,6,6,0.0484694664393008,0.0264378907850731,4662.0,10777.0,1.0,3.9100000000000006,17.990000000000002,65.5,431.3870639400389,-0.2775978532432721,13258,1,0.0,1254.0,179.81016318895536,240.90725756148024,1254.0,10899.545171796137,3.2479999999999998,10.549503999999999,0.39100000000000007,1.7990000000000002,6.55,6.067005747274674,9.287949351303165,1.7981016318895535,2.409072575614802,1,True,0.8563447006212366,True
Andhra Pradesh,Guntur,11391.0,346.0,651.0,997.0,8.75,370.0,42,6.01,single,11,11,11,5,0.0459845074014154,0.0459845074014154,4460.0,11333.0,1.0,4.66,18.32,62.5,391.53717847423405,-0.509173909226579,13934,1,0.0,511.0,82.00757056008487,76.49988594687942,511.0,11509.132492303466,0.875,0.765625,0.466,1.832,6.25,5.970080475096335,9.340578848899913,0.8200757056008487,0.7649988594687942,1,True,1.0370686709109567,True
Andhra Pradesh,Karimnagar,11823.0,920.0,708.0,1628.0,13.77,163.0,42,6.01,single,8,7,6,6,0.0322212958599662,0.0241659718949746,3220.0,11869.0,1.0,2.6,18.62,54.900000000000006,272.35050325636473,0.3890721475090952,14654,1,80.0,613.0,267.33421865775506,95.30315313403366,533.0,11955.451673782602,1.377,1.896129,0.26,1.862,5.49,5.607089851657478,9.377802065863113,2.6733421865775506,0.9530315313403367,1,True,1.120288199125441,True
Andhra Pradesh,Khammam,16029.0,5225.0,1957.0,7182.0,44.81,104.0,42,6.01,single,68,66,42,37,0.2020148005549465,0.1247738474015846,2518.0,15851.0,1.0,26.469999999999995,16.55,56.900000000000006,157.09027387859504,-1.110487241874103,19689,1,20.0,1259.0,167.01271988137862,108.03970542806664,1239.0,16150.507521398737,4.481,20.079361,2.6469999999999994,1.655,5.69,5.056820632960548,9.68215486062588,1.6701271988137862,1.0803970542806665,1,True,0.7580480466575334,True
Andhra Pradesh,Krishna,8727.0,79.0,195.0,274.0,3.14,249.0,42,6.01,single,0,0,0,0,0.0,0.0,3975.0,8766.0,1.0,2.57,17.830000000000005,68.8,455.4829838432451,0.4468889652801566,10437,1,0.0,442.0,46.27863805600826,51.20653170104267,442.0,8608.895320000554,0.314,0.098596,0.257,1.7830000000000006,6.88,6.121358358907258,9.074176947163311,0.46278638056008264,0.5120653170104267,0,True,-1.3533250830691568,True
Andhra Pradesh,Kurnool,17658.0,1501.0,629.0,2130.0,12.06,470.0,42,6.01,single,5,5,9,8,0.013483703595834,0.0242706664725013,3523.0,17533.0,1.0,1.97,17.81,53.2,199.5129686261185,-0.7078944387812869,21634,1,155.0,871.0,357.4717417536941,108.92610360254162,716.0,17937.2051055931,1.206,1.4544359999999998,0.197,1.781,5.32,5.295879239861847,9.778944217461527,3.574717417536941,1.0892610360254162,1,True,1.5811819322295806,True
Andhra Pradesh,Mahboobnagar,18432.0,885.0,1146.0,2031.0,11.02,306.0,42,6.01,single,14,14,11,6,0.0361689814814814,0.0284184854497354,3500.0,18419.0,1.0,7.930000000000001,17.1,44.4,189.88715277777777,-0.0705295138888839,22377,1,160.0,877.0,448.647143246612,114.46146253425154,717.0,18463.702151503025,1.1019999999999999,1.2144039999999998,0.793,1.7100000000000002,4.4399999999999995,5.246429962964024,9.821843563495618,4.486471432466121,1.1446146253425153,1,True,0.17199517959540778,True
Andhra Pradesh,Medak,9700.0,73.0,495.0,568.0,5.86,185.0,42,6.01,single,0,0,0,0,0.0,0.0,2669.0,9447.0,1.0,5.04,17.580000000000002,51.6,275.1546391752577,-2.6082474226804098,11997,1,343.0,682.0,532.0392501540952,53.53271848251572,339.0,9825.052060669848,0.5860000000000001,0.3433960000000001,0.504,1.7580000000000002,5.16,5.617333263895187,9.179881164491475,5.320392501540952,0.5353271848251572,0,True,1.289196501751011,True
Andhra Pradesh,Nalgonda,14240.0,75.0,119.0,194.0,1.36,339.0,42,6.01,single,8,8,7,3,0.0267522739432851,0.0234082397003745,3247.0,14252.0,1.0,10.550000000000002,17.73,57.2,228.01966292134836,0.0842696629213435,17230,1,32.0,637.0,248.54108956412605,111.40294796510751,605.0,14174.29973472178,0.136,0.018496000000000002,1.0550000000000002,1.7730000000000001,5.720000000000001,5.429431866119017,9.563810184965966,2.4854108956412606,1.1140294796510752,1,True,-0.46137826740322296,True
Andhra Pradesh,Nellore,13076.0,270.0,668.0,938.0,7.17,728.0,42,6.01,single,1,1,3,3,0.0036417136447726,0.010925140934318,2615.0,13191.0,1.0,9.08,22.0,65.10000000000001,199.984704802692,0.8794738452126083,15840,1,-3.0,994.0,73.70354033803513,103.1395261515991,997.0,13201.20048228008,0.717,0.5140889999999999,0.908,2.2,6.510000000000001,5.29824088763706,9.478533767844102,0.7370354033803512,1.031395261515991,1,True,0.9574830397681255,True
Andhra Pradesh,Nizamabad,7956.0,260.0,864.0,1124.0,14.13,92.0,42,6.01,single,2,2,1,1,0.0119706002058943,0.0059853001029471,2305.0,8035.0,1.0,7.07,14.839999999999998,52.0,289.71845148315737,0.9929612870789306,9731,1,282.0,639.0,430.65487095525015,75.51836607832986,357.0,7940.1353956182,1.413,1.996569,0.7070000000000001,1.4839999999999998,5.2,5.6689095944390235,8.981681639973862,4.3065487095525015,0.7551836607832986,1,True,-0.19940427830316132,True
Andhra Pradesh,Prakasham,17626.0,1385.0,1619.0,3004.0,17.04,933.0,42,6.01,single,16,16,6,6,0.0432261864237355,0.0162098199089008,2943.0,17651.0,1.0,3.86,21.29,57.40000000000001,166.96924997163282,0.141835924202871,21486,1,1.0,921.0,178.8978848203183,173.6638270685127,920.0,17806.891442781674,1.704,2.903616,0.386,2.129,5.740000000000001,5.117809663556004,9.777130363659605,1.788978848203183,1.7366382706851269,1,True,1.0262761986932656,True
Andhra Pradesh,Srikakulam,5837.0,168.0,279.0,447.0,7.66,410.0,42,6.01,single,1,1,1,1,0.0081581373340838,0.0081581373340838,2485.0,5635.0,1.0,5.96,9.05,55.3,425.7323967791674,-3.460681857118386,7782,1,0.0,981.0,82.62064848460115,104.1818237985858,981.0,6347.870994059371,0.766,0.586756,0.596,0.905,5.529999999999999,6.053810972309075,8.671972245203792,0.8262064848460114,1.041818237985858,1,True,8.752287032026217,True
Andhra Pradesh,Vizianagaram,6539.0,208.0,534.0,742.0,11.35,324.0,42,6.01,single,7,7,4,4,0.0509761941173472,0.0291292537813412,2233.0,6084.0,1.0,9.55,10.58,51.1,341.4895243921089,-6.958250497017893,6899,1,0.0,1137.0,173.26061329469428,162.16519930849657,1137.0,5631.226860372944,1.135,1.288225,0.9550000000000001,1.058,5.11,5.833317003261019,8.785539527561276,1.7326061329469429,1.6216519930849658,1,True,-13.882445934042753,False
Andhra Pradesh,Vishakapatnam,11161.0,1986.0,1350.0,3336.0,29.89,738.0,42,6.01,single,78,75,65,56,0.3327914805380982,0.2773262337817485,3670.0,11437.0,1.0,14.55,7.6,60.0,328.8235821162978,2.4728966938446284,14034,1,0.0,1523.0,505.0215154200956,424.96149494989726,1523.0,11493.041532972216,2.989,8.934121,1.455,0.76,6.0,5.795521382375038,9.320180837655714,5.050215154200957,4.249614949498973,1,True,2.9750159750220995,True
Andhra Pradesh,Warangal,12847.0,2545.0,683.0,3228.0,25.13,109.0,42,6.01,single,22,22,7,7,0.0815458120665562,0.0259463947484497,3044.0,12802.0,1.0,14.1,16.990000000000002,57.10000000000001,236.9424768428427,-0.3502763291040711,15740,1,59.0,665.0,255.51438719056932,92.854620899302,606.0,12885.430132469604,2.513,6.315168999999999,1.41,1.6990000000000003,5.710000000000001,5.467817397932104,9.46086560003161,2.555143871905693,0.9285462089930201,1,True,0.29913701618746735,True
Andhra Pradesh,West Godawari,7742.0,638.0,267.0,905.0,11.69,41.0,42,6.01,single,0,0,0,0,0.0,0.0,3796.0,7827.0,1.0,2.54,19.17,73.5,490.3125807284939,1.0979075174373465,9487,1,0.0,709.0,71.92948041433331,97.30286310637688,709.0,7811.734674683282,1.169,1.3665610000000001,0.254,1.9170000000000003,7.35,6.195043107574362,8.954415331137593,0.7192948041433331,0.9730286310637688,0,True,0.9007320418920495,True
Andhra Pradesh,Hyderabad + Rangareddy,7710.0,46.0,335.0,381.0,4.94,235.0,42,6.01,combined,1,0,0,0,0.0061762707677104,0.0,7402.0,7729.0,2.0,2.439405566063226,11.171196973790869,72.766778634902,960.0518806744489,0.2464332036316463,9463,2,400.0,717.0,570.2572072922917,60.076379422681775,317.0,7775.497217538315,0.49400000000000005,0.24403600000000006,0.24394055660632258,1.117119697379087,7.2766778634902,6.8669873253708635,8.950273466557375,5.702572072922917,0.6007637942268178,1,True,0.8495099551013574,True
Bihar,Araria,2830.0,59.0,3.0,62.0,2.19,0.0,48,6.04,single,0,0,0,0,0.0,0.0,2159.0,2759.0,1.0,1.36,13.6,35.0,762.8975265017668,-2.5088339222614886,3647,1,44.0,85.0,56.79553395686376,7.02287781174621,41.0,2816.03548999054,0.219,0.047961,0.136,1.3599999999999999,3.5,6.6371237188596615,7.948031990637284,0.5679553395686375,0.0702287781174621,0,True,-0.49344558337314215,True
Bihar,Aurangabad,3305.0,50.0,93.0,143.0,4.33,12.0,48,6.04,single,30,29,67,37,0.4322455154527772,0.9653483178445356,2013.0,3327.0,1.0,0.08,23.49,57.0,609.0771558245083,0.6656580937972834,4216,1,78.0,368.0,118.69341127834366,39.95040893401375,290.0,3293.705986144916,0.433,0.187489,0.008,2.3489999999999998,5.7,6.411944952336142,8.103191752285786,1.1869341127834365,0.39950408934013754,1,True,-0.3417250788225079,True
Bihar,Banka,3022.0,136.0,61.0,197.0,6.52,7.0,48,6.04,single,8,8,10,10,0.1260596892628659,0.1575746115785824,1609.0,3078.0,1.0,4.67,12.44,42.7,532.4288550628722,1.8530774321641408,3991,1,40.0,300.0,124.68515056990849,59.79431561640106,260.0,3116.413323860123,0.6519999999999999,0.42510399999999987,0.46699999999999997,1.244,4.2700000000000005,6.277449283141835,8.013674142832684,1.2468515056990848,0.5979431561640106,1,True,3.1241999953713684,True
Bihar,Begusarai,1918.0,30.0,0.0,30.0,1.56,0.0,48,6.04,single,2,2,2,2,0.0496548984557326,0.0496548984557326,2096.0,1886.0,1.0,0.06,14.52,48.0,1092.8050052137644,-1.6684045881126153,2495,1,34.0,51.0,43.58647618233164,2.738746110082379,17.0,1938.0362636968969,0.156,0.024336,0.006,1.452,4.8,6.9965030689796865,7.559038255443384,0.43586476182331635,0.027387461100823792,1,True,1.04464357126679,True
Bihar,Bhabua,3381.0,498.0,542.0,1040.0,30.76,10.0,48,6.04,single,2,1,1,1,0.0281686173434176,0.0140843086717088,1276.0,3338.0,1.0,2.79,22.28,55.1,377.4031351671104,-1.2718130730553057,4309,1,64.0,623.0,194.5131434442797,157.45239429601506,559.0,3360.975568830793,3.076,9.461776,0.279,2.228,5.51,5.933313940178986,8.125926802707886,1.945131434442797,1.5745239429601505,1,True,-0.5922635660812525,True
Bihar,Bhagalpur,2567.0,21.0,0.0,21.0,0.82,0.0,48,6.04,single,0,0,0,0,0.0,0.0,2423.0,2559.0,1.0,2.29,10.51,49.5,943.9033891702376,-0.3116478379431298,3270,1,26.0,84.0,38.01001575146697,6.495346107204327,58.0,2544.74436914166,0.08199999999999999,0.006723999999999998,0.229,1.051,4.95,6.850023818927522,7.8504931808711405,0.38010015751466975,0.06495346107204326,0,True,-0.8669899048827312,True
Bihar,Bhojpur,2390.0,11.0,0.0,11.0,0.46,0.0,48,6.04,single,0,0,0,0,0.0,0.0,2243.0,2434.0,1.0,0.37,15.32,59.0,938.4937238493724,1.8410041841004252,3063,1,47.0,91.0,67.45751745323142,9.161936158440929,44.0,2379.74173995435,0.046,0.002116,0.037,1.532,5.9,6.844276168576789,7.779048644925556,0.6745751745323142,0.09161936158440928,0,True,-0.4292159014916308,True
Bihar,Buxar,1708.0,15.0,0.0,15.0,0.88,0.0,48,6.04,single,1,1,1,0,0.0278800044608007,0.0278800044608007,1402.0,1703.0,1.0,0.6,14.12,56.8,820.8430913348947,-0.2927400468384022,2218,1,49.0,83.0,68.75366012265242,5.783502158535605,34.0,1722.9257500293782,0.088,0.007743999999999999,0.06,1.412,5.68,6.710331972228158,7.443078374348516,0.6875366012265242,0.05783502158535605,1,True,0.8738729525397115,True
Bihar,Darbhanga,2279.0,23.0,0.0,23.0,1.01,0.0,48,6.04,single,1,0,0,0,0.020894711548507,0.0,3244.0,2528.0,1.0,0.03,15.510000000000002,44.3,1423.4313295304958,10.925844668714358,2970,1,43.0,61.0,51.41919908837714,3.4551247915907464,18.0,2294.9681545694807,0.101,0.010201000000000002,0.003,1.5510000000000002,4.43,7.260825664971756,7.731492029245684,0.5141919908837714,0.03455124791590746,1,False,0.7006649657516739,False
Bihar,Gaya,4976.0,123.0,425.0,548.0,11.01,35.0,48,6.04,single,56,54,71,40,0.5359056806002144,0.6794518450467004,3473.0,4986.0,1.0,0.08,29.64,50.400000000000006,697.9501607717042,0.2009646302250756,6369,1,68.0,472.0,144.37326734910874,53.885918727665256,404.0,4979.51053750947,1.101,1.2122009999999999,0.008,2.964,5.040000000000001,6.548147697307196,8.512381634419015,1.4437326734910874,0.5388591872766526,1,True,0.0705493872481977,True
Bihar,Goplaganj,2033.0,10.0,0.0,10.0,0.49,0.0,48,6.04,single,0,0,0,0,0.0,0.0,2153.0,2038.0,1.0,0.29,12.41,47.5,1059.026069847516,0.2459419576979815,2658,1,60.0,80.0,71.06117670684664,4.100189187012107,20.0,2048.0764417550517,0.049,0.0024010000000000004,0.028999999999999998,1.241,4.75,6.965104962718153,7.617267813628347,0.7106117670684664,0.04100189187012107,0,True,0.7415859200714081,True
Bihar,Jamui,3107.0,387.0,250.0,637.0,20.5,2.0,48,6.04,single,48,46,79,60,0.7356660076325348,1.2107836375618803,1399.0,3055.0,1.0,4.82,17.35,42.400000000000006,450.2735757965884,-1.673640167364021,3925,1,55.0,442.0,180.33557136732009,87.12159585075257,387.0,3066.610094814493,2.05,4.2025,0.48200000000000004,1.735,4.24,6.109855344254571,8.041412909393047,1.8033557136732008,0.8712159585075256,1,True,-1.2999647629709288,True
Bihar,Jehanabad,1569.0,4.0,0.0,4.0,0.25,6.0,48,6.04,single,3,2,5,2,0.0910498042429208,0.1517496737382014,1472.0,1543.0,2.0,0.09,18.9,55.3,938.1771829190568,-1.6571064372211564,2050,1,58.0,166.0,74.1298600351439,8.022900538297424,108.0,1596.8010418831605,0.025,0.0006250000000000001,0.009,1.89,5.529999999999999,6.843938825537926,7.358193752733032,0.741298600351439,0.08022900538297424,1,True,1.7718955948476944,True
Bihar,Katihar,3057.0,11.0,0.0,11.0,0.36,0.0,48,6.04,single,0,0,0,0,0.0,0.0,2392.0,3072.0,1.0,5.87,8.71,35.1,782.4664703958128,0.4906771344455274,3964,1,24.0,40.0,32.90342499718273,3.148920957781773,16.0,3077.8063782670565,0.036,0.0012959999999999998,0.587,0.8710000000000001,3.5100000000000002,6.662451072161825,8.025189321890835,0.32903424997182734,0.03148920957781773,0,True,0.6806142710846119,True
Bihar,Khagaria,1486.0,13.0,0.0,13.0,0.87,0.0,48,6.04,single,1,1,1,0,0.0320451195282958,0.0320451195282958,1280.0,1488.0,1.0,0.03,14.460000000000004,41.3,861.3728129205922,0.1345895020188336,1920,1,30.0,44.0,38.62264810294349,2.1374160688605364,14.0,1491.1727638259874,0.087,0.007568999999999999,0.003,1.4460000000000004,4.13,6.758527410618095,7.303843225277705,0.38622648102943485,0.021374160688605363,1,True,0.34809985370036767,True
Bihar,Kishanganj,1884.0,12.0,0.0,12.0,0.64,0.0,48,6.04,single,0,0,0,0,0.0,0.0,1296.0,1921.0,1.0,3.63,6.62,31.1,687.8980891719746,1.9639065817409709,2514,1,40.0,91.0,61.26180900562544,8.583620315459866,51.0,1939.585633451664,0.064,0.004096,0.363,0.662,3.1100000000000003,6.533640700758049,7.5411524551363085,0.6126180900562543,0.08583620315459867,0,True,2.9504051725936398,True
Bihar,Lakhisarai,1356.0,157.0,70.0,227.0,16.74,7.0,48,6.04,single,20,19,27,16,0.7023458350891979,0.9481668773704172,802.0,1295.0,1.0,0.7000000000000001,15.78,48.0,591.4454277286136,-4.498525073746318,1626,1,38.0,371.0,70.92478688304485,61.30234185045783,333.0,1266.5732986562557,1.674,2.802276,0.07,1.5779999999999998,4.8,6.382569418348311,7.212294468500341,0.7092478688304484,0.6130234185045783,1,True,-6.594889479627164,True
Bihar,Madhepura,1788.0,21.0,1.0,22.0,1.23,0.0,48,6.04,single,0,0,0,0,0.0,0.0,1527.0,1777.0,1.0,0.61,17.06,36.1,854.0268456375838,-0.615212527964204,2383,1,33.0,56.0,45.648214167915306,5.79313146246095,23.0,1845.8863132135891,0.123,0.015129,0.061,1.706,3.6100000000000003,6.74996262846731,7.488852955733459,0.4564821416791531,0.0579313146246095,0,True,3.2374895533327175,True
Bihar,Madhubani,3501.0,15.0,0.0,15.0,0.43,0.0,49,6.04,single,1,1,1,1,0.0136015560180084,0.0136015560180084,3575.0,3449.0,1.0,0.04,13.48,42.0,1021.1368180519852,-1.4852899171665213,4484,1,47.0,88.0,62.81965138975061,7.465632824716011,41.0,3456.18203944366,0.043,0.0018489999999999997,0.004,1.348,4.2,6.92867181315558,8.160803920954665,0.6281965138975061,0.07465632824716012,1,True,-1.2801474023519055,True
Bihar,Munger,1347.0,212.0,51.0,263.0,19.52,9.0,49,6.04,single,26,25,46,25,0.9191501396401174,1.6261887085940538,1138.0,1395.0,1.0,1.59,13.27,59.5,844.8403860430586,3.563474387527843,1850,1,30.0,356.0,77.26529616823555,63.90806651963764,326.0,1440.3999041464065,1.952,3.810304,0.159,1.327,5.95,6.739147717258049,7.205635176410364,0.7726529616823555,0.6390806651963764,1,True,6.93392012965155,True
Bihar,Muzaffarpur,3172.0,5.0,0.0,5.0,0.16,0.0,49,6.04,single,9,8,12,6,0.1351107908484957,0.1801477211313276,3729.0,3212.0,1.0,0.09,15.87,48.0,1175.5989911727618,1.261034047919285,4136,1,49.0,66.0,57.225113725115904,2.9242528459292285,17.0,3194.93815898826,0.016,0.000256,0.009,1.587,4.8,7.069533076406219,8.06211758275474,0.5722511372511591,0.029242528459292285,1,True,0.7231449870195528,True
Bihar,Nalanda,2367.0,25.0,21.0,46.0,1.94,8.0,49,6.04,single,1,1,2,0,0.0201178908403243,0.0402357816806486,2371.0,2319.0,1.0,0.04,19.99,53.20000000000001,1001.6899028305872,-2.0278833967046883,3020,1,42.0,322.0,58.73182934965112,19.38014252214268,280.0,2351.147896845165,0.194,0.037636,0.004,1.9989999999999999,5.320000000000001,6.909443755533559,7.769378609513984,0.5873182934965112,0.1938014252214268,1,True,-0.6697128498029059,True
Bihar,Nawada,2494.0,195.0,297.0,492.0,19.73,8.0,49,6.04,single,6,5,13,2,0.1145606598694008,0.2482147630503685,1784.0,2503.0,1.0,0.12,24.09,46.79999999999999,715.3167602245389,0.3608660785886064,3197,1,56.0,561.0,132.8868518645058,75.17534250399352,505.0,2497.261681411105,1.973,3.8927290000000005,0.012,2.409,4.679999999999999,6.57272546588211,7.821643126239982,1.328868518645058,0.7517534250399351,1,True,0.1307811311589857,True
Bihar,Paschimi Champaran,5228.0,770.0,205.0,975.0,18.65,2.0,49,6.04,single,2,2,1,1,0.0182169271687251,0.0091084635843625,3043.0,5244.0,1.0,1.4800000000000002,14.28,38.900000000000006,582.0581484315226,0.3060443764345777,6869,1,71.0,747.0,110.24900042050656,62.18131462854419,676.0,5263.192634218344,1.8649999999999998,3.4782249999999992,0.14800000000000002,1.428,3.8900000000000006,6.366570354134995,8.561784074744113,1.1024900042050656,0.6218131462854419,1,True,0.6731567371527136,True
Bihar,Patna,3202.0,34.0,0.0,34.0,1.06,0.0,49,6.04,single,0,0,0,0,0.0,0.0,4639.0,3309.0,1.0,0.2,15.47,62.900000000000006,1448.782011242973,3.341661461586498,4139,1,38.0,75.0,54.28266368178591,7.82321230564438,37.0,3216.0592899360704,0.10600000000000001,0.011236000000000003,0.02,1.5470000000000002,6.290000000000001,7.27847849017722,8.07153089355666,0.5428266368178591,0.0782321230564438,0,True,0.43907838651062736,True
Bihar,Purbi Champaran,3968.0,24.0,0.0,24.0,0.6,0.0,49,6.04,single,14,14,22,16,0.168010752688172,0.2640168970814132,3860.0,3997.0,1.0,0.12,13.05,37.5,972.782258064516,0.7308467741935498,5189,1,58.0,89.0,69.75009481330461,5.167303649042943,31.0,3992.144288018556,0.06,0.0036,0.012,1.3050000000000002,3.75,6.88016027303625,8.286017468404763,0.6975009481330461,0.05167303649042943,1,True,0.6084750004676343,True
Bihar,Purnia,3229.0,44.0,7.0,51.0,1.58,0.0,49,6.04,single,0,0,0,0,0.0,0.0,2490.0,3220.0,1.0,4.4,12.27,35.1,771.136574790957,-0.278724063177449,4199,1,28.0,53.0,41.83884307863375,3.81569345194745,25.0,3252.8639004355546,0.158,0.024964,0.44000000000000006,1.2269999999999999,3.5100000000000002,6.6478654976826155,8.079927770758275,0.41838843078633753,0.0381569345194745,0,True,0.7390492547399985,True
Bihar,Rohtas,3832.0,344.0,321.0,665.0,17.35,16.0,49,6.04,single,11,11,16,14,0.1366935083010239,0.1988269211651257,2464.0,3862.0,1.0,1.04,18.12,61.3,643.0062630480166,0.7828810020876764,4964,1,73.0,576.0,151.18768119353203,119.30624697196342,503.0,3872.2232693826422,1.735,3.010225,0.10400000000000001,1.812,6.13,6.466154464544796,8.251142139090751,1.5118768119353203,1.1930624697196341,1,True,1.0496677813842004,True
Bihar,Saharsa,1680.0,10.0,1.0,11.0,0.65,0.0,49,6.04,single,0,0,0,0,0.0,0.0,1508.0,1710.0,1.0,0.31,16.09,39.1,897.6190476190476,1.7857142857142794,2183,1,38.0,52.0,43.9314139425902,2.6548972726051603,14.0,1691.114925732862,0.065,0.0042250000000000005,0.031,1.609,3.91,6.799745755152734,7.426549072397305,0.439314139425902,0.0265489727260516,0,True,0.6616027221941767,True
Bihar,Samastipur,2904.0,32.0,0.0,32.0,1.1,0.0,49,6.04,single,0,0,0,0,0.0,0.0,3395.0,2600.0,1.0,0.1,18.52,45.1,1169.077134986226,-10.468319559228645,3777,1,38.0,57.0,47.656827452151695,3.301740212344693,19.0,2926.922504812397,0.11000000000000001,0.012100000000000003,0.01,1.8519999999999999,4.51,7.063969943030247,7.973844375944687,0.47656827452151695,0.03301740212344693,0,False,0.7893424522175341,False
Bihar,Saran,2641.0,15.0,0.0,15.0,0.57,0.0,49,6.04,single,1,0,0,0,0.0180306882313697,0.0,3249.0,2639.0,1.0,0.21,12.0,51.8,1230.2158273381294,-0.0757288905717579,3430,1,45.0,64.0,56.67281883810367,3.14566734990826,19.0,2655.152085026204,0.056999999999999995,0.0032489999999999993,0.020999999999999998,1.2,5.18,7.114944902354105,7.878912912297133,0.5667281883810368,0.0314566734990826,1,True,0.5358608491557781,True
Bihar,Sheikhpura,612.0,2.0,0.0,2.0,0.33,0.0,49,6.04,single,0,0,0,0,0.0,0.0,518.0,643.0,1.0,0.04,19.74,48.60000000000001,846.40522875817,5.065359477124187,819,1,42.0,98.0,51.864898542279896,6.789198315034177,56.0,638.0769879295447,0.033,0.0010890000000000001,0.004,1.9739999999999998,4.860000000000001,6.740998238729294,6.416732282512326,0.5186489854227989,0.06789198315034177,0,True,4.26094574012168,True
Bihar,Sheohar,572.0,1.0,0.0,1.0,0.17,0.0,49,6.04,single,3,3,9,4,0.2497502497502497,0.7492507492507493,516.0,447.0,1.0,0.01,14.42,35.300000000000004,902.097902097902,-21.853146853146853,372,1,62.0,74.0,67.16297010468405,2.242513367447509,12.0,286.42852223608963,0.017,0.00028900000000000003,0.001,1.442,3.5300000000000002,6.804723053083902,6.349138991379798,0.6716297010468405,0.02242513367447509,1,False,-49.92508352515915,False
Bihar,Sitamarhi,2071.0,13.0,0.0,13.0,0.63,0.0,49,6.04,single,2,2,3,2,0.0459865259478972,0.0689797889218459,2667.0,2155.0,1.0,0.07,11.77,38.5,1287.783679381941,4.056011588604536,3040,1,54.0,91.0,66.90292517523503,6.634780278008821,37.0,2339.698217265434,0.063,0.003969,0.007000000000000001,1.177,3.85,7.160677941768567,7.635786861395585,0.6690292517523503,0.06634780278008821,1,True,12.974322417452132,False
Bihar,Siwan,2219.0,5.0,0.0,5.0,0.23,0.0,49,6.04,single,0,0,0,0,0.0,0.0,2714.0,2226.0,1.0,0.51,11.38,51.6,1223.0734565119424,0.3154574132492094,2892,1,49.0,74.0,64.73290356922085,2.735035712333517,25.0,2233.808968516992,0.023,0.000529,0.051000000000000004,1.1380000000000001,5.16,7.109122196444358,7.704811922932594,0.6473290356922086,0.02735035712333517,0,True,0.6673712716084745,True
Bihar,Sapaul,2432.0,28.0,0.0,28.0,1.15,0.0,49,6.04,single,0,0,0,0,0.0,0.0,1733.0,2465.0,1.0,0.3,14.8,37.3,712.5822368421053,1.3569078947368365,3122,1,45.0,82.0,61.12333988120668,7.306344322189817,37.0,2409.6495974360464,0.11499999999999999,0.013224999999999997,0.03,1.48,3.7299999999999995,6.5688953256116855,7.796469243086058,0.6112333988120668,0.07306344322189817,0,True,-0.9190132633204562,True
Bihar,Vaishali,2036.0,17.0,0.0,17.0,0.83,0.0,49,6.04,single,5,5,9,8,0.1169426513237908,0.2104967723828234,2718.0,2016.0,1.0,0.11,20.68,50.5,1334.9705304518664,-0.982318271119842,2595,1,41.0,61.0,52.27207381444328,3.55296978456548,20.0,2011.1873246858383,0.08299999999999999,0.006888999999999998,0.011,2.068,5.05,7.196664496022812,7.618742377670413,0.5227207381444328,0.0355296978456548,1,True,-1.2186972158232612,True
Chhattisgarh,Bastar,14974.0,5817.0,2385.0,8202.0,54.77,1.0,50,6.05,single,267,260,313,110,0.8490908050144059,0.9953761122453524,1270.0,15473.0,2.0,66.87288976377954,2.978425196850394,43.26643764930447,84.81367704020302,3.332442901028454,18115,1,258.0,1080.0,601.6640820080781,86.2533460873439,822.0,14696.918699034208,5.477,29.997529000000004,6.687288976377954,0.2978425196850394,4.326643764930447,4.4404568156441435,9.614070642790631,6.016640820080782,0.862533460873439,1,True,-1.8504160609442488,True
Chhattisgarh,Bilaspur,8270.0,2093.0,409.0,2502.0,30.25,17.0,50,6.05,single,1,1,0,0,0.0057580468705015,0.0,1992.0,8390.0,1.0,15.99,17.32,66.0,240.87061668681983,1.45102781136639,10535,1,223.0,1099.0,402.51422788893,153.14100485354527,876.0,8384.785966419468,3.025,9.150625,1.599,1.732,6.6,5.484259929108943,9.020389788017736,4.0251422788893,1.5314100485354527,1,True,1.3879802469101366,True
Chhattisgarh,Dantewara,17634.0,7451.0,4601.0,12052.0,68.35,10.0,50,6.05,single,1087,1062,1488,551,2.935346759776838,4.018211571801229,698.0,16795.0,2.0,78.51999999999998,3.3599999999999994,30.200000000000006,39.582624475445165,-4.75785414540093,21780,1,42.0,1163.0,317.87436000024167,161.6487305488107,1121.0,17756.364548361384,6.834999999999999,46.717224999999985,7.8519999999999985,0.33599999999999997,3.0200000000000005,3.6783902460975373,9.777584135646972,3.1787436000024165,1.616487305488107,1,True,0.6939126027071696,True
Chhattisgarh,Durg,8549.0,553.0,233.0,786.0,9.19,9.0,51,6.05,single,2,2,3,0,0.0111402614619365,0.0167103921929047,2589.0,8431.0,1.0,12.41,12.79,75.60000000000001,302.8424377120131,-1.380278395133938,10763,1,243.0,649.0,311.4850915326012,45.42454606435693,406.0,8635.702587661839,0.9189999999999999,0.8445609999999999,1.241,1.279,7.5600000000000005,5.713212662707441,9.053569596026234,3.114850915326012,0.4542454606435693,1,True,1.0141839707783262,True
Chhattisgarh,Janjgir-Champa,3852.0,72.0,72.0,144.0,3.74,4.0,51,6.05,single,0,0,0,0,0.0,0.0,1311.0,3861.0,1.0,11.62,22.48,65.9,340.34267912772583,0.2336448598130758,4878,1,193.0,776.0,248.5117457744608,36.000758474541584,583.0,3894.180030498232,0.374,0.139876,1.162,2.248,6.590000000000001,5.829952989827821,8.256347772918016,2.485117457744608,0.36000758474541583,0,True,1.095016368074564,True
Chhattisgarh,Jashpur,5838.0,1249.0,904.0,2153.0,36.88,14.0,51,6.05,single,1,1,2,0,0.008156739914191,0.0163134798283821,735.0,5867.0,1.0,63.24,4.9,63.8,125.89928057553956,0.4967454607742283,7345,1,273.0,1126.0,647.2947619183768,208.36983565754824,853.0,5826.8853988382125,3.688,13.601344000000001,6.324,0.49000000000000005,6.38,4.835482226780914,8.67214355141406,6.472947619183768,2.0836983565754825,1,True,-0.1903837129459962,True
Chhattisgarh,Kanker,6506.0,2386.0,910.0,3296.0,50.66,12.0,51,6.05,single,126,120,132,74,0.9222256378727328,0.9661411444381012,642.0,7145.0,1.0,56.08,4.25,72.9,98.6781432523824,9.821703043344598,8450,1,268.0,856.0,431.9699231527402,111.94072543346287,588.0,6826.747343465243,5.066,25.664355999999998,5.608,0.425,7.290000000000001,4.591863475638801,8.780480107033297,4.319699231527402,1.1194072543346287,1,True,4.9300237237203115,True
Chhattisgarh,Kawardha,6745.0,1097.0,476.0,1573.0,23.32,21.0,51,6.05,single,4,3,0,0,0.0282396131173002,0.0,585.0,4166.0,1.0,20.86,12.72,55.2,86.73091178650853,-38.235730170496666,5310,1,286.0,984.0,479.1954463004238,173.58953131113378,698.0,4234.107250325416,2.332,5.438223999999999,2.086,1.272,5.5200000000000005,4.462810357572137,8.816556768641856,4.791954463004238,1.735895313111338,1,False,-37.2259859106684,False
Chhattisgarh,Korba,6599.0,2287.0,1035.0,3322.0,50.34,10.0,51,6.05,single,0,0,0,0,0.0,0.0,943.0,6614.0,1.0,41.5,9.98,61.7,142.90043946052432,0.2273071677526994,8318,1,247.0,994.0,419.4075112506015,130.96027731711766,747.0,6611.690639609861,5.034000000000001,25.34115600000001,4.15,0.998,6.17,4.962148160232173,8.794673401383422,4.194075112506015,1.3096027731711766,0,True,0.19231155644583442,True
Chhattisgarh,Koriya,6604.0,2748.0,1319.0,4067.0,61.58,15.0,51,6.05,single,1,1,0,0,0.0072106371318969,0.0,546.0,6548.0,1.0,44.35,8.22,63.1,82.67716535433071,-0.8479709267110835,8432,1,377.0,987.0,598.9772791075984,116.84527552741466,610.0,6656.009770442198,6.1579999999999995,37.92096399999999,4.4350000000000005,0.8220000000000001,6.3100000000000005,4.414943449687024,8.795430805040018,5.989772791075984,1.1684527552741466,1,True,0.7875495221410844,True
Chhattisgarh,Mahasamud,4789.0,641.0,319.0,960.0,20.05,26.0,51,6.05,single,2,2,3,3,0.0198868438584454,0.0298302657876681,860.0,4701.0,1.0,27.03,12.13,67.0,179.5782000417624,-1.837544372520361,5937,1,220.0,588.0,301.4670220724484,41.73190901383914,368.0,4763.154172292788,2.005,4.0200249999999995,2.7030000000000003,1.213,6.7,5.190610767887081,8.47407690034261,3.014670220724484,0.4173190901383914,1,True,-0.539691537005893,True
Chhattisgarh,Raigarh,7086.0,1339.0,1175.0,2514.0,35.48,4.0,51,6.05,single,3,3,2,2,0.0201604774001048,0.0134403182667365,1261.0,7037.0,1.0,35.38,14.2,70.2,177.95653401072536,-0.6915043748235927,8928,1,190.0,1110.0,340.11389718248427,133.85951235998155,920.0,7119.196307643983,3.5479999999999996,12.588303999999997,3.5380000000000003,1.42,7.0200000000000005,5.181539329521639,8.865876285425417,3.401138971824843,1.3385951235998155,1,True,0.4684773870164083,True
Chhattisgarh,Rajnandgaon,5546.0,1563.0,936.0,2499.0,45.06,7.0,51,6.05,single,64,61,88,40,0.5495165971184723,0.7555853210378993,1274.0,8171.0,1.0,26.629999999999995,9.93,77.2,229.7151099891814,47.33141002524341,10084,1,268.0,778.0,382.98691351244304,90.15928897888372,510.0,8099.164350165178,4.506,20.304036000000004,2.6629999999999994,0.993,7.720000000000001,5.436839888938523,8.620832226175724,3.8298691351244303,0.9015928897888372,1,False,46.03614046457227,False
Chhattisgarh,Surguja,15731.0,5401.0,1769.0,7170.0,45.58,32.0,51,6.05,single,17,15,12,5,0.051460416345039,0.0363249997729687,1921.0,15765.0,1.0,54.6,4.8100000000000005,54.8,122.1155679867777,0.2161337486491721,20012,1,262.0,1178.0,600.6424197792692,167.2067590362663,916.0,15809.997605865194,4.558,20.775364,5.46,0.48100000000000004,5.4799999999999995,4.804967874928189,9.663388566822505,6.0064241977926915,1.672067590362663,1,True,0.5021779026456841,True
Chhattisgarh,Raipur + Dhamtari,16468.0,3183.0,2025.0,5208.0,31.62,18.0,51,6.05,combined,31,31,27,10,0.0896399366158899,0.0780734931815816,3462.0,16705.0,2.0,14.89960716348931,14.35892547660312,69.76994783751135,210.22589264027204,1.439154724313818,20616,2,208.0,926.0,346.3299470246561,102.9452865809289,718.0,16568.37165318316,3.162,9.998244,1.489960716348931,1.4358925476603122,6.9769947837511355,5.348182631828497,9.709174382889795,3.4632994702465614,1.029452865809289,1,True,0.6094951006992977,True
Jharkhand,Bokaro,1929.0,270.0,304.0,574.0,29.76,58.0,64,6.12,single,32,30,47,17,0.7899479128094992,1.160235996938952,1778.0,2888.0,1.0,12.3,13.3,62.1,921.7210990150336,49.71487817522031,3565,1,142.0,892.0,299.4539138017194,106.40831078806065,750.0,2809.360932847964,2.976,8.856576,1.23,1.33,6.21,6.826242682150258,7.564757012905729,2.994539138017194,1.0640831078806066,1,False,45.63820284333664,False
Jharkhand,Chatra,3732.0,945.0,950.0,1895.0,50.78,35.0,64,6.12,single,36,36,30,25,0.4593477262287552,0.3827897718572959,808.0,3837.0,1.0,4.11,31.56,43.6,216.5058949624866,2.813504823151125,4801,1,156.0,719.0,403.6534542810597,115.71603094489434,563.0,3769.2633460070647,5.078,25.786084000000002,0.41100000000000003,3.1559999999999997,4.36,5.377617775535998,8.224699561967235,4.036534542810597,1.1571603094489433,1,True,0.9984819401678724,True
Jharkhand,Deoghar,2479.0,73.0,15.0,88.0,3.55,3.0,64,6.12,single,0,0,0,0,0.0,0.0,1114.0,2454.0,1.0,12.25,12.6,50.1,449.37474788221056,-1.0084711577248884,3121,1,162.0,576.0,236.04021494932465,32.063718019759136,414.0,2447.324753952333,0.355,0.126025,1.225,1.26,5.01,6.107857167434176,7.8156105320351905,2.3604021494932463,0.32063718019759135,0,True,-1.2777428821164505,True
Jharkhand,Dhanbad,2996.0,70.0,104.0,174.0,5.81,21.0,64,6.12,single,4,4,4,1,0.0635768326021997,0.0635768326021997,1940.0,2039.0,1.0,8.46,15.98,67.0,647.5300400534045,-31.94259012016022,2713,1,98.0,607.0,210.3349404771697,58.41905568018028,509.0,2135.6852464402155,0.581,0.33756099999999994,0.8460000000000001,1.598,6.7,6.473165186402401,8.005033344637111,2.103349404771697,0.5841905568018028,1,False,-28.71544571294341,False
Jharkhand,Dumka,6212.0,231.0,257.0,488.0,7.86,109.0,64,6.12,single,13,13,26,8,0.0996535124030294,0.1993070248060589,1760.0,5643.0,2.0,39.89218181818182,7.3485795454545455,47.917687950870125,283.322601416613,-9.159690920798456,7114,1,47.0,455.0,171.466660857881,46.4863332816371,408.0,5583.619828418357,0.786,0.617796,3.989218181818182,0.7348579545454546,4.7917687950870125,5.646586182745756,8.734238184268579,1.71466660857881,0.464863332816371,1,True,-10.11558550517776,False
Jharkhand,Garhwa,4092.0,670.0,705.0,1375.0,33.6,59.0,64,6.12,single,17,17,30,12,0.1978308429921333,0.3491132523390588,1021.0,4085.0,1.0,15.35,23.88,39.2,249.5112414467253,-0.1710654936461386,5251,1,131.0,1112.0,318.24072176521935,122.2708342317704,981.0,4124.826635070958,3.3600000000000003,11.289600000000002,1.535,2.388,3.9200000000000004,5.519503970075285,8.316789127071518,3.1824072176521936,1.2227083423177039,1,True,0.8022149333078765,True
Jharkhand,Giridih,4963.0,324.0,459.0,783.0,15.78,26.0,64,6.12,single,42,38,76,58,0.4029820672980053,0.7292056455868666,1905.0,4994.0,1.0,9.69,13.04,44.49999999999999,383.84041910135,0.6246222043118976,6408,1,145.0,1223.0,317.1637038321815,64.60362051708857,1078.0,5026.070967640433,1.5779999999999998,2.4900839999999995,0.969,1.3039999999999998,4.449999999999999,5.950226890955498,8.50976567558744,3.171637038321815,0.6460362051708857,1,True,1.2708234463113754,True
Jharkhand,Godda,2110.0,163.0,227.0,390.0,18.48,22.0,64,6.12,single,2,2,4,0,0.0451365380275332,0.0902730760550665,1048.0,2297.0,1.0,23.62,8.56,43.1,496.6824644549763,8.862559241706158,2876,1,40.0,537.0,136.86939838271917,79.3609918727553,497.0,2245.6427410772103,1.848,3.4151040000000004,2.362,0.8560000000000001,4.3100000000000005,6.2079509173930125,7.6544432264701125,1.3686939838271917,0.793609918727553,1,True,6.428565927829877,True
Jharkhand,Gumla,9077.0,1231.0,1255.0,2486.0,27.39,58.0,64,6.12,single,67,60,73,53,0.3514901608985557,0.3829668917252921,1346.0,9044.0,2.0,68.35506686478453,4.953150074294205,51.71044306104299,148.2868789247549,-0.3635562410488013,11602,1,213.0,1080.0,567.4633904496923,168.9133566174147,867.0,9198.159203231182,2.739,7.502120999999999,6.835506686478453,0.49531500742942053,5.1710443061042985,4.999148768660183,9.113499020526627,5.674633904496923,1.6891335661741471,1,True,1.3347934695514097,True
Jharkhand,Hazaribagh,5998.0,909.0,1253.0,2162.0,36.05,66.0,64,6.12,single,22,22,12,8,0.1746613950681973,0.0952698518553803,2218.0,5626.0,2.0,11.962583408476103,14.913647430117225,58.06575372731427,369.78992997665887,-6.202067355785257,6331,1,257.0,959.0,464.45288845522896,94.78572351581236,702.0,4981.3518595614,3.6049999999999995,12.996024999999996,1.1962583408476104,1.4913647430117225,5.806575372731427,5.912935087583495,8.699181359308954,4.644528884552289,0.9478572351581236,1,True,-16.949785602510847,False
Jharkhand,Kodarma,1435.0,229.0,387.0,616.0,42.93,3.0,64,6.12,single,3,2,0,0,0.0995520159283225,0.0,541.0,1634.0,1.0,0.76,14.9,51.2,377.0034843205575,13.867595818815335,3226,1,123.0,616.0,342.851272134122,66.90255460720095,493.0,2527.4760105013816,4.293,18.429849,0.076,1.49,5.12,5.932254429634897,7.268920128193722,3.4285127213412196,0.6690255460720096,1,False,76.13073243912068,False
Jharkhand,Lohardaga,1491.0,392.0,165.0,557.0,37.36,11.0,64,6.12,single,18,17,24,12,0.5748778384593274,0.7665037846124366,365.0,1580.0,1.0,55.7,3.51,53.6,244.8021462105969,5.96914822266934,1911,1,421.0,1066.0,711.9991233440497,110.25065182760224,645.0,1508.4145562233475,3.7359999999999998,13.957695999999999,5.57,0.351,5.36,5.50045031779989,7.307202314764738,7.119991233440498,1.1025065182760223,1,True,1.1679782845974263,True
Jharkhand,Pakaur,1571.0,79.0,215.0,294.0,18.71,17.0,64,6.12,single,1,1,2,2,0.0303112970203995,0.060622594040799,702.0,1898.0,1.0,44.59,3.27,30.6,446.8491406747295,20.814767663908327,2336,1,21.0,540.0,93.93554087213592,70.49829808343254,519.0,1828.3549686645088,1.871,3.500641,4.4590000000000005,0.327,3.06,6.102221044752327,7.359467638255621,0.9393554087213591,0.7049829808343254,1,False,16.381602079217615,False
Jharkhand,Palamu,8657.0,2616.0,1244.0,3860.0,44.59,205.0,64,6.12,single,91,84,142,63,0.5005583150437026,0.7810909971011623,2064.0,8597.0,2.0,18.7,25.72,44.9,238.4197759038928,-0.69308074390666,11067,1,123.0,1141.0,392.465185034766,181.1747968866774,1018.0,8702.734121484784,4.4590000000000005,19.882681000000005,1.8699999999999999,2.572,4.49,5.4740328843678165,9.066123521215774,3.92465185034766,1.811747968866774,1,True,0.5282906490098549,True
Jharkhand,Paschimi Singhbhum,9907.0,2103.0,1624.0,3727.0,37.62,84.0,64,6.12,single,105,101,125,68,0.504693650953871,0.6008257749450846,2051.0,9806.0,2.0,53.36,4.88,50.2,207.0253356212779,-1.0194811749268171,12458,1,130.0,897.0,344.1312506707266,125.2903299944208,767.0,9902.302092826108,3.7619999999999996,14.152643999999997,5.336,0.488,5.0200000000000005,5.332841180081488,9.20099685697303,3.4413125067072663,1.252903299944208,1,True,-0.04742007846867402,True
Jharkhand,Purbi Singhbhum,3533.0,597.0,288.0,885.0,25.05,60.0,64,6.12,single,41,36,44,22,0.5526127801814188,0.593047861658108,1983.0,3552.0,1.0,27.85,4.75,68.8,561.2793659779225,0.5377865836399653,4504,1,47.0,813.0,176.88753479177996,89.45642717772262,766.0,3578.7721755995594,2.505,6.275024999999999,2.785,0.475,6.88,6.330218760142788,8.169902647359145,1.7688753479177997,0.8945642717772262,1,True,1.2955611548134627,True
Jharkhand,Ranchi,7698.0,735.0,997.0,1732.0,22.5,68.0,64,6.12,single,70,65,92,64,0.4330129037845328,0.5691026735453859,2785.0,7741.0,2.0,41.818904847396766,5.175008976660682,64.53038914782368,361.7822811119771,0.5585866458820421,9701,1,196.0,929.0,527.561380207444,146.47073605863676,733.0,7672.439708284054,2.25,5.0625,4.181890484739677,0.5175008976660682,6.453038914782368,5.89104259749983,8.948715833843691,5.2756138020744405,1.4647073605863676,1,True,-0.33203808412504143,True
Jharkhand,Sahibganj,1834.0,150.0,401.0,551.0,30.04,71.0,64,6.12,single,0,0,0,0,0.0,0.0,928.0,1916.0,1.0,29.15,6.44,37.6,505.99781897491823,4.471101417666312,2823,1,23.0,421.0,88.43280763074675,71.3763553551669,398.0,2201.607240305274,3.004,9.024016,2.915,0.644,3.7600000000000002,6.2265323589519275,7.51425465281641,0.8843280763074675,0.713763553551669,0,True,20.044015283820826,False
Madhya Pradesh,Balaghat,9229.0,3977.0,900.0,4877.0,52.84,25.0,70,6.15,single,25,24,11,11,0.1289929776222982,0.0567569101538112,1497.0,9253.0,1.0,21.8,7.75,68.7,162.2060895004876,0.260049842886545,11623,1,264.0,898.0,475.1345379285303,152.4751720421805,634.0,9281.690038366194,5.284000000000001,27.920656000000008,2.18,0.775,6.87,5.088867684136189,9.130105979265577,4.751345379285302,1.524751720421805,1,True,0.5709181749506298,True
Madhya Pradesh,Barwani,5422.0,315.0,626.0,941.0,17.36,67.0,70,6.15,single,0,0,0,0,0.0,0.0,1061.0,5175.0,1.0,51.25,8.870000000000001,52.3,195.68424935448172,-4.555514570269271,6828,1,115.0,979.0,378.76046390048566,152.66416674555217,864.0,5456.187765834182,1.736,3.013696,5.125,0.8870000000000001,5.2299999999999995,5.276502387537509,8.598220030058611,3.7876046390048566,1.5266416674555217,0,True,0.6305379165286285,True
Madhya Pradesh,Betul,10043.0,2957.0,677.0,3634.0,36.18,91.0,70,6.15,single,0,0,0,0,0.0,0.0,1386.0,10149.0,1.0,39.41,10.58,66.4,138.0065717415115,1.0554615154834135,12662,1,326.0,1104.0,606.6800613498993,127.4005276536085,778.0,10111.589077138608,3.618,13.089924,3.941,1.058,6.640000000000001,4.927301305338647,9.21463115339334,6.066800613498994,1.274005276536085,0,True,0.6829540688898517,True
Madhya Pradesh,Bhind,4459.0,23.0,73.0,96.0,2.15,57.0,71,6.15,single,0,0,0,0,0.0,0.0,1428.0,4536.0,1.0,0.47,21.48,70.5,320.2511773940345,1.7268445839874411,5810,1,112.0,221.0,151.4808315684933,11.260265334799012,109.0,4477.616659750043,0.215,0.046224999999999995,0.047,2.148,7.05,5.76910561725419,8.402679804627477,1.514808315684933,0.11260265334799012,0,True,0.41750750728959396,True
Madhya Pradesh,Bhopal,2772.0,204.0,188.0,392.0,14.14,48.0,71,6.15,single,1,1,1,0,0.01717858860716,0.01717858860716,1815.0,2715.0,1.0,3.29,14.0,74.60000000000001,654.7619047619048,-2.056277056277056,3465,1,421.0,603.0,484.85473741419526,28.10040184430748,182.0,2734.98295082413,1.4140000000000001,1.9993960000000004,0.329,1.4,7.460000000000001,6.484271665371295,7.927324360309794,4.848547374141953,0.2810040184430748,1,True,-1.335391384410889,True
Madhya Pradesh,Chhatarpur,8687.0,971.0,723.0,1694.0,19.5,99.0,71,6.15,single,0,0,0,0,0.0,0.0,1465.0,8775.0,1.0,3.5,23.26,53.3,168.64279958558765,1.013007942903199,11155,1,108.0,539.0,288.94598859150904,101.31852973730244,431.0,8714.440039634412,1.95,3.8024999999999998,0.35,2.326,5.33,5.127782866173384,9.06958293425992,2.88945988591509,1.0131852973730244,0,True,0.3158747511731619,True
Madhya Pradesh,Chhindwara,11815.0,2681.0,1864.0,4545.0,38.47,113.0,71,6.15,single,0,0,0,0,0.0,0.0,1819.0,11745.0,1.0,34.68,11.58,65.8,153.9568345323741,-0.5924672027084243,14876,1,316.0,1148.0,642.7995213967436,149.03579209073538,832.0,11859.192139040602,3.847,14.799408999999999,3.468,1.158,6.58,5.0366722678792515,9.377125189621008,6.427995213967436,1.4903579209073539,0,True,0.37403418570125524,True
Madhya Pradesh,Damoh,7306.0,831.0,1895.0,2726.0,37.31,5.0,71,6.15,single,0,0,0,0,0.0,0.0,1072.0,7399.0,1.0,12.56,19.49,61.8,146.7287161237339,1.2729263618943332,9391,1,306.0,686.0,393.9148808384589,63.30184893302041,380.0,7393.473410982225,3.7310000000000003,13.920361000000002,1.256,1.9489999999999998,6.18,4.988585413257656,8.896451207355227,3.939148808384589,0.6330184893302041,0,True,1.1972818366031257,True
Madhya Pradesh,Datia,2691.0,90.0,76.0,166.0,6.17,44.0,71,6.15,single,0,0,0,0,0.0,0.0,663.0,2888.0,1.0,6.390000000000001,21.87,65.3,246.3768115942029,7.320698625046451,2456,1,128.0,272.0,195.7423148317937,25.31553084156917,144.0,1902.054321519971,0.617,0.380689,0.639,2.1870000000000003,6.529999999999999,5.506862118441094,7.897668150726906,1.957423148317937,0.2531553084156917,0,True,-29.317936769975073,False
Madhya Pradesh,Dewas,7020.0,1157.0,560.0,1717.0,24.46,41.0,71,6.15,single,0,0,0,0,0.0,0.0,1306.0,7184.0,1.0,16.45,18.26,60.900000000000006,186.03988603988603,2.3361823361823357,8830,1,185.0,704.0,416.2690872195697,108.64830126767087,519.0,7007.817822031409,2.446,5.982916000000001,1.645,1.826,6.090000000000001,5.2259610917986565,8.856518497019858,4.1626908721956974,1.0864830126767087,0,True,-0.17353529869786888,True
Madhya Pradesh,Dhar,8153.0,162.0,469.0,631.0,7.74,21.0,71,6.15,single,0,0,0,0,0.0,0.0,1727.0,8147.0,1.0,54.77,6.46,52.3,211.8238685146572,-0.0735925426223471,10305,1,106.0,694.0,388.3437158382743,149.25806927525207,588.0,8193.154770808535,0.774,0.599076,5.477,0.646,5.2299999999999995,5.355755120465905,9.006141236662911,3.883437158382743,1.4925806927525207,0,True,0.4925152803696209,True
Madhya Pradesh,Dindori,7470.0,2284.0,596.0,2880.0,38.55,43.0,71,6.15,single,0,0,0,0,0.0,0.0,581.0,5666.0,1.0,64.48,5.83,54.2,77.77777777777777,-24.14993306559572,7221,1,526.0,1099.0,766.5161319378611,106.17039306363202,573.0,5724.835122426105,3.8549999999999995,14.861024999999996,6.448,0.583,5.42,4.353855757707185,8.918650278126863,7.665161319378611,1.0617039306363203,0,False,-23.362314291484545,False
Madhya Pradesh,Nimar East,10776.0,2394.0,1122.0,3516.0,32.63,2.0,71,6.15,single,0,0,0,0,0.0,0.0,1642.0,10536.0,2.0,29.68,11.07,61.8,152.37564959168523,-2.2271714922049046,13387,1,171.0,739.0,334.74310829561347,89.15014763596841,568.0,10698.802270598524,3.2630000000000003,10.647169000000002,2.968,1.107,6.18,5.026348850904311,9.2850767180902,3.3474310829561347,0.8915014763596841,0,True,-0.7163857591079847,True
Madhya Pradesh,Guna,11064.0,867.0,1346.0,2213.0,20.0,98.0,71,6.15,single,0,0,0,0,0.0,0.0,1665.0,11261.0,2.0,12.220000000000002,17.61,59.5,150.4880694143167,1.780549530007236,14160,1,309.0,536.0,448.1686448413458,42.76056263059515,227.0,11081.403275884792,2.0,4.0,1.2220000000000002,1.761,5.95,5.013883808052087,9.311451873344595,4.481686448413458,0.42760562630595156,0,True,0.15729641978301512,True
Madhya Pradesh,Gwaliar,4560.0,500.0,840.0,1340.0,29.39,95.0,71,6.15,single,0,0,0,0,0.0,0.0,1632.0,4476.0,1.0,3.49,18.91,69.4,357.89473684210526,-1.8421052631578891,6774,1,151.0,417.0,245.10970039024127,59.91387174270791,266.0,5238.952906290407,2.939,8.637721,0.34900000000000003,1.891,6.94,5.880238911997758,8.425077902508432,2.451097003902413,0.5991387174270791,0,True,14.889318120403662,False
Madhya Pradesh,Harda,3330.0,908.0,149.0,1057.0,31.74,3.0,71,6.15,single,0,0,0,0,0.0,0.0,474.0,3317.0,1.0,26.63,16.06,66.5,142.3423423423423,-0.3903903903903938,4184,1,250.0,699.0,350.47846960011924,95.5557581793535,449.0,3332.8706405880894,3.174,10.074276,2.663,1.6059999999999999,6.65,4.958235017702724,8.110727582974489,3.5047846960011926,0.955557581793535,0,True,0.08620542306574386,True
Madhya Pradesh,Hoshangabad,6707.0,1969.0,359.0,2328.0,34.71,40.0,71,6.15,single,0,0,0,0,0.0,0.0,1081.0,6676.0,1.0,15.13,15.75,70.0,161.17489190398092,-0.4622036678097463,8484,1,273.0,1211.0,389.787827307,132.66575269520598,938.0,6740.92899126127,3.471,12.047841,1.5130000000000001,1.575,7.0,5.082490060521608,8.810907036099737,3.89787827307,1.3266575269520597,0,True,0.5058743292272405,True
Madhya Pradesh,Indore,3898.0,253.0,237.0,490.0,12.57,6.0,71,6.15,single,0,0,0,0,0.0,0.0,2436.0,3792.0,1.0,6.65,15.75,75.2,624.9358645459209,-2.719343252950235,4948,1,307.0,767.0,543.2956072165191,49.2919432775114,460.0,3927.83957424603,1.2570000000000001,1.5800490000000003,0.665,1.575,7.5200000000000005,6.437649027744419,8.268218880067506,5.432956072165191,0.492919432775114,0,True,0.7655098575174435,True
Madhya Pradesh,Jabalpur,5211.0,661.0,411.0,1072.0,20.57,125.0,71,6.15,single,0,0,0,0,0.0,0.0,2136.0,4923.0,1.0,15.01,12.73,75.7,409.902130109384,-5.5267702936096725,6470,1,339.0,741.0,427.0396718206941,68.1088330085282,402.0,5116.335811626339,2.057,4.231249,1.501,1.2730000000000001,7.57,6.015918424153008,8.558527054909215,4.270396718206941,0.6810883300852819,0,True,-1.816622306153537,True
Madhya Pradesh,Jhabua,6778.0,255.0,626.0,881.0,13.0,45.0,71,6.15,single,0,0,0,0,0.0,0.0,1394.0,6826.0,2.0,86.84718794835008,2.8177187948350078,36.9092693241211,205.6653880200649,0.7081735025081137,8565,1,87.0,727.0,353.36901926825936,80.63916127401293,640.0,6804.310898608106,1.3,1.6900000000000002,8.684718794835009,0.2817718794835008,3.69092693241211,5.32625051813561,8.821437352166997,3.5336901926825934,0.8063916127401294,0,True,0.3881808587799629,True
Madhya Pradesh,Katni,4950.0,611.0,545.0,1156.0,23.35,86.0,71,6.15,single,0,0,0,0,0.0,0.0,1060.0,5127.0,1.0,23.07,11.48,63.6,214.14141414141412,3.575757575757565,6463,1,324.0,648.0,423.78229234573377,49.93206462307398,324.0,5090.628452737234,2.335,5.452224999999999,2.307,1.1480000000000001,6.36,5.366636610525513,8.507142855562735,4.237822923457338,0.4993206462307398,0,True,2.840978843176445,True
Madhya Pradesh,Mandla,5800.0,1990.0,779.0,2769.0,47.74,57.0,71,6.15,single,3,3,1,1,0.0246305418719211,0.0082101806239737,875.0,7606.0,1.0,57.23,4.62,59.6,150.86206896551724,31.13793103448277,9549,1,395.0,919.0,566.4599505273234,95.04292213320224,524.0,7584.194398882663,4.774,22.791076,5.723,0.462,5.96,5.016365968805241,8.66561319653451,5.664599505273234,0.9504292213320223,1,False,30.76197239452867,False
Madhya Pradesh,Mandsaur,5535.0,87.0,175.0,262.0,4.73,24.0,71,6.15,single,0,0,0,0,0.0,0.0,1168.0,5336.0,1.0,3.17,17.93,70.3,211.0207768744354,-3.595302619692864,7215,1,347.0,544.0,437.3618668823861,33.017064276259454,197.0,5662.7871817797695,0.47300000000000003,0.22372900000000004,0.317,1.793,7.029999999999999,5.351956597227572,8.618846845142738,4.373618668823861,0.33017064276259456,0,True,2.3087115046028783,True
Madhya Pradesh,Morena,4989.0,228.0,646.0,874.0,17.52,278.0,71,6.15,single,0,0,0,0,0.0,0.0,1580.0,5129.0,1.0,0.8100000000000002,21.079999999999995,64.7,316.69673281218684,2.8061735818801337,6500,1,112.0,418.0,196.2444100574376,52.53931644182909,306.0,5009.6788339680015,1.752,3.069504,0.08100000000000002,2.1079999999999997,6.470000000000001,5.757944637142113,8.514990767861038,1.962444100574376,0.5253931644182909,0,True,0.4144885541792265,True
Madhya Pradesh,Narshimhapur,5133.0,812.0,500.0,1312.0,25.56,92.0,71,6.15,single,0,0,0,0,0.0,0.0,940.0,5135.0,1.0,12.87,17.81,69.7,183.12877459575296,0.0389635690629219,6526,1,306.0,898.0,396.878979830269,83.7292037092836,592.0,5172.0717260930205,2.556,6.533136,1.287,1.781,6.970000000000001,5.210189591685883,8.543445562560303,3.96878979830269,0.837292037092836,0,True,0.7611869490165679,True
Madhya Pradesh,Neemuch,4256.0,298.0,601.0,899.0,21.12,59.0,71,6.15,single,0,0,0,0,0.0,0.0,721.0,4451.0,1.0,8.51,12.55,66.2,169.4078947368421,4.58176691729324,5352,1,364.0,593.0,465.503280596765,43.2413520579746,229.0,4187.495184763047,2.112,4.4605440000000005,0.851,1.2550000000000001,6.62,5.132309385245605,8.35608503102148,4.65503280596765,0.432413520579746,0,True,-1.6096056211689969,True
Madhya Pradesh,Panna,7135.0,905.0,1817.0,2722.0,38.15,199.0,71,6.15,single,0,0,0,0,0.0,0.0,855.0,6929.0,1.0,15.39,20.0,61.400000000000006,119.83181499649616,-2.887175893482829,9087,1,129.0,618.0,366.10585422348686,85.82026468794759,489.0,7120.268861225112,3.815,14.554224999999999,1.5390000000000001,2.0,6.140000000000001,4.786089218007961,8.872767529910936,3.6610585422348687,0.8582026468794759,0,True,-0.20646305220585193,True
Madhya Pradesh,Raisen,8466.0,1589.0,1107.0,2696.0,31.85,79.0,71,6.15,single,0,0,0,0,0.0,0.0,1104.0,8414.0,1.0,15.739999999999998,16.37,72.2,130.40396881644224,-0.6142215922513627,10794,1,300.0,647.0,440.26742755284937,82.04490749969419,347.0,8536.667379000965,3.185,10.144225,1.5739999999999998,1.637,7.220000000000001,4.870637084738309,9.04381342108087,4.4026742755284936,0.8204490749969419,0,True,0.8347198086577468,True
Madhya Pradesh,Rajgarh,6153.0,197.0,71.0,268.0,4.36,33.0,71,6.15,single,0,0,0,0,0.0,0.0,1254.0,6253.0,1.0,3.78,17.44,53.7,203.8030229156509,1.6252234682268885,7826,1,321.0,535.0,426.0529049063357,28.998082702185386,214.0,6159.09162039912,0.43600000000000005,0.19009600000000004,0.378,1.7440000000000002,5.37,5.317153953434513,8.724695046740491,4.260529049063357,0.28998082702185385,0,True,0.09900244432179406,True
Madhya Pradesh,Ratlam,4861.0,7.0,177.0,184.0,3.79,66.0,71,6.15,single,0,0,0,0,0.0,0.0,1221.0,4821.0,1.0,22.09,11.94,69.0,251.18288418020984,-0.8228759514503192,6144,1,282.0,583.0,457.3847697618842,50.94128317096067,301.0,4848.715401222158,0.379,0.143641,2.209,1.194,6.9,5.526181296047386,8.488999457045455,4.573847697618842,0.5094128317096067,0,True,-0.2527175226875511,True
Madhya Pradesh,Rewa,6314.0,283.0,360.0,643.0,10.18,73.0,71,6.15,single,0,0,0,0,0.0,0.0,1967.0,6340.0,1.0,12.87,15.570000000000002,62.00000000000001,311.52993348115297,0.4117833386126035,8115,1,98.0,620.0,290.2903583495314,95.06702079372374,522.0,6341.715677424492,1.018,1.036324,1.287,1.5570000000000002,6.200000000000001,5.741495428253259,8.750524669117937,2.902903583495314,0.9506702079372374,0,True,0.4389559300679746,True
Madhya Pradesh,Sagar,10252.0,1292.0,1525.0,2817.0,27.48,69.0,71,6.15,single,0,0,0,0,0.0,0.0,2003.0,10466.0,1.0,9.72,20.54,67.7,195.37651190011704,2.0873975809598155,13089,1,344.0,633.0,461.4730729451326,50.68621284914303,289.0,10302.08934941792,2.748,7.551504000000001,0.9720000000000001,2.054,6.7700000000000005,5.274928527163993,9.235228087483963,4.614730729451327,0.5068621284914303,0,True,0.48858124676083303,True
Madhya Pradesh,Satna,7502.0,666.0,998.0,1664.0,22.18,139.0,71,6.15,single,0,0,0,0,0.0,0.0,1861.0,7673.0,1.0,14.339999999999998,16.27,64.60000000000001,248.0671820847774,2.279392162090099,9626,1,138.0,651.0,357.9356532464776,73.07977495732614,513.0,7535.893488665626,2.218,4.919524,1.4339999999999997,1.627,6.460000000000001,5.5136996049825555,8.922924930641832,3.579356532464776,0.7307977495732614,0,True,0.45179270415389716,True
Madhya Pradesh,Sehore,6578.0,739.0,698.0,1437.0,21.85,29.0,71,6.15,single,0,0,0,0,0.0,0.0,1067.0,6544.0,1.0,10.76,20.49,63.1,162.20735785953178,-0.5168744299179129,8326,1,273.0,625.0,443.479582593318,88.04900315712902,352.0,6595.851792441182,2.185,4.774225,1.076,2.049,6.3100000000000005,5.088875503534888,8.791486026749002,4.43479582593318,0.8804900315712902,0,True,0.2713863247367332,True
Madhya Pradesh,Seoni,8758.0,2237.0,910.0,3147.0,35.93,59.0,71,6.15,single,0,0,0,0,0.0,0.0,1166.0,8774.0,1.0,36.78,10.34,65.60000000000001,133.13541904544417,0.1826901118976875,11045,1,323.0,874.0,532.7875397410161,79.86388835787338,551.0,8792.971851903425,3.593,12.909649,3.678,1.034,6.5600000000000005,4.891366798531231,9.077722847361343,5.3278753974101605,0.7986388835787338,0,True,0.39931322109414413,True
Madhya Pradesh,Shahdol,9952.0,1005.0,1521.0,2526.0,25.38,132.0,71,6.15,single,0,0,0,0,0.0,0.0,1548.0,9541.0,2.0,44.48,7.36,58.70000000000001,155.54662379421222,-4.1298231511254,12049,1,264.0,1121.0,540.5115653694775,161.19264195756764,857.0,9515.847758906,2.538,6.441443999999999,4.4479999999999995,0.736,5.870000000000001,5.046945518152849,9.20552881497896,5.405115653694775,1.6119264195756764,0,True,-4.382558692664784,True
Madhya Pradesh,Shajapur,6195.0,148.0,2.0,150.0,2.42,3.0,71,6.15,single,0,0,0,0,0.0,0.0,1283.0,6219.0,1.0,2.74,21.98,70.9,207.10250201775625,0.3874092009685137,8024,1,328.0,537.0,449.745723674969,35.98769690488662,209.0,6328.589269493277,0.242,0.058564,0.274,2.198,7.090000000000001,5.3332138495345305,8.731497794063243,4.49745723674969,0.3598769690488662,0,True,2.1564046730149666,True
Madhya Pradesh,Sheopur,6606.0,2070.0,1679.0,3749.0,56.75,222.0,71,6.15,single,0,0,0,0,0.0,0.0,553.0,6663.0,1.0,21.53,16.16,46.40000000000001,83.71177717226763,0.862851952770205,8478,1,154.0,503.0,305.1016946658755,80.88448144598983,349.0,6571.183209173694,5.675,32.205625,2.153,1.616,4.6400000000000015,4.427379674553737,8.795733605950735,3.051016946658755,0.8088448144598983,0,True,-0.5270479991871913,True
Madhya Pradesh,Shivpuri,10277.0,1054.0,1492.0,2546.0,24.77,356.0,71,6.15,single,0,0,0,0,0.0,0.0,1404.0,10007.0,1.0,11.19,18.78,58.900000000000006,136.61574389413252,-2.627225844117931,13482,1,201.0,501.0,380.2627120090813,70.4217916001492,300.0,10483.763790103214,2.477,6.135528999999999,1.119,1.8780000000000001,5.890000000000001,4.91717219594282,9.237663667625073,3.802627120090813,0.7042179160014921,0,True,2.0119080480997864,True
Madhya Pradesh,Sidhi,10526.0,2470.0,1624.0,4094.0,38.89,89.0,71,6.15,single,0,0,0,0,0.0,0.0,1820.0,10439.0,2.0,29.89,11.85,52.30000000000001,172.90518715561467,-0.826524795743877,13510,1,176.0,783.0,365.3065809847166,88.55061425835058,607.0,10602.961845710352,3.8890000000000002,15.124321000000002,2.989,1.185,5.230000000000001,5.152743393139254,9.261603665913725,3.653065809847166,0.8855061425835058,0,True,0.7311594690324164,True
Madhya Pradesh,Tikamgarh,5048.0,127.0,227.0,354.0,7.01,49.0,71,6.15,single,0,0,0,0,0.0,0.0,1203.0,5025.0,1.0,4.32,24.29,55.7,238.3122028526149,-0.4556259904912818,6523,1,164.0,387.0,288.8371665460175,45.48885542886325,223.0,5087.967564408019,0.701,0.4914009999999999,0.43200000000000005,2.429,5.57,5.473581590735767,8.52674740422105,2.888371665460175,0.4548885542886325,0,True,0.7917504835186051,True
Madhya Pradesh,Ujjain,6091.0,32.0,5.0,37.0,0.61,9.0,71,6.15,single,0,0,0,0,0.0,0.0,1698.0,6144.0,1.0,3.11,24.72,70.9,278.7719586274832,0.8701362666228896,7743,1,422.0,548.0,489.9864096547123,19.02689840510711,126.0,6118.457897285774,0.061,0.003721,0.311,2.472,7.090000000000001,5.630394095016945,8.714567550836485,4.899864096547123,0.19026898405107112,0,True,0.45079457044450155,True
Madhya Pradesh,Umaria,4076.0,1100.0,699.0,1799.0,44.14,28.0,71,6.15,single,0,0,0,0,0.0,0.0,516.0,4700.0,1.0,44.04,6.8100000000000005,59.1,126.594700686948,15.309126594700697,5844,1,320.0,937.0,467.09404438679553,78.3471451165792,617.0,4609.769277359188,4.414,19.483396,4.404,0.681,5.91,4.840990650121085,8.312871394342615,4.670940443867956,0.783471451165792,0,False,13.095418973483518,False
Madhya Pradesh,Vidisha,7371.0,437.0,441.0,878.0,11.91,111.0,71,6.15,single,0,0,0,0,0.0,0.0,1205.0,7225.0,1.0,4.88,19.85,61.8,163.47849681183015,-1.980735314068649,9318,1,387.0,576.0,452.1777755414042,40.27220231050865,189.0,7331.523471912158,1.191,1.418481,0.488,1.985,6.18,5.096681463717604,8.905308661189288,4.521777755414042,0.40272202310508654,0,True,-0.5355654332904858,True
Madhya Pradesh,Nimar West,8030.0,541.0,545.0,1086.0,13.52,43.0,71,6.15,single,0,0,0,0,0.0,0.0,1508.0,8244.0,1.0,35.480000000000004,11.409999999999998,63.0,187.79576587795765,2.6650062266500685,10142,1,131.0,898.0,322.4149668543046,150.01307828234133,767.0,8096.752037740014,1.3519999999999999,1.8279039999999998,3.5480000000000005,1.1409999999999998,6.3,5.235355020609231,8.990939806940807,3.2241496685430464,1.5001307828234132,0,True,0.8312831599005532,True
Maharashtra,Ahmadnagar,17048.0,193.0,119.0,312.0,1.83,379.0,73,6.16,single,0,0,0,0,0.0,0.0,4015.0,17099.0,1.0,7.51,12.0,75.3,235.51149694978884,0.2991553261379565,21125,1,437.0,1397.0,613.3545325006831,119.07601531701955,960.0,17167.50222441022,0.183,0.033489,0.751,1.2,7.529999999999999,5.461759731584546,9.743788173778453,6.133545325006832,1.1907601531701955,0,True,0.7009750376010038,True
Maharashtra,Akola,5390.0,204.0,157.0,361.0,6.7,39.0,73,6.16,single,0,0,0,0,0.0,0.0,1630.0,5445.0,1.0,9.91,13.73,82.0,302.41187384044525,1.0204081632652962,6733,1,239.0,844.0,312.164779297523,49.77106504063523,605.0,5418.345727914109,0.67,0.4489000000000001,0.991,1.373,8.2,5.7117899088799025,8.592300663903043,3.12164779297523,0.49771065040635226,0,True,0.5258947664955382,True
Maharashtra,Amravati,12210.0,2193.0,944.0,3137.0,25.69,136.0,73,6.16,single,0,0,0,0,0.0,0.0,2606.0,12228.0,1.0,13.68,17.13,82.5,213.43161343161344,0.1474201474201519,15296,1,257.0,1128.0,414.760579017836,149.22543295400652,871.0,12273.215848012253,2.569,6.599761,1.3679999999999999,1.7129999999999999,8.25,5.363316469562177,9.41001056710475,4.14760579017836,1.4922543295400652,0,True,0.517738312958671,True
Maharashtra,Aurangabad,10107.0,148.0,341.0,489.0,4.84,371.0,73,6.16,single,0,0,0,0,0.0,0.0,2903.0,10173.0,1.0,3.4599999999999995,12.98,72.9,287.2266745819729,0.6530127634312821,12564,1,283.0,905.0,571.4935976360393,101.16005224019814,622.0,10158.538382559536,0.484,0.234256,0.346,1.298,7.290000000000001,5.660271710932104,9.220983532074662,5.714935976360393,1.0116005224019815,0,True,0.5099276002724418,True
Maharashtra,Bhandara,3588.0,686.0,241.0,927.0,25.84,29.0,73,6.16,single,0,0,0,0,0.0,0.0,1136.0,4080.0,1.0,8.6,17.77,78.5,316.6109253065775,13.712374581939793,4840,1,213.0,451.0,271.3163948510524,36.007478479143806,238.0,3885.074708934773,2.584,6.677056,0.86,1.777,7.85,5.757673655084547,8.185350223178686,2.713163948510524,0.36007478479143806,0,False,8.279674162061678,False
Maharashtra,Bid,10693.0,206.0,55.0,261.0,2.44,389.0,73,6.16,single,0,0,0,0,0.0,0.0,2161.0,10641.0,1.0,1.12,13.01,68.0,202.09482839240624,-0.4862994482371596,13626,1,387.0,872.0,583.53769777423,112.2763524063945,485.0,11091.773237942749,0.244,0.059536,0.11200000000000002,1.301,6.8,5.308737034732366,9.277344600756656,5.8353769777423,1.1227635240639449,0,True,3.7292924150635898,True
Maharashtra,Mumbai City,157.0,0.0,1.0,1.0,0.64,0.0,73,6.16,single,0,0,0,0,0.0,0.0,3338.0,77.0,1.0,0.62,5.5,86.4,21261.146496815287,-50.955414012738856,186,1,0.0,34.0,4.45645166781792,5.784731200456257,34.0,151.38159596231282,0.064,0.004096,0.062,0.55,8.64,9.96463657785561,5.056245805348308,0.0445645166781792,0.05784731200456257,0,False,-3.5786012978899273,False
Maharashtra,Mumbai Suburb,446.0,53.0,29.0,82.0,18.39,3.0,73,6.16,single,0,0,0,0,0.0,0.0,8640.0,403.0,1.0,0.8200000000000001,4.65,86.9,19372.19730941704,-9.64125560538116,553,1,0.0,395.0,30.209646702678025,54.09875209695748,395.0,449.6151014153664,1.839,3.3819209999999997,0.082,0.465,8.690000000000001,9.871594188760174,6.100318952020064,0.3020964670267803,0.5409875209695748,0,True,0.8105608554633159,True
Maharashtra,Buldana,9661.0,233.0,386.0,619.0,6.41,77.0,73,6.16,single,0,0,0,0,0.0,0.0,2232.0,9704.0,1.0,5.16,10.82,75.8,231.03198426663903,0.4450885001552551,12172,1,218.0,817.0,449.3854886591057,139.52431233384286,599.0,9810.550324233309,0.641,0.410881,0.516,1.082,7.58,5.442556160965829,9.17585244151751,4.493854886591057,1.3952431233384286,0,True,1.5479797560636444,True
Maharashtra,Chandrapur,11443.0,2755.0,1192.0,3947.0,34.49,84.0,73,6.16,single,0,0,0,0,0.0,0.0,2071.0,11342.0,1.0,18.12,14.34,73.2,180.984007690291,-0.8826356724635165,14056,1,147.0,534.0,231.8466879035309,55.72373259111654,387.0,11357.927872302897,3.4490000000000003,11.895601000000003,1.812,1.434,7.32,5.1984086720600065,9.345133468317714,2.318466879035309,0.5572373259111654,0,True,-0.7434425211666817,True
Maharashtra,Dhule,7189.0,96.0,397.0,493.0,6.86,151.0,74,6.16,single,0,0,0,0,0.0,0.0,1708.0,7143.0,1.0,25.969999999999995,6.390000000000001,71.60000000000001,237.58519961051607,-0.6398664626512729,8995,1,117.0,1033.0,347.91900450540226,150.14510191656248,916.0,7221.246649284289,0.686,0.47059600000000007,2.5969999999999995,0.639,7.160000000000001,5.47052629434678,8.880307358983872,3.4791900450540227,1.5014510191656247,0,True,0.44855542195421094,True
Maharashtra,Gadchiroli,14412.0,7852.0,2204.0,10056.0,69.78,54.0,74,6.16,single,277,267,319,180,0.915242588847918,1.0540158333663747,970.0,14310.0,1.0,38.31,11.22,60.1,67.30502359145157,-0.7077435470441262,17936,1,83.0,860.0,252.32188082403516,90.04313058818138,777.0,14523.293448620769,6.978,48.69248399999999,3.8310000000000004,1.122,6.01,4.209234878611582,9.575816471867984,2.5232188082403515,0.9004313058818139,1,True,0.7722276479376067,True
Maharashtra,Gondiya,5733.0,1636.0,538.0,2174.0,37.92,43.0,74,6.16,single,10,9,15,5,0.0830613075511034,0.1245919613266552,1201.0,5200.0,1.0,16.36,13.97,78.5,209.48892377463807,-9.297052154195008,6860,1,223.0,667.0,314.887885727845,51.64444940429489,444.0,5505.7902684239925,3.7920000000000003,14.379264000000003,1.636,1.397,7.85,5.344670868153738,8.653994232908383,3.14887885727845,0.5164444940429489,1,True,-3.9631908525380677,True
Maharashtra,Hingoli,4686.0,48.0,69.0,117.0,2.5,74.0,74,6.16,single,0,0,0,0,0.0,0.0,981.0,4711.0,1.0,8.8,10.2,66.3,209.3469910371319,0.5335040546308178,5823,1,360.0,574.0,456.6151281615399,47.53680042911245,214.0,4720.23858122206,0.25,0.0625,0.8800000000000001,1.02,6.63,5.343993119479759,8.452334619067742,4.566151281615399,0.4753680042911245,0,True,0.7306568762710297,True
Maharashtra,Jalgaon,11765.0,451.0,791.0,1242.0,10.56,106.0,74,6.16,single,0,0,0,0,0.0,0.0,3653.0,11883.0,1.0,11.84,7.79,75.4,310.4972375690608,1.002974925626865,14731,1,138.0,956.0,281.927459002823,100.87844743379988,818.0,11839.974052637792,1.056,1.1151360000000001,1.184,0.779,7.540000000000001,5.7381750046159565,9.372884301161463,2.8192745900282303,1.0087844743379988,0,True,0.6372635158333306,True
Maharashtra,Jalna,7718.0,85.0,17.0,102.0,1.32,60.0,74,6.16,single,0,0,0,0,0.0,0.0,1607.0,7636.0,1.0,2.0,11.23,64.4,208.214563358383,-1.062451412282972,9648,1,368.0,717.0,511.0297323465081,61.24573424274156,349.0,7810.901045908287,0.132,0.017424000000000002,0.2,1.123,6.44,5.338569102622086,8.951310542097564,5.1102973234650815,0.6124573424274157,0,True,1.2036932613149531,True
Maharashtra,Raigarh,7152.0,1214.0,1074.0,2288.0,31.99,375.0,74,6.16,single,0,0,0,0,0.0,0.0,2208.0,6968.0,1.0,12.19,2.43,77.0,308.7248322147651,-2.572706935123048,8826,1,0.0,1166.0,122.9319294711009,134.68002383416157,1166.0,7202.015017666021,3.199,10.233600999999998,1.2189999999999999,0.24300000000000002,7.7,5.732450369525773,8.87514731685335,1.229319294711009,1.3468002383416158,0,True,0.6993151239656159,True
Maharashtra,Kolhapur,7685.0,1145.0,669.0,1814.0,23.6,131.0,74,6.16,single,0,0,0,0,0.0,0.0,3519.0,7756.0,1.0,0.61,12.76,76.9,457.9050097592713,0.923877683799601,9343,1,56.0,1025.0,666.0065757048671,107.40418225238012,969.0,7710.234187811079,2.3600000000000003,5.569600000000001,0.061,1.276,7.69,6.126661760331026,8.947025655972697,6.660065757048671,1.0740418225238013,0,True,0.3283563801051326,True
Maharashtra,Latur,7157.0,66.0,0.0,66.0,0.92,14.0,74,6.16,single,0,0,0,0,0.0,0.0,2080.0,7131.0,1.0,2.3000000000000003,19.43,71.5,290.62456336453823,-0.3632807042056707,8305,1,423.0,699.0,594.3495358951344,48.27779526261706,276.0,6783.114496042337,0.092,0.008464,0.23000000000000004,1.943,7.15,5.672032273938903,8.875846177738598,5.943495358951344,0.4827779526261706,0,True,-5.224053429616637,True
Maharashtra,Nagpur,9892.0,1412.0,550.0,1962.0,19.83,93.0,74,6.16,single,1,1,16,0,0.0048138948260258,0.0770223172164134,4059.0,9894.0,1.0,10.93,17.12,84.00000000000001,410.3315810756167,0.0202183582693082,12433,1,230.0,564.0,336.3043592689788,69.15313445906413,334.0,9976.814783754204,1.9829999999999999,3.9322889999999995,1.093,1.7120000000000002,8.400000000000002,6.016965567179728,9.199481628641307,3.363043592689788,0.6915313445906414,1,True,0.8574078422382003,True
Maharashtra,Nanded,10528.0,495.0,358.0,853.0,8.1,61.0,74,6.16,single,0,0,0,0,0.0,0.0,2845.0,10598.0,1.0,8.82,17.32,67.8,270.2317629179331,0.6648936170212671,13097,1,236.0,622.0,404.035249224198,57.09486599580634,386.0,10649.077902753434,0.8099999999999999,0.6560999999999999,0.882,1.732,6.779999999999999,5.59927997197747,9.261793653565098,4.04035249224198,0.5709486599580633,0,True,1.1500560671868776,True
Maharashtra,Nandurbar,5961.0,537.0,901.0,1438.0,24.12,50.0,74,6.16,single,0,0,0,0,0.0,0.0,1308.0,5906.0,1.0,65.53,3.16,55.8,219.4262707599396,-0.9226639825532624,7408,1,79.0,1116.0,315.00030630559417,201.5132265332909,1037.0,5929.4268278862855,2.412,5.817743999999999,6.553,0.316,5.58,5.391016279779355,8.692993531219926,3.1500030630559417,2.015132265332909,0,True,-0.5296623404414391,True
Maharashtra,Nashik,15530.0,422.0,676.0,1098.0,7.07,1078.0,74,6.16,single,0,0,0,0,0.0,0.0,4982.0,15478.0,1.0,23.92,8.540000000000001,74.4,320.7984546039923,-0.3348358016741826,19366,1,108.0,1293.0,597.1563514949743,130.7316337940664,1185.0,15634.491597923845,0.7070000000000001,0.4998490000000001,2.3920000000000003,0.8540000000000001,7.44,5.77081305866153,9.650528916142733,5.971563514949743,1.307316337940664,0,True,0.6728370761355018,True
Maharashtra,Osmanabad,7569.0,60.0,32.0,92.0,1.22,61.0,74,6.16,single,0,0,0,0,0.0,0.0,1485.0,7614.0,1.0,1.87,16.53,69.0,196.1950059453032,0.5945303210463715,9304,1,472.0,790.0,612.4566609127595,65.29375642013085,318.0,7606.529360835022,0.122,0.014884,0.187,1.653,6.9,5.27910909290977,8.931816237309167,6.124566609127595,0.6529375642013084,0,True,0.4958298432424568,True
Maharashtra,Parbhani,6355.0,107.0,27.0,134.0,2.11,10.0,74,6.16,single,0,0,0,0,0.0,0.0,1528.0,6349.0,1.0,2.3000000000000003,9.98,66.10000000000001,240.44059795436664,-0.094413847364283,7843,1,364.0,575.0,420.8595982956184,35.75967952470879,211.0,6370.613145344025,0.211,0.044521,0.23000000000000004,0.998,6.610000000000001,5.482473065085048,8.756997183623554,4.208595982956184,0.3575967952470879,0,True,0.24568285356452169,True
Maharashtra,Pune,15643.0,649.0,665.0,1314.0,8.4,739.0,74,6.16,single,0,0,0,0,0.0,0.0,7225.0,15636.0,1.0,3.62,10.53,80.5,461.8679281467749,-0.0447484497858474,19296,1,151.0,1343.0,657.3091308381705,124.4033251579024,1192.0,15740.5465555554,0.8400000000000001,0.7056000000000001,0.362,1.053,8.05,6.135278980401,9.657778811561771,6.573091308381705,1.244033251579024,0,True,0.6235795918647424,True
Maharashtra,Ratnagiri,8208.0,1905.0,306.0,2211.0,26.94,279.0,74,6.16,single,0,0,0,0,0.0,0.0,1690.0,8281.0,1.0,1.18,1.44,75.0,205.89668615984405,0.8893762183235898,10107,1,0.0,1076.0,165.52052546696865,123.23073893514872,1076.0,8305.26015257608,2.694,7.257636,0.118,0.144,7.5,5.327374519488705,9.012864567410551,1.6552052546696865,1.2323073893514873,0,True,1.1849433793382103,True
Maharashtra,Sangli,8572.0,102.0,48.0,150.0,1.75,63.0,74,6.16,single,0,0,0,0,0.0,0.0,2577.0,8518.0,1.0,0.6900000000000001,12.13,76.60000000000001,300.6299580027998,-0.6299580027998131,10466,1,465.0,1087.0,636.5052638851031,82.81044938609368,622.0,8607.931429030928,0.175,0.030624999999999996,0.069,1.213,7.660000000000001,5.705880133041035,9.056256356593467,6.365052638851031,0.8281044938609368,0,True,0.4191720605567939,True
Maharashtra,Satara,10480.0,581.0,328.0,909.0,8.67,513.0,74,6.16,single,0,0,0,0,0.0,0.0,2793.0,10614.0,1.0,0.78,8.76,78.2,266.50763358778624,1.2786259541984757,12882,1,506.0,1404.0,743.3173838791407,140.93216830994504,898.0,10562.762764133306,0.867,0.7516889999999999,0.078,0.876,7.82,5.585402887052281,9.257223957875032,7.433173838791407,1.4093216830994504,0,True,0.7897210318063452,True
Maharashtra,Sholapur,14895.0,37.0,16.0,53.0,0.36,16.0,74,6.16,single,0,0,0,0,0.0,0.0,3850.0,14811.0,1.0,1.79,15.02,71.2,258.47599865726755,-0.5639476334340365,18281,1,416.0,828.0,505.3500947954872,46.13619847521991,412.0,14979.52966750366,0.036,0.0012959999999999998,0.179,1.502,7.12,5.554802841116584,9.608780865147382,5.0535009479548725,0.46136198475219914,0,True,0.5675036421863844,True
Maharashtra,Sindhudurg,5207.0,1970.0,408.0,2378.0,45.67,109.0,74,6.16,single,0,0,0,0,0.0,0.0,862.0,5071.0,1.0,0.5700000000000001,4.44,80.30000000000001,165.54637987324756,-2.6118686383714285,6173,1,1.0,987.0,150.12085009601677,168.6426273446174,986.0,5102.993798312093,4.567,20.857489,0.05700000000000001,0.44400000000000006,8.030000000000001,5.109251396482931,8.557759153162898,1.5012085009601677,1.6864262734461741,0,True,-1.9974304145939592,True
Maharashtra,Thane,9558.0,1253.0,1418.0,2671.0,27.95,333.0,74,6.16,single,0,0,0,0,0.0,0.0,7906.0,9554.0,1.0,14.75,4.18,80.7,827.1604938271605,-0.0418497593638877,11796,1,0.0,1270.0,126.36131825117384,130.4483710014308,1270.0,9562.97425480237,2.795,7.812024999999999,1.475,0.418,8.07,6.717998743700664,9.165133779138104,1.2636131825117385,1.3044837100143079,0,True,0.052042841623456404,True
Maharashtra,Wardha,6309.0,592.0,254.0,846.0,13.41,57.0,74,6.16,single,0,0,0,0,0.0,0.0,1237.0,6308.0,1.0,12.49,12.83,80.10000000000001,196.0691076240292,-0.0158503724837499,7890,1,201.0,562.0,298.2281237062932,77.28080779661049,361.0,6347.450729005587,1.341,1.798281,1.249,1.283,8.010000000000002,5.278467187003816,8.74973246437081,2.9822812370629324,0.7728080779661048,0,True,0.6094583770104078,True
Maharashtra,Washim,5184.0,128.0,207.0,335.0,6.46,38.0,74,6.16,single,0,0,0,0,0.0,0.0,1021.0,5131.0,1.0,6.95,15.94,73.4,196.9521604938272,-1.0223765432098797,6464,1,307.0,590.0,468.8466130706546,66.36900347319131,283.0,5219.248850559517,0.646,0.417316,0.6950000000000001,1.5939999999999999,7.340000000000001,5.282960859114692,8.55333223803211,4.688466130706546,0.6636900347319131,0,True,0.6799546790030364,True
Maharashtra,Yavatmal,13582.0,1380.0,1170.0,2550.0,18.77,122.0,74,6.16,single,0,0,0,0,0.0,0.0,2423.0,13595.0,1.0,19.26,10.28,73.60000000000001,178.39787954645854,0.095714916801648,16832,1,174.0,553.0,322.83119975814094,72.56036715548295,379.0,13604.06845392337,1.877,3.523129,1.9260000000000002,1.028,7.360000000000001,5.184016334124926,9.516500665673737,3.228311997581409,0.7256036715548295,0,True,0.16248309470894284,True
Odisha,Angul,6375.0,1658.0,992.0,2650.0,41.57,156.0,82,6.21,single,2,2,2,2,0.0149393090569561,0.0149393090569561,1111.0,6320.0,1.0,11.67,17.2,68.8,174.27450980392155,-0.8627450980392193,7958,1,60.0,946.0,214.71031844765187,131.7609458309097,886.0,6394.050054458914,4.157,17.280649,1.167,1.72,6.88,5.16063169859514,8.760139370026627,2.147103184476519,1.317609458309097,1,True,0.29882438366923836,True
Odisha,Baleshwar,3806.0,147.0,159.0,306.0,8.04,51.0,82,6.21,single,0,0,0,0,0.0,0.0,1994.0,3676.0,1.0,11.28,18.84,70.60000000000001,523.9096163951655,-3.415659485023648,4848,1,0.0,659.0,31.81878209243496,65.31115203435269,659.0,3881.976784929627,0.8039999999999999,0.6464159999999999,1.128,1.884,7.0600000000000005,6.261319181647826,8.244334047856094,0.3181878209243496,0.6531115203435269,0,True,1.9962371237421728,True
Odisha,Baragarh,5837.0,423.0,481.0,904.0,15.49,112.0,82,6.21,single,8,8,4,3,0.065265098672671,0.0326325493363355,1346.0,5878.0,1.0,19.36,19.37,64.0,230.59790988521505,0.7024156244646251,7251,1,122.0,972.0,226.15888930690105,79.21285508530805,850.0,5816.823474308579,1.549,2.3994009999999997,1.936,1.937,6.4,5.440675543983019,8.671972245203792,2.2615888930690105,0.7921285508530805,1,True,-0.3456660217820984,True
Odisha,Bhadrak,2505.0,23.0,8.0,31.0,1.24,0.0,82,6.21,single,0,0,0,0,0.0,0.0,1334.0,2531.0,1.0,1.88,21.5,73.9,532.5349301397206,1.037924151696612,3101,1,0.0,44.0,9.931915205988185,9.046690056741385,44.0,2491.5930156460627,0.124,0.015375999999999999,0.188,2.15,7.390000000000001,6.2776484919387405,7.826044013518965,0.09931915205988184,0.09046690056741385,0,True,-0.5352089562450035,True
Odisha,Bolangir,6575.0,504.0,488.0,992.0,15.09,310.0,82,6.21,single,14,12,4,3,0.1013941698352344,0.0289697628100669,1336.0,6399.0,1.0,20.63,16.92,55.7,203.19391634980988,-2.676806083650185,8188,1,129.0,969.0,240.5675181306875,73.07586079411831,840.0,6596.131635643129,1.509,2.277081,2.0629999999999997,1.6920000000000002,5.57,5.314160776032763,8.791029857045965,2.405675181306875,0.7307586079411831,1,True,0.32139369799435435,True
Odisha,Boudh,3098.0,770.0,510.0,1280.0,41.32,71.0,82,6.21,single,1,1,0,0,0.015370899812475,0.0,373.0,3066.0,1.0,12.47,21.88,57.70000000000001,120.40025823111684,-1.0329244673983218,3893,1,59.0,759.0,209.16958845414007,128.80871587158947,700.0,3134.9930729360976,4.132,17.073423999999996,1.247,2.1879999999999997,5.770000000000001,4.790821677649139,8.038512020976814,2.0916958845414007,1.2880871587158946,1,True,1.1940953174983004,True
Odisha,Cuttack,3932.0,362.0,294.0,656.0,16.68,183.0,82,6.21,single,0,0,0,0,0.0,0.0,2337.0,3823.0,1.0,3.5700000000000003,19.08,76.7,594.354018311292,-2.7721261444557443,4930,1,0.0,605.0,64.62496855966879,82.27514516790971,605.0,3975.205539684453,1.668,2.782224,0.35700000000000004,1.908,7.67,6.387475132253938,8.276903481267057,0.6462496855966878,0.8227514516790971,0,True,1.0988184049962602,True
Odisha,Deogarh,2940.0,781.0,577.0,1358.0,46.19,12.0,82,6.21,single,5,5,3,3,0.0809847748623258,0.0485908649173955,274.0,3012.0,1.0,33.6,15.37,60.400000000000006,93.19727891156462,2.448979591836742,3530,1,107.0,719.0,248.96118102117595,118.3487825456176,612.0,2827.0739316417207,4.619,21.335161,3.3600000000000003,1.537,6.040000000000001,4.53471852503748,7.986164860332727,2.4896118102117595,1.183487825456176,1,True,-3.8410227332748015,True
Odisha,Dhenkanal,4452.0,660.0,606.0,1266.0,28.44,179.0,82,6.21,single,2,2,3,0,0.0213922046806143,0.0320883070209215,1065.0,4413.0,1.0,12.79,18.49,69.4,239.21832884097037,-0.8760107816711549,5581,1,25.0,621.0,113.2019500535508,75.49651989227131,596.0,4488.997681717056,2.8440000000000003,8.088336000000002,1.279,1.8489999999999998,6.94,5.477376644730227,8.401108712395436,1.132019500535508,0.7549651989227131,1,True,0.8310350789994647,True
Odisha,Gajpati,4325.0,1429.0,1123.0,2552.0,59.01,205.0,82,6.21,single,4,4,11,2,0.0440407376823561,0.1211120286264794,519.0,4235.0,1.0,50.78,7.5,41.3,120.0,-2.0809248554913284,5018,1,44.0,1375.0,520.1208021925161,251.31447742136805,1331.0,4078.723701137833,5.901,34.821801,5.078,0.75,4.13,4.787491742782046,8.37216741936598,5.201208021925161,2.5131447742136803,1,True,-5.6942496846743795,True
Odisha,Ganjam,8206.0,1095.0,1093.0,2188.0,26.66,870.0,82,6.21,single,1,0,0,0,0.005802954864617,0.0,3156.0,8484.0,1.0,2.8799999999999994,18.57,60.8,384.5966366073605,3.3877650499634315,10515,1,0.0,1236.0,149.7493046326871,160.18280645128544,1236.0,8522.994163274858,2.666,7.107556,0.2879999999999999,1.857,6.08,5.95219508794577,9.012620873002131,1.4974930463268712,1.6018280645128544,1,True,3.8629559258452018,True
Odisha,Jagatsinghpur,1668.0,15.0,9.0,24.0,1.44,1.0,82,6.21,single,0,0,0,0,0.0,0.0,1058.0,1739.0,1.0,2.19,20.07,77.9,634.2925659472422,4.256594724220619,2164,1,0.0,20.0,7.577088778536932,4.348726076463491,20.0,1747.4780987027157,0.144,0.020735999999999997,0.219,2.007,7.790000000000001,6.452510308481689,7.419380582918692,0.07577088778536932,0.04348726076463491,0,True,4.764874022944587,True
Odisha,Jajpur,2899.0,122.0,137.0,259.0,8.93,46.0,82,6.21,single,1,1,0,0,0.0164260253946352,0.0,1624.0,2882.0,1.0,7.76,22.99,71.4,560.1931700586409,-0.5864091065884813,3619,1,3.0,686.0,53.13797703704821,86.94074059660213,683.0,2910.31817203214,0.893,0.7974490000000001,0.776,2.299,7.140000000000001,6.328281670782105,7.972121128921655,0.5313797703704821,0.8694074059660213,1,True,0.3904164205636329,True
Odisha,Jharsuguda,2081.0,107.0,169.0,276.0,13.26,33.0,82,6.21,single,0,0,0,0,0.0,0.0,515.0,2164.0,1.0,32.92,17.06,69.0,247.4771744353676,3.988467083133118,2660,1,188.0,360.0,222.2877016027128,29.17717418614014,172.0,2125.3141470791093,1.326,1.7582760000000002,3.2920000000000003,1.706,6.9,5.511318353252238,7.640603826393634,2.222877016027128,0.29177174186140137,0,True,2.1294640595439285,True
Odisha,Kalahandi,7920.0,1161.0,978.0,2139.0,27.01,569.0,82,6.21,single,23,23,17,14,0.1382876382876383,0.1022126022126022,1335.0,7900.0,1.0,28.65,17.67,45.900000000000006,168.56060606060606,-0.2525252525252486,9810,1,147.0,1225.0,376.5878377156677,205.3756576382616,1078.0,7939.572685975145,2.701,7.295401,2.8649999999999998,1.7670000000000001,4.590000000000001,5.127295365008015,8.977146484808472,3.7658783771566773,2.053756576382616,1,True,0.2471298734235461,True
Odisha,Kendarpara,2644.0,196.0,21.0,217.0,8.21,0.0,83,6.21,single,0,0,0,0,0.0,0.0,1302.0,2566.0,1.0,0.52,20.52,76.80000000000001,492.4357034795764,-2.9500756429652,3072,1,0.0,12.0,4.767532058288287,2.1370309494795183,12.0,2475.3631732164254,0.8210000000000001,0.6740410000000001,0.052000000000000005,2.052,7.6800000000000015,6.199363900779074,7.880048200971577,0.047675320582882874,0.021370309494795185,0,True,-6.378094810271351,True
Odisha,Keonjhar,8303.0,1669.0,1709.0,3378.0,40.68,45.0,83,6.21,single,10,10,9,6,0.0573516170288421,0.0516164553259579,1562.0,8376.0,1.0,44.5,11.62,59.20000000000001,188.12477417800795,0.8792002890521511,10425,1,24.0,1054.0,376.3810018280406,193.7345318845665,1030.0,8344.923168349082,4.068,16.548623999999997,4.45,1.162,5.920000000000001,5.237105435119738,9.02437217426203,3.763810018280406,1.937345318845665,1,True,0.5049159141163662,True
Odisha,Khandamal,8021.0,3063.0,2327.0,5390.0,67.2,376.0,83,6.21,single,44,42,36,31,0.2612190618673601,0.2137246869823855,648.0,7943.0,1.0,51.96,16.89,52.7,80.78793167934172,-0.972447325769854,10006,1,129.0,1255.0,626.1768906846863,177.71860833478488,1126.0,8084.790284847554,6.720000000000001,45.15840000000001,5.196,1.689,5.2700000000000005,4.391827593967487,8.989818381366925,6.261768906846863,1.7771860833478488,1,True,0.7952909219243853,True
Odisha,Khurda,2813.0,277.0,157.0,434.0,15.43,209.0,83,6.21,single,1,1,0,0,0.0169282074721107,0.0,1844.0,2813.0,1.0,5.18,13.54,79.60000000000001,655.5279061500178,0.0,3409,1,2.0,782.0,58.56425718083437,75.37312107995558,780.0,2755.149663305329,1.543,2.380849,0.518,1.3539999999999999,7.960000000000001,6.48544087460882,7.9420068084898565,0.5856425718083437,0.7537312107995559,1,True,-2.0565352539876014,True
Odisha,Koraput,8807.0,669.0,815.0,1484.0,16.85,738.0,83,6.21,single,89,85,115,62,0.4812189438055226,0.6217997588498326,1181.0,8656.0,1.0,49.620000000000005,13.04,35.7,134.0978766889974,-1.7145452480980985,10737,1,147.0,1454.0,753.2055173902679,216.80125536197667,1307.0,8746.021499073315,1.685,2.8392250000000003,4.962000000000001,1.3039999999999998,3.5700000000000003,4.89856995637404,9.08330213880546,7.5320551739026795,2.1680125536197665,1,True,-0.6923867483443313,True
Odisha,Malkangiri,5791.0,1076.0,1112.0,2188.0,37.78,11.0,83,6.21,single,161,152,200,117,1.3238933978011858,1.644588071802715,504.0,5831.0,1.0,57.43,21.35,30.5,87.03160075979969,0.6907269901571311,7158,1,43.0,1214.0,336.12867672868856,218.05883779509196,1171.0,5849.78047114089,3.778,14.273284,5.743,2.1350000000000002,3.05,4.4662712798277155,8.66406026722579,3.361286767286886,2.1805883779509196,1,True,1.0150314477791467,True
Odisha,Mayurbhanj,10418.0,2883.0,1249.0,4132.0,39.66,37.0,83,6.21,single,5,5,7,4,0.0228542175173006,0.0319959045242208,2218.0,10451.0,1.0,56.6,7.679999999999999,51.900000000000006,212.90074870416584,0.3167594547897945,13130,1,6.0,1105.0,308.04415073247253,260.8059595959744,1099.0,10484.061753940685,3.9659999999999997,15.729155999999998,5.66,0.7679999999999999,5.19,5.360826088587312,9.251290358305138,3.0804415073247253,2.608059595959744,1,True,0.6341116715366191,True
Odisha,Nawapara,3852.0,588.0,649.0,1237.0,32.11,146.0,83,6.21,single,20,18,27,11,0.2472432378974435,0.3337783711615487,530.0,3928.0,1.0,34.71,13.62,42.0,137.5908618899273,1.973001038421596,4821,1,211.0,973.0,382.1581338231841,150.97480358814263,762.0,3886.874534911887,3.211,10.310521,3.471,1.3619999999999999,4.2,4.9242845126102885,8.256347772918016,3.821581338231841,1.5097480358814264,1,True,0.9053617578371531,True
Odisha,Nawrangpur,5291.0,687.0,463.0,1150.0,21.74,116.0,83,6.21,single,10,8,9,8,0.09000009000009,0.081000081000081,1017.0,5405.0,1.0,55.03,14.1,33.9,192.2131922131922,2.154602154602148,6578,1,254.0,858.0,595.8887189958612,82.93725608135678,604.0,5333.147551424423,2.174,4.7262759999999995,5.503,1.41,3.3899999999999997,5.258605132126565,8.57376254290413,5.958887189958611,0.8293725608135678,1,True,0.7965895185111149,True
Odisha,Nayagarh,3890.0,1031.0,674.0,1705.0,43.83,262.0,83,6.21,single,1,1,16,2,0.0122414004162076,0.1958624066593218,865.0,3877.0,1.0,5.88,14.04,70.5,222.3650385604113,-0.3341902313624634,4844,1,9.0,775.0,177.4154730919373,125.10625835349168,766.0,3911.8384680081754,4.383,19.210689,0.588,1.404,7.05,5.404320349301524,8.266164436612492,1.7741547309193728,1.2510625835349167,1,True,0.5614002058656808,True
Odisha,Puri,3479.0,179.0,32.0,211.0,6.06,51.0,83,6.21,single,0,0,0,0,0.0,0.0,1503.0,3529.0,1.0,0.3,18.23,78.0,432.02069560218456,1.437194596148328,4414,1,0.0,43.0,6.771457140026999,4.069820887630827,43.0,3572.236409779982,0.606,0.367236,0.03,1.823,7.8,6.06847349358317,8.154500175151941,0.06771457140026999,0.04069820887630827,0,True,2.6799772860012006,True
Odisha,Rayagada,7073.0,1308.0,1425.0,2733.0,38.64,601.0,83,6.21,single,20,20,13,10,0.1346502124107101,0.0875226380669615,823.0,7384.0,1.0,55.76,13.92,36.1,116.35798105471513,4.397002686271745,9125,1,77.0,1396.0,482.9068705849154,254.07205895257147,1319.0,7408.487158141167,3.864,14.930496,5.576,1.392,3.6100000000000003,4.756671482623217,8.86403999703599,4.829068705849154,2.540720589525715,1,True,4.74320879600123,True
Odisha,Sambalpur,6657.0,2291.0,998.0,3289.0,49.41,64.0,83,6.21,single,4,3,8,5,0.0286129173015157,0.0572258346030315,923.0,6588.0,1.0,34.5,17.04,67.3,138.65104401382004,-1.036502929247407,8452,1,106.0,712.0,260.0390677977438,97.63295533110757,606.0,6769.520344444823,4.941,24.413480999999997,3.45,1.704,6.7299999999999995,4.931960301884286,8.803424211600703,2.600390677977438,0.9763295533110756,1,True,1.6902560379273401,True
Odisha,Sonepur,2337.0,173.0,140.0,313.0,13.39,53.0,83,6.21,single,0,0,0,0,0.0,0.0,542.0,2348.0,1.0,9.78,23.62,62.8,231.92126658108683,0.4706889174154849,2939,1,89.0,426.0,141.66771722377848,28.370170148342467,337.0,2362.2788754753806,1.339,1.792921,0.978,2.362,6.279999999999999,5.446397945882925,7.756623334538858,1.4166771722377849,0.28370170148342466,0,True,1.0816805937261753,True
Odisha,Sundargarh,9712.0,2625.0,1471.0,4096.0,42.17,275.0,83,6.21,single,24,23,22,19,0.1176747469992939,0.1078685180826861,1789.0,9692.0,1.0,50.18999999999999,8.620000000000001,64.9,184.20510708401977,-0.2059308072487664,12230,1,132.0,1071.0,319.76539320549193,134.63183346601286,939.0,9752.790602439549,4.2170000000000005,17.783089000000004,5.018999999999999,0.8620000000000001,6.49,5.2160498491915765,9.181117513299279,3.1976539320549193,1.3463183346601286,1,True,0.4200020844269847,True
Uttar Pradesh,Agra,4027.0,112.0,145.0,257.0,6.38,56.0,95,6.27,single,0,0,0,0,0.0,0.0,3622.0,3990.0,1.0,0.02,20.31,63.5,899.4288552272163,-0.9187981127390166,5268,1,114.0,267.0,165.4169646265947,13.779513845069827,153.0,4037.9729695711176,0.638,0.407044,0.002,2.0309999999999997,6.35,6.801759956574042,8.300776960851454,1.654169646265947,0.13779513845069827,0,True,0.2724849657590678,True
Uttar Pradesh,Aligarh,3650.0,39.0,2.0,41.0,1.12,1.0,95,6.27,single,0,0,0,0,0.0,0.0,2989.0,3655.0,1.0,0.01,21.2,58.49999999999999,818.9041095890411,0.136986301369868,4939,1,170.0,197.0,185.5814073067909,5.100083286560669,27.0,3755.3451032283497,0.11200000000000002,0.012544000000000003,0.001,2.12,5.85,6.707966994689538,8.202482446576537,1.8558140730679091,0.05100083286560669,0,True,2.886167211735602,True
Uttar Pradesh,Allahabad,5137.0,143.0,18.0,161.0,3.13,16.0,95,6.27,single,0,0,0,0,0.0,0.0,4937.0,5417.0,1.0,0.05,28.84,54.5,961.066770488612,5.450652131594325,6734,1,71.0,357.0,103.0094559614237,19.051749747270197,286.0,5239.200195674956,0.313,0.097969,0.005,2.884,5.45,6.868043886773732,8.544224530467268,1.030094559614237,0.19051749747270197,0,True,1.9894918371609283,True
Uttar Pradesh,Ambedkar Nagar,2337.0,219.0,0.0,219.0,9.37,0.0,95,6.27,single,0,0,0,0,0.0,0.0,1981.0,2299.0,1.0,0.01,24.44,58.400000000000006,847.6679503637141,-1.6260162601625994,3016,1,73.0,100.0,89.2650816123585,3.972153262771145,27.0,2324.3807491100906,0.9369999999999999,0.8779689999999999,0.001,2.444,5.840000000000001,6.74248899114183,7.756623334538858,0.892650816123585,0.03972153262771145,0,True,-0.539976503633266,True
Uttar Pradesh,Azamgarh,4234.0,46.0,0.0,46.0,1.09,0.0,95,6.27,single,0,0,0,0,0.0,0.0,3940.0,4279.0,1.0,0.02,25.73,57.0,930.5621162021728,1.0628247520075629,5066,1,69.0,91.0,80.95990139564732,3.549390645747557,22.0,3916.610598597247,0.10900000000000001,0.011881000000000003,0.002,2.573,5.7,6.835788829579306,8.350902451694811,0.8095990139564733,0.03549390645747557,0,True,-7.496206929682403,True
Uttar Pradesh,Bagpat,1321.0,14.0,4.0,18.0,1.36,1.0,95,6.27,single,0,0,0,0,0.0,0.0,1164.0,1297.0,1.0,0.0,10.98,64.2,881.1506434519304,-1.816805450416348,1772,1,208.0,237.0,225.78638458707576,6.215324884557555,29.0,1333.000871903304,0.136,0.018496000000000002,0.0,1.098,6.42,6.781228602751195,7.186144304522325,2.2578638458707574,0.06215324884557555,0,True,0.9084687284862891,True
Uttar Pradesh,Bahraich,6878.0,642.0,267.0,909.0,13.22,15.0,95,6.27,single,0,0,0,0,0.0,0.0,3550.0,6804.0,2.0,0.3848225352112676,16.872253521126762,34.33089043579862,516.1384123291655,-1.0758941552777013,9011,2,102.0,275.0,126.6400117948378,15.20926227363894,173.0,6865.352740623053,1.322,1.7476840000000002,0.03848225352112676,1.687225352112676,3.433089043579862,6.246374970459387,8.83608319099221,1.2664001179483781,0.1520926227363894,0,True,-0.1838798978910594,True
Uttar Pradesh,Balrampur,3349.0,437.0,60.0,497.0,14.84,2.0,95,6.27,single,0,0,0,0,0.0,0.0,1681.0,3268.0,1.0,1.15,13.48,34.6,501.9408778739922,-2.418632427590328,4372,1,91.0,289.0,118.94810868009564,26.892822469932685,198.0,3337.7229194088204,1.484,2.2022559999999998,0.11499999999999999,1.348,3.46,6.218482339596548,8.116417072794205,1.1894810868009564,0.26892822469932687,0,True,-0.33672978773304774,True
Uttar Pradesh,Ballia,2981.0,10.0,0.0,10.0,0.34,2.0,95,6.27,single,1,1,1,1,0.0159741857158831,0.0159741857158831,2761.0,2931.0,1.0,0.01,16.47,57.900000000000006,926.19926199262,-1.6772895001677337,3895,1,47.0,74.0,63.49466145892867,4.832028797722905,27.0,3015.847784556838,0.034,0.0011560000000000001,0.001,1.6469999999999998,5.790000000000001,6.83108939723422,8.000014093678072,0.6349466145892867,0.04832028797722905,1,True,1.1689964628258442,True
Uttar Pradesh,Banda,4532.0,165.0,18.0,183.0,4.04,4.0,96,6.27,single,0,0,0,0,0.0,0.0,1497.0,4308.0,1.0,0.0,20.83,54.400000000000006,330.31774051191525,-4.942630185348628,5864,1,82.0,363.0,124.20421601030094,17.885380096385934,281.0,4556.082393977632,0.404,0.16321600000000003,0.0,2.0829999999999997,5.44,5.800055041253868,8.418918622147897,1.2420421601030094,0.17885380096385933,0,True,0.5313855687915314,True
Uttar Pradesh,Barabanki,4402.0,57.0,33.0,90.0,2.04,1.0,96,6.27,single,0,0,0,0,0.0,0.0,2674.0,3942.0,1.0,0.02,26.89,47.400000000000006,607.4511585642889,-10.449795547478423,5813,1,96.0,131.0,115.2519246043662,6.609647155173176,35.0,4460.700321656756,0.20400000000000001,0.04161600000000001,0.002,2.689,4.74,6.409271774557618,8.389814262086407,1.152519246043662,0.06609647155173176,0,False,1.333492086705057,False
Uttar Pradesh,Bareilly,4120.0,33.0,1.0,34.0,0.83,0.0,96,6.27,single,0,0,0,0,0.0,0.0,3615.0,4133.0,1.0,0.01,12.65,47.8,877.4271844660194,0.3155339805825274,5021,1,154.0,204.0,175.28137320931577,9.241148225436184,50.0,3799.080748222628,0.08299999999999999,0.006888999999999998,0.001,1.2650000000000001,4.779999999999999,6.77699397123143,8.323608442343572,1.7528137320931578,0.09241148225436184,0,True,-7.789302227606121,True
Uttar Pradesh,Basti,2688.0,3.0,2.0,5.0,0.19,0.0,96,6.27,single,0,0,0,0,0.0,0.0,2076.0,2927.0,1.0,0.01,20.87,52.49999999999999,772.3214285714286,8.891369047619047,3779,1,79.0,101.0,89.22420047002595,3.777005322287452,22.0,2902.281753689133,0.019,0.000361,0.001,2.087,5.249999999999999,6.649400821624877,7.89655270164304,0.8922420047002595,0.037770053222874515,0,True,7.971791431887398,True
Uttar Pradesh,Bijnor,4561.0,311.0,76.0,387.0,8.48,4.0,96,6.27,single,0,0,0,0,0.0,0.0,3131.0,4593.0,1.0,0.08,20.94,58.10000000000001,686.4722648541987,0.7016005262003855,5787,1,210.0,409.0,244.72148989129852,26.09351594278454,199.0,4339.260852951083,0.8480000000000001,0.7191040000000002,0.008,2.0940000000000003,5.8100000000000005,6.531565823596843,8.4252971767117,2.447214898912985,0.2609351594278454,0,True,-4.861634445273344,True
Uttar Pradesh,Budaun,5168.0,19.0,11.0,30.0,0.58,10.0,96,6.27,single,0,0,0,0,0.0,0.0,3067.0,5194.0,1.0,0.0,17.09,38.2,593.4597523219815,0.5030959752321928,6718,1,147.0,192.0,171.12648936457032,10.718090685096278,45.0,5099.081322728365,0.057999999999999996,0.0033639999999999994,0.0,1.709,3.8200000000000003,6.385969397633951,8.550241045462437,1.7112648936457031,0.10718090685096278,0,True,-1.3335657366802423,True
Uttar Pradesh,Bulandshahar,2910.0,60.0,24.0,84.0,2.89,3.0,96,6.27,single,0,0,0,0,0.0,0.0,3010.0,3686.0,1.0,0.02,18.26,64.0,1034.364261168385,26.66666666666666,4709,1,175.0,215.0,199.42606655106025,6.9511352881844815,40.0,3566.0899171010037,0.28900000000000003,0.08352100000000003,0.002,1.826,6.4,6.94154227655952,7.975908360165538,1.9942606655106025,0.06951135288184482,0,False,22.546045261202874,False
Uttar Pradesh,Chandauli,2549.0,186.0,289.0,475.0,18.63,7.0,96,6.27,single,1,1,0,0,0.0186814623848754,0.0,1629.0,2522.0,1.0,0.02,24.29,59.7,639.0741467242055,-1.059238917222438,3274,1,58.0,359.0,140.39311663494186,92.597662966238,301.0,2550.637744502701,1.863,3.4707689999999998,0.002,2.429,5.970000000000001,6.4600204832080665,7.8434564043761155,1.4039311663494187,0.92597662966238,1,True,0.06425047087881275,True
Uttar Pradesh,Chitrkoot,3092.0,301.0,180.0,481.0,15.56,39.0,96,6.27,single,0,0,0,0,0.0,0.0,801.0,3230.0,1.0,0.0,23.59,59.7,259.0556274256145,4.463130659767134,3977,1,78.0,430.0,163.35505564294542,68.33346156401815,352.0,3096.5990889086406,1.556,2.421136,0.0,2.359,5.970000000000001,5.557042816343183,8.036573409707312,1.6335505564294541,0.6833346156401815,0,True,0.14874155590687277,True
Uttar Pradesh,Deoria,2538.0,14.0,2.0,16.0,0.63,1.0,96,6.27,single,0,0,0,0,0.0,0.0,2714.0,2523.0,1.0,0.02,18.18,58.6,1069.3459416863673,-0.5910165484633523,3317,1,57.0,85.0,74.3095403083069,4.41184407856961,28.0,2556.284833956784,0.063,0.003969,0.002,1.818,5.86,6.974802471102619,7.839131648274333,0.743095403083069,0.0441184407856961,0,True,0.7204426302909406,True
Uttar Pradesh,Etah,4446.0,98.0,0.0,98.0,2.2,0.0,96,6.27,single,0,0,0,0,0.0,0.0,2761.0,4459.0,2.0,0.0,17.064031148134735,54.65362565571717,621.0076473234368,0.2923976608187217,5902,1,147.0,182.0,166.65811421618193,6.634746753261419,35.0,4499.900715441406,0.22000000000000003,0.04840000000000001,0.0,1.7064031148134735,5.465362565571717,6.43134339638815,8.399760094524142,1.6665811421618193,0.0663474675326142,0,True,1.2123417778094003,True
Uttar Pradesh,Etawah,2311.0,89.0,108.0,197.0,8.52,36.0,96,6.27,single,0,0,0,0,0.0,0.0,1339.0,2338.0,1.0,0.0,23.41,69.60000000000001,579.402855906534,1.1683254002596175,3037,1,107.0,158.0,144.0322085554394,9.731069576700165,51.0,2333.626815283956,0.852,0.725904,0.0,2.341,6.960000000000001,6.361998014398929,7.745435610274381,1.4403220855543941,0.09731069576700165,0,True,0.9790919638232864,True
Uttar Pradesh,Faizabad,2174.0,39.0,6.0,45.0,2.07,0.0,96,6.27,single,0,0,0,0,0.0,0.0,2087.0,2595.0,1.0,0.01,22.59,56.3,959.9816007359706,19.365225390984357,2741,1,85.0,110.0,101.78556923656308,4.621119839172311,25.0,2108.57209524719,0.207,0.042849,0.001,2.259,5.63,6.866914118378183,7.684324067681155,1.0178556923656308,0.046211198391723114,0,False,-3.0095632360998104,False
Uttar Pradesh,Farrukhabad,2181.0,32.0,4.0,36.0,1.65,0.0,96,6.27,single,0,0,0,0,0.0,0.0,1570.0,2197.0,1.0,0.06,16.43,60.900000000000006,719.8532783127006,0.733608436497013,2867,1,132.0,161.0,148.37769772442405,6.469678468610094,29.0,2189.848033508984,0.16499999999999998,0.027224999999999992,0.006,1.643,6.090000000000001,6.579047411122862,7.687538766201629,1.4837769772442406,0.06469678468610093,0,True,0.4056870017874248,True
Uttar Pradesh,Fatehpur,4152.0,53.0,1.0,54.0,1.3,3.0,96,6.27,single,0,0,0,0,0.0,0.0,2290.0,4211.0,1.0,0.02,25.04,56.3,551.5414258188824,1.4210019267822729,5410,1,82.0,125.0,113.55050744498858,6.346009218444659,43.0,4188.946572413296,0.13,0.016900000000000002,0.002,2.504,5.63,6.312716950684698,8.331345424845724,1.1355050744498858,0.06346009218444659,0,True,0.8898500099541407,True
Uttar Pradesh,Firozabad,2361.0,13.0,30.0,43.0,1.82,20.0,96,6.27,single,0,0,0,0,0.0,0.0,1996.0,2417.0,1.0,0.0,22.24,59.8,845.4044896230411,2.371876323591704,3141,1,130.0,172.0,161.61228202464466,6.57647677373905,42.0,2404.549092962868,0.182,0.033124,0.0,2.2239999999999998,5.9799999999999995,6.739815198768033,7.766840537085513,1.6161228202464466,0.0657647677373905,0,True,1.8445189734378697,True
Uttar Pradesh,Gautam Buddh Nagar,1442.0,13.0,4.0,17.0,1.18,0.0,96,6.27,single,0,0,0,0,0.0,0.0,1023.0,1217.0,1.0,0.03,16.31,68.7,709.4313453536754,-15.603328710124831,1878,1,185.0,216.0,200.60574866287465,6.1548547636489,31.0,1421.665141178472,0.118,0.013923999999999999,0.003,1.6309999999999998,6.87,6.564463727088869,7.273786317844895,2.0060574866287464,0.061548547636489,0,False,-1.4101843842945994,False
Uttar Pradesh,Ghaziabad,2590.0,112.0,4.0,116.0,4.48,3.0,96,6.27,single,0,0,0,0,0.0,0.0,3233.0,1993.0,1.0,0.01,18.24,67.3,1248.2625482625483,-23.050193050193045,2628,1,194.0,225.0,213.91988426489183,4.404052398809329,31.0,1982.982057738536,0.44800000000000006,0.20070400000000005,0.001,1.8239999999999998,6.7299999999999995,7.129507902013986,7.859413154693583,2.139198842648918,0.044040523988093286,0,False,-23.436986187701315,False
Uttar Pradesh,Ghazipur,3377.0,16.0,0.0,16.0,0.47,0.0,96,6.27,single,0,0,0,0,0.0,0.0,3038.0,3358.0,1.0,0.01,21.38,59.6,899.6150429375185,-0.5626295528575631,4379,1,55.0,81.0,70.71978076474305,4.440841729591972,26.0,3397.8183158436545,0.047,0.002209,0.001,2.138,5.96,6.801966941752288,8.124743020385568,0.7071978076474305,0.044408417295919725,0,True,0.6164736702296336,True
Uttar Pradesh,Gonda,4003.0,85.0,26.0,111.0,2.77,0.0,96,6.27,single,0,0,0,0,0.0,0.0,2764.0,4029.0,1.0,0.01,15.67,42.6,690.4821383962028,0.6495128653509763,5283,1,86.0,127.0,103.42536741528504,5.222819947717763,41.0,4047.795390437576,0.277,0.07672900000000002,0.001,1.567,4.26,6.537390104877124,8.294799358992574,1.0342536741528503,0.052228199477177634,0,True,1.1190454768317704,True
Uttar Pradesh,Gorakhpur,3321.0,385.0,97.0,482.0,14.51,0.0,96,6.27,single,0,0,0,0,0.0,0.0,3769.0,3324.0,1.0,0.02,22.05,58.5,1134.8991267690456,0.0903342366757042,4390,1,65.0,104.0,79.19562454015083,4.130169487620876,39.0,3376.2903639511387,1.451,2.105401,0.002,2.205,5.85,7.034299050872526,8.108021221376747,0.7919562454015083,0.04130169487620876,0,True,1.664870941015928,True
Uttar Pradesh,Hamirpur,4282.0,45.0,86.0,131.0,3.06,33.0,96,6.27,single,0,0,0,0,0.0,0.0,994.0,4025.0,1.0,0.02,22.59,57.7,232.1345165810369,-6.001868285847733,5519,1,92.0,179.0,132.33303655337713,15.4381237535348,87.0,4278.4776668573,0.306,0.093636,0.002,2.259,5.7700000000000005,5.447317016489083,8.362175469149628,1.3233303655337714,0.154381237535348,0,True,-0.08225906451890808,True
Uttar Pradesh,Hardoi,5986.0,70.0,11.0,81.0,1.35,0.0,96,6.27,single,0,0,0,0,0.0,0.0,3397.0,5951.0,1.0,0.01,31.36,51.900000000000006,567.4908118944203,-0.5846976277981919,7886,1,115.0,153.0,138.192133662143,6.357503394744291,38.0,6028.934498080679,0.135,0.018225,0.001,3.136,5.19,6.341224558730077,8.697178688412643,1.38192133662143,0.0635750339474429,0,True,0.7172485479565394,True
Uttar Pradesh,Hathras,1840.0,30.0,0.0,30.0,1.63,0.0,96,6.27,single,0,0,0,0,0.0,0.0,1331.0,1756.0,1.0,0.01,25.2,62.5,723.3695652173913,-4.565217391304344,2339,1,155.0,187.0,176.44124853009018,3.91509435558476,32.0,1784.1607009794195,0.16299999999999998,0.026568999999999992,0.001,2.52,6.25,6.583920246774217,7.517520850603031,1.7644124853009018,0.039150943555847605,0,True,-3.0347445119880745,True
Uttar Pradesh,Jyotiba Phule Nagar,2249.0,55.0,21.0,76.0,3.38,11.0,96,6.27,single,0,0,0,0,0.0,0.0,1499.0,2176.0,1.0,0.0,17.27,49.5,666.5184526456203,-3.245887060915964,3028,1,186.0,226.0,207.3503049806649,8.999249726801992,40.0,2283.184799239913,0.33799999999999997,0.11424399999999998,0.0,1.7269999999999999,4.95,6.502067825125419,7.718240951959316,2.073503049806649,0.08999249726801992,0,True,1.5199999662033337,True
Uttar Pradesh,Jalaun,4565.0,109.0,127.0,236.0,5.17,46.0,96,6.27,single,0,0,0,0,0.0,0.0,1454.0,4605.0,1.0,0.01,27.04,64.5,318.5104052573932,0.8762322015334112,5937,1,98.0,164.0,139.87392588688735,11.929247220014172,66.0,4588.527802797533,0.517,0.267289,0.001,2.7039999999999997,6.45,5.763655144046533,8.426173793029069,1.3987392588688734,0.11929247220014172,0,True,0.5153954610631395,True
Uttar Pradesh,Jaunpur,4038.0,30.0,6.0,36.0,0.89,1.0,96,6.27,single,0,0,0,0,0.0,0.0,3911.0,3998.0,1.0,0.01,21.93,59.79999999999999,968.548786527984,-0.9905894006934092,5218,1,71.0,99.0,86.5303815701962,4.029482547840567,28.0,4044.643991265184,0.089,0.007921,0.001,2.193,5.979999999999999,6.875798854864868,8.303504798872783,0.865303815701962,0.040294825478405676,0,True,0.1645366831397821,True
Uttar Pradesh,Jhansi,5024.0,54.0,122.0,176.0,3.5,136.0,96,6.27,single,0,0,0,0,0.0,0.0,1658.0,4953.0,1.0,0.0599999999999999,28.07,65.5,330.015923566879,-1.413216560509556,6595,1,120.0,321.0,203.09416745175776,41.462645542229765,201.0,5122.3195835951565,0.35,0.12249999999999998,0.00599999999999999,2.807,6.55,5.799140906529343,8.521981708148035,2.0309416745175777,0.41462645542229765,0,True,1.956998081113781,True
Uttar Pradesh,Kannauj,2093.0,5.0,5.0,10.0,0.48,0.0,96,6.27,single,0,0,0,0,0.0,0.0,1389.0,2097.0,1.0,0.0,18.43,61.90000000000001,663.640707118968,0.191113234591489,2709,1,124.0,152.0,142.64477935348953,4.6738623174963,28.0,2076.953551957248,0.048,0.002304,0.0,1.843,6.190000000000001,6.497740899290481,7.646353722445999,1.4264477935348951,0.046738623174963,0,True,-0.7666721472886828,True
Uttar Pradesh,Kanpur Dehat,5111.0,188.0,6.0,194.0,3.8,26.0,96,6.27,single,0,0,0,0,0.0,0.0,1563.0,3203.0,1.0,0.02,24.85,66.4,305.81099589121504,-37.33124633144199,6578,1,92.0,143.0,130.41216345953785,7.154787332855461,51.0,5069.383186998532,0.38,0.1444,0.002,2.4850000000000003,6.640000000000001,5.722967250635334,8.53915035876828,1.3041216345953786,0.07154787332855461,0,False,-0.8142596948046865,False
Uttar Pradesh,Kanpur Nagar,1065.0,21.0,3.0,24.0,2.25,0.0,96,6.27,single,0,0,0,0,0.0,0.0,4168.0,2984.0,1.0,0.05,16.45,74.4,3913.6150234741785,180.18779342723005,1372,1,107.0,135.0,124.6120665374165,4.527982087271008,28.0,1057.7930936630344,0.225,0.050625,0.005,1.645,7.44,8.272216784271814,6.970730078143525,1.246120665374165,0.045279820872710076,0,False,-0.6767048203723647,False
Uttar Pradesh,Kaushambi,2124.0,3.0,0.0,3.0,0.14,0.0,96,6.27,single,0,0,0,0,0.0,0.0,1292.0,1796.0,1.0,0.01,36.1,46.900000000000006,608.286252354049,-15.442561205273064,2632,1,72.0,111.0,100.98279861121054,6.534113480508394,39.0,2044.552019894371,0.014000000000000002,0.00019600000000000005,0.001,3.6100000000000003,4.69,6.410645580962854,7.66105638236183,1.0098279861121053,0.06534113480508394,0,False,-3.740488705538092,False
Uttar Pradesh,Kheri,7680.0,1113.0,350.0,1463.0,19.05,1.0,96,6.27,single,0,0,0,0,0.0,0.0,3206.0,7626.0,1.0,1.18,25.58,48.400000000000006,417.4479166666667,-0.7031250000000044,10207,1,116.0,208.0,150.22989631039832,14.26430256559565,92.0,7746.711172207923,1.905,3.629025,0.118,2.558,4.840000000000001,6.034159786009917,8.946374826141717,1.5022989631039831,0.1426430256559565,0,True,0.8686350547906674,True
Uttar Pradesh,Kushinagar,2906.0,8.0,1.0,9.0,0.31,2.0,96,6.27,single,0,0,0,0,0.0,0.0,2892.0,2908.0,1.0,0.01,18.12,46.900000000000006,995.18238128011,0.0688231245698611,3784,1,73.0,100.0,85.57780333162684,5.6132435011919855,27.0,2905.001505280108,0.031,0.0009609999999999999,0.001,1.812,4.69,6.902926018130564,7.974532844130228,0.8557780333162683,0.056132435011919855,0,True,-0.034359763244729,True
Uttar Pradesh,Lalitpur,5039.0,231.0,327.0,558.0,11.07,55.0,96,6.27,single,0,0,0,0,0.0,0.0,978.0,4930.0,1.0,0.0,24.93,49.50000000000001,194.0861282000397,-2.163127604683468,6484,1,252.0,576.0,365.8426456219887,42.43540135129072,324.0,5071.241586980719,1.107,1.225449,0.0,2.493,4.950000000000001,5.268302020336356,8.524962928680598,3.658426456219887,0.4243540135129072,0,True,0.6398409799706073,True
Uttar Pradesh,Lucknow,2528.0,115.0,14.0,129.0,5.1,2.0,96,6.27,single,0,0,0,0,0.0,0.0,3609.0,2515.0,1.0,0.08,21.29,68.7,1427.610759493671,-0.5142405063291111,3314,1,106.0,136.0,122.45201471923856,4.966271622544405,30.0,2544.6394736961474,0.51,0.2601,0.008,2.129,6.87,7.263757528358178,7.8351837552667485,1.2245201471923857,0.049662716225444055,0,True,0.6582070291197617,True
Uttar Pradesh,Maharaj Ganj,2952.0,0.0,0.0,0.0,0.0,0.0,96,6.27,single,0,0,0,0,0.0,0.0,2158.0,2910.0,1.0,0.12,19.51,46.6,731.029810298103,-1.4227642276422814,3797,1,75.0,119.0,93.73174234456164,7.308383270546603,44.0,2906.1603464141326,0.0,0.0,0.012,1.951,4.66,6.594454239079854,7.990238185720363,0.9373174234456164,0.07308383270546603,0,True,-1.552833793559194,True
Uttar Pradesh,Mahoba,2884.0,38.0,44.0,82.0,2.84,22.0,96,6.27,single,0,0,0,0,0.0,0.0,758.0,3079.0,1.0,0.01,25.85,53.2,262.82940360610263,6.7614424410541,3704,1,125.0,281.0,187.7051384820848,30.82083070407346,156.0,2880.730582110973,0.284,0.08065599999999999,0.001,2.585,5.32,5.571505166219669,7.96693349840484,1.877051384820848,0.3082083070407346,0,True,-0.11336400447389261,True
Uttar Pradesh,Mainpuri,2760.0,47.0,2.0,49.0,1.78,0.0,96,6.27,single,0,0,0,0,0.0,0.0,1597.0,2691.0,1.0,0.04,19.31,65.10000000000001,578.6231884057971,-2.500000000000002,3546,1,142.0,167.0,155.71873390076124,3.99729551639272,25.0,2714.5819715168,0.178,0.031684,0.004,1.9309999999999998,6.510000000000001,6.360651468485954,7.9229859587111955,1.5571873390076123,0.0399729551639272,0,True,-1.6455807421449253,True
Uttar Pradesh,Mathura,3340.0,38.0,15.0,53.0,1.59,9.0,96,6.27,single,0,0,0,0,0.0,0.0,2075.0,3351.0,1.0,0.01,19.6,61.5,621.2574850299401,0.3293413173652615,4403,1,156.0,201.0,180.14918746031697,5.776547228109421,45.0,3357.976157233422,0.159,0.025281,0.001,1.9600000000000002,6.15,6.431745625676189,8.113726085970747,1.8014918746031696,0.05776547228109421,0,True,0.5382083004018545,True
Uttar Pradesh,Mau,1713.0,0.0,3.0,3.0,0.18,0.0,96,6.27,single,0,0,0,0,0.0,0.0,1843.0,1655.0,1.0,0.01,11.37,55.900000000000006,1075.8902510215996,-3.3858727378867526,2674,1,62.0,80.0,73.78998452866534,3.086311452692507,18.0,2067.678593342083,0.018,0.00032399999999999996,0.001,1.137,5.590000000000001,6.98090373832784,7.44600149832412,0.7378998452866534,0.03086311452692507,0,True,20.705113446706534,False
Uttar Pradesh,Meerut,2590.0,144.0,28.0,172.0,6.64,0.0,96,6.27,single,0,0,0,0,0.0,0.0,2967.0,2543.0,1.0,0.01,18.44,64.8,1145.5598455598456,-1.81467181467182,3478,1,204.0,238.0,224.56496499280303,7.084104731312857,34.0,2616.869001266595,0.6639999999999999,0.4408959999999999,0.001,1.844,6.4799999999999995,7.043648744579375,7.859413154693583,2.2456496499280303,0.07084104731312857,0,True,1.0374131763164263,True
Uttar Pradesh,Mirzapur,4521.0,198.0,433.0,631.0,13.96,33.0,96,6.27,single,1,0,0,0,0.0105328572481857,0.0,2074.0,4439.0,1.0,0.06,26.76,55.3,458.7480645874807,-1.813758018137579,5809,1,63.0,388.0,160.2530523802113,70.83065052076554,325.0,4531.180073942369,1.3960000000000001,1.9488160000000003,0.006,2.676,5.529999999999999,6.128501180477005,8.416488487294606,1.602530523802113,0.7083065052076555,1,True,0.22517305778297914,True
Uttar Pradesh,Moradabad,3718.0,17.0,0.0,17.0,0.46,0.0,97,6.27,single,0,0,0,0,0.0,0.0,3809.0,3679.0,1.0,0.01,15.86,44.7,1024.4755244755245,-1.0489510489510523,4827,1,183.0,238.0,201.1421385722472,10.307972129420907,55.0,3640.9577516166178,0.046,0.002116,0.001,1.5859999999999999,4.470000000000001,6.931936077179352,8.220941168281389,2.011421385722472,0.10307972129420907,0,True,-2.0721422373152887,True
Uttar Pradesh,Muzzaffarnagar,4008.0,26.0,14.0,40.0,1.0,0.0,97,6.27,single,0,0,0,0,0.0,0.0,3528.0,4056.0,1.0,0.0,13.5,60.7,880.2395209580839,1.1976047904191711,5429,1,215.0,259.0,241.49305165084365,8.006820539402351,44.0,4068.7317901564425,0.1,0.010000000000000002,0.0,1.35,6.07,6.780194053344118,8.2960476427647,2.4149305165084365,0.08006820539402351,0,True,1.5152642254601334,True
Uttar Pradesh,Orraiya,2015.0,37.0,34.0,71.0,3.52,21.0,97,6.27,single,0,0,0,0,0.0,0.0,1180.0,1981.0,1.0,0.01,27.69,70.5,585.6079404466501,-1.6873449131513674,2620,1,107.0,150.0,141.27461304668387,5.763040211479349,43.0,2014.9688817036144,0.352,0.12390399999999999,0.001,2.769,7.05,6.372650522061064,7.608374474380783,1.4127461304668387,0.05763040211479349,0,True,-0.0015443323268304887,True
Uttar Pradesh,Pilibhit,3499.0,488.0,196.0,684.0,19.55,0.0,97,6.27,single,0,0,0,0,0.0,0.0,1727.0,3756.0,1.0,0.06,16.47,49.5,493.5695913118034,7.34495570162903,4766,1,161.0,218.0,182.75099145252364,10.56172527923268,57.0,3602.9876437559674,1.955,3.8220250000000004,0.006,1.6469999999999998,4.95,6.2016638647611275,8.160232492367689,1.8275099145252363,0.10561725279232681,0,True,2.971924657215408,True
Uttar Pradesh,Pratapgarh,3717.0,34.0,4.0,38.0,1.02,0.0,97,6.27,single,0,0,0,0,0.0,0.0,2731.0,3730.0,1.0,0.01,22.01,57.6,734.7323110034974,0.3497444175410313,4812,1,82.0,114.0,99.88525912348187,5.487067534418365,32.0,3725.965123917897,0.10200000000000001,0.010404000000000002,0.001,2.201,5.76,6.59950623015859,8.220672170297252,0.9988525912348187,0.054870675344183654,0,True,0.2411924648344721,True
Uttar Pradesh,Raibareli,4609.0,53.0,10.0,63.0,1.37,1.0,97,6.27,single,0,0,0,0,0.0,0.0,2872.0,4584.0,1.0,0.06,29.83,53.8,623.1286613148188,-0.5424170101974379,5999,1,89.0,123.0,113.78803031409048,4.122698405019993,34.0,4630.977065185221,0.137,0.018769000000000004,0.006,2.9829999999999997,5.38,6.4347530164297435,8.435766192720509,1.1378803031409048,0.041226984050199936,0,True,0.47682935962727324,True
Uttar Pradesh,Rampur,2367.0,57.0,28.0,85.0,3.59,0.0,97,6.27,single,0,0,0,0,0.0,0.0,1920.0,2418.0,1.0,0.02,13.38,38.8,811.1533586818758,2.154626108998725,3419,1,173.0,224.0,191.9624648924269,11.444349930987991,51.0,2578.4260256428274,0.359,0.128881,0.002,1.338,3.88,6.69845713448998,7.769378609513984,1.919624648924269,0.11444349930987992,0,True,8.932235979840609,True
Uttar Pradesh,Saharanpur,3689.0,151.0,138.0,289.0,7.83,0.0,97,6.27,single,0,0,0,0,0.0,0.0,2807.0,3619.0,1.0,0.02,21.73,61.2,760.9108159392789,-1.8975332068311144,5010,1,243.0,821.0,303.5397190906857,94.5858149396485,578.0,3735.668504215973,0.783,0.613089,0.002,2.173,6.12,6.634516157747344,8.213110697596676,3.035397190906857,0.945858149396485,0,True,1.2650719494706752,True
Uttar Pradesh,Sant Kabir Nagar,1646.0,0.0,0.0,0.0,0.0,0.0,97,6.27,single,0,0,0,0,0.0,0.0,1420.0,1644.0,1.0,0.02,21.19,50.900000000000006,862.6974483596598,-0.1215066828675559,2085,1,73.0,88.0,82.19095097328325,2.7260117823399117,15.0,1601.6740050927492,0.0,0.0,0.002,2.119,5.090000000000001,6.760064048340428,7.406103381237015,0.8219095097328325,0.027260117823399117,0,True,-2.6929523029921465,True
Uttar Pradesh,Sant Ravidas Nagar,1015.0,0.0,0.0,0.0,0.0,0.0,97,6.27,single,0,0,0,0,0.0,0.0,1354.0,998.0,1.0,0.02,21.63,57.900000000000006,1333.9901477832511,-1.6748768472906406,1306,1,64.0,92.0,86.58387875396448,3.649083147447008,28.0,1015.689749960344,0.0,0.0,0.002,2.163,5.790000000000001,7.1959298409784695,6.922643891475888,0.8658387875396448,0.03649083147447008,0,True,0.06795566111763574,True
Uttar Pradesh,Shahjahanpur,4575.0,85.0,24.0,109.0,2.38,2.0,97,6.27,single,0,0,0,0,0.0,0.0,2458.0,4336.0,1.0,0.0,17.72,49.1,537.2677595628415,-5.224043715846993,6151,1,138.0,189.0,157.3330844865651,8.827870918164324,51.0,4674.764657178191,0.238,0.05664399999999999,0.0,1.7719999999999998,4.91,6.286496591398495,8.428361977709622,1.573330844865651,0.08827870918164324,0,True,2.1806482443320396,True
Uttar Pradesh,Siddharth Nagar,2895.0,66.0,8.0,74.0,2.56,0.0,97,6.27,single,0,0,0,0,0.0,0.0,1996.0,2810.0,1.0,0.01,16.53,42.3,689.4645941278065,-2.936096718480141,3713,1,80.0,102.0,90.83695419727992,3.985339298341207,22.0,2840.031586888021,0.256,0.065536,0.001,1.653,4.2299999999999995,6.53591534584645,7.970740390007095,0.9083695419727992,0.03985339298341207,0,True,-1.898736204213436,True
Uttar Pradesh,Sitapur,5743.0,332.0,16.0,348.0,6.06,2.0,97,6.27,single,0,0,0,0,0.0,0.0,3620.0,5759.0,1.0,0.01,31.87,48.3,630.3325787915724,0.278600034825005,7595,1,110.0,149.0,131.9276859740715,8.800847721191968,39.0,5796.5589329025925,0.606,0.367236,0.001,3.1870000000000003,4.83,6.446247582937657,8.655737000864297,1.319276859740715,0.08800847721191968,0,True,0.9325950357407686,True
Uttar Pradesh,Sonbhadra,6788.0,1221.0,1276.0,2497.0,36.79,51.0,97,6.27,single,4,3,1,1,0.0280607234054493,0.0070151808513623,1503.0,6849.0,1.0,0.05,34.34,52.3,221.4201532115498,0.8986446670595116,8680,1,146.0,602.0,305.8659898078471,74.16091559229508,456.0,6802.36741367423,3.679,13.535040999999998,0.005,3.434,5.2299999999999995,5.400062042380995,8.822911626354117,3.0586598980784707,0.7416091559229508,1,True,0.21165901111122043,True
Uttar Pradesh,Sultanpur,4436.0,74.0,14.0,88.0,1.98,0.0,97,6.27,single,0,0,0,0,0.0,0.0,3215.0,4480.0,1.0,0.01,22.25,55.8,724.7520288548242,0.9918845807033394,5747,1,81.0,115.0,99.66144558477778,6.754024217681346,34.0,4434.678584364353,0.198,0.039204,0.001,2.225,5.58,6.585829567183599,8.397508348470257,0.9966144558477779,0.06754024217681347,0,True,-0.029788449856782417,True
Uttar Pradesh,Unnao,4558.0,36.0,2.0,38.0,0.83,0.0,97,6.27,single,0,0,0,0,0.0,0.0,2700.0,4558.0,1.0,0.04,30.64,54.6,592.3650724001756,0.0,5996,1,103.0,139.0,123.94726372679231,5.73070100697297,36.0,4613.394158674609,0.08299999999999999,0.006888999999999998,0.004,3.064,5.46,6.384123121168928,8.42463920980563,1.2394726372679232,0.05730701006972969,0,True,1.215317215327083,True
Uttar Pradesh,Varanasi,1528.0,0.0,1.0,1.0,0.07,0.0,97,6.27,single,1,1,0,0,0.0311642981800049,0.0,3123.0,1546.0,1.0,0.02,13.880000000000004,66.10000000000001,2043.848167539267,1.1780104712041828,1999,1,58.0,87.0,80.0796305719987,4.398582210694184,29.0,1554.1367435949878,0.007000000000000001,4.900000000000001e-05,0.002,1.3880000000000003,6.610000000000001,7.62258966653875,7.331714969726466,0.8007963057199871,0.04398582210694184,1,True,1.7105198687819234,True
West Bengal,Bankura,6882.0,453.0,482.0,935.0,13.59,26.0,101,6.29,single,17,17,22,17,0.1176291498872143,0.1522259586775715,3193.0,6932.0,1.0,10.36,31.24,63.400000000000006,463.963963963964,0.7265329845975055,8835,1,20.0,334.0,95.5196464675669,39.67932202755605,314.0,6991.303864420316,1.359,1.846881,1.036,3.1239999999999997,6.340000000000001,6.139806885339493,8.836664586357426,0.955196464675669,0.39679322027556047,1,True,1.5882572569066555,True
West Bengal,Bardhman,7024.0,104.0,98.0,202.0,2.88,15.0,101,6.29,single,1,1,1,1,0.0067794771667209,0.0067794771667209,6878.0,7025.0,1.0,6.41,26.98,70.2,979.2141230068336,0.0142369020501131,8940,1,5.0,186.0,45.17424964902141,36.18360107303292,181.0,7059.153313640009,0.288,0.08294399999999999,0.641,2.698,7.0200000000000005,6.8867503346593955,8.857088135314953,0.45174249649021414,0.36183601073032917,1,True,0.5004742830297504,True
West Bengal,Birbhum,4545.0,25.0,34.0,59.0,1.3,13.0,101,6.29,single,4,4,4,4,0.0419089528000419,0.0419089528000419,2981.0,4528.0,1.0,6.740000000000001,29.51,61.5,655.8855885588558,-0.3740374037403793,5794,1,21.0,132.0,53.17325019632312,23.21585828919269,111.0,4556.6476822508,0.13,0.016900000000000002,0.6740000000000002,2.951,6.15,6.485986366048629,8.421783006611578,0.5317325019632312,0.2321585828919269,1,True,0.2562746369813018,True
West Bengal,Calcutta,185.0,0.0,0.0,0.0,0.0,0.0,101,6.29,single,0,0,0,0,0.0,0.0,4573.0,194.0,1.0,0.21,6.01,80.9,24718.91891891892,4.86486486486486,117,1,4.0,17.0,9.034276673456455,2.206901431820526,13.0,92.98452988006136,0.0,0.0,0.020999999999999998,0.601,8.09,10.115324177561867,5.220355825078324,0.09034276673456455,0.02206901431820526,0,True,-49.738091956723586,False
West Bengal,Coochbehar,3387.0,22.0,16.0,38.0,1.12,1.0,101,6.29,single,0,0,0,0,0.0,0.0,2479.0,3354.0,1.0,0.5700000000000001,50.11,66.3,731.9161499852377,-0.9743135518157642,4438,1,30.0,77.0,47.81744625135676,10.851529849007315,47.0,3424.106882191957,0.11200000000000002,0.012544000000000003,0.05700000000000001,5.011,6.63,6.595665958199556,8.127699852817772,0.47817446251356766,0.10851529849007316,0,True,1.0955678237956068,True
West Bengal,Dakshin Dinajpur,2219.0,10.0,6.0,16.0,0.72,0.0,101,6.29,single,0,0,0,0,0.0,0.0,1498.0,2212.0,1.0,16.12,28.78,63.60000000000001,675.0788643533123,-0.3154574132492094,2793,1,22.0,42.0,29.392704955681243,2.796017689616791,20.0,2171.8554596941417,0.072,0.005183999999999999,1.612,2.878,6.360000000000001,6.514829520126708,7.704811922932594,0.2939270495568124,0.02796017689616791,0,True,-2.1245849619584645,True
West Bengal,Darjeeling,3149.0,1417.0,779.0,2196.0,69.74,0.0,101,6.29,single,2,2,0,0,0.0302439171921547,0.0,1609.0,3176.0,1.0,12.69,16.09,71.8,510.95585900285806,0.857415052397581,4172,1,74.0,3476.0,909.9285793401516,761.5964826616288,3402.0,3201.3985577987764,6.973999999999999,48.63667599999999,1.269,1.609,7.18,6.236283204873495,8.054840221101024,9.099285793401515,7.615964826616288,1,True,1.6639745252072569,True
West Bengal,Howrah,1467.0,2.0,0.0,2.0,0.14,0.0,101,6.29,single,0,0,0,0,0.0,0.0,4262.0,1456.0,1.0,0.45,15.419999999999998,77.0,2905.2488070892978,-0.749829584185413,1831,1,0.0,15.0,6.916300114245893,2.5704190217109524,15.0,1455.4700461533585,0.014000000000000002,0.00019600000000000005,0.045,1.5419999999999998,7.7,7.974274313497718,7.2909747781429814,0.06916300114245894,0.025704190217109523,0,True,-0.785954590773108,True
West Bengal,Hoogli,3149.0,13.0,0.0,13.0,0.41,0.0,101,6.29,single,0,0,0,0,0.0,0.0,4966.0,3155.0,1.0,4.21,23.58,75.10000000000001,1577.008574150524,0.190536678310571,3976,1,1.0,46.0,13.616393084802011,5.350342013175938,45.0,3152.27382030614,0.040999999999999995,0.0016809999999999996,0.421,2.3579999999999997,7.510000000000001,7.363285023949224,8.054840221101024,0.13616393084802011,0.05350342013175938,0,True,0.10396380775292702,True
West Bengal,Jalpaiguri,6227.0,1156.0,1188.0,2344.0,37.64,12.0,101,6.29,single,0,0,0,0,0.0,0.0,3401.0,6262.0,1.0,18.87,36.71,62.900000000000006,546.1699052513248,0.5620684117552566,8105,1,40.0,1763.0,128.12118734635138,124.42267040361948,1723.0,6233.301875121473,3.7640000000000002,14.167696000000001,1.887,3.6710000000000003,6.290000000000001,6.302930109116881,8.736649954872451,1.2812118734635138,1.2442267040361947,0,True,0.10120242687445824,True
West Bengal,Maldah,3733.0,102.0,6.0,108.0,2.89,0.0,101,6.29,single,0,0,0,0,0.0,0.0,3290.0,3743.0,1.0,6.9,16.84,50.29999999999999,881.3286900616126,0.2678810608089943,4651,1,18.0,50.0,28.69652748043221,4.626687269731227,32.0,3623.442270460948,0.28900000000000003,0.08352100000000003,0.6900000000000001,1.684,5.029999999999999,6.781430643826971,8.224967478914584,0.2869652748043221,0.04626687269731227,0,True,-2.934844080874688,True
West Bengal,Medinipur,14081.0,636.0,832.0,1468.0,10.43,47.0,101,6.29,single,233,212,281,224,0.7879581063303809,0.9502842398233352,9547.0,13364.0,2.0,8.31,16.4,74.89999999999999,678.0058234500391,-5.091967900007099,16944,1,0.0,299.0,34.990827249753245,38.72936602674186,299.0,13491.047402462014,1.043,1.0878489999999998,0.8310000000000001,1.64,7.489999999999999,6.519155877062858,9.552581649917311,0.3499082724975324,0.38729366026741857,1,True,-4.189706679482885,True
West Bengal,Murshidabad,5324.0,59.0,6.0,65.0,1.22,0.0,101,6.29,single,0,0,0,0,0.0,0.0,5867.0,5296.0,1.0,1.29,12.0,54.3,1101.9909842223892,-0.5259203606311047,6830,1,10.0,49.0,21.9785854069212,4.945573486441886,39.0,5362.721809080781,0.122,0.014884,0.129,1.2,5.43,7.004873808392995,8.579980179515003,0.21978585406921203,0.049455734864418864,0,True,0.7273067070018957,True
West Bengal,Nadia,3927.0,44.0,0.0,44.0,1.12,0.0,101,6.29,single,1,1,1,1,0.0121260625462306,0.0121260625462306,4584.0,3904.0,1.0,2.47,29.66,66.10000000000002,1167.3032849503438,-0.5856888209829436,4995,1,2.0,27.0,13.799861746651622,3.2478346603493584,25.0,3942.465601753427,0.11200000000000002,0.012544000000000003,0.24700000000000003,2.966,6.610000000000002,7.062451482798703,8.27563105457801,0.13799861746651623,0.03247834660349359,1,True,0.39382739377200604,True
West Bengal,24 Pargana North,4094.0,134.0,4.0,138.0,3.37,0.0,101,6.29,single,0,0,0,0,0.0,0.0,8923.0,3998.0,1.0,2.23,20.6,78.10000000000001,2179.531021006351,-2.344894968246214,7335,1,0.0,19.0,5.844174813010188,3.251590548271776,19.0,5833.030508614488,0.337,0.11356900000000002,0.223,2.06,7.8100000000000005,7.686865004661054,8.317277766221235,0.058441748130101875,0.03251590548271776,0,True,42.47754051329966,False
West Bengal,Purulia,6259.0,328.0,367.0,695.0,11.1,35.0,101,6.29,single,35,34,50,32,0.2662832188315492,0.3804045983307846,2537.0,6227.0,1.0,18.27,18.29,55.6,405.33631570538427,-0.5112637801565789,7929,1,90.0,588.0,226.89729562464217,73.35769012983624,498.0,6267.964672092664,1.1099999999999999,1.2320999999999998,1.827,1.829,5.5600000000000005,6.004717131656718,8.7417757069247,2.268972956246422,0.7335769012983624,1,True,0.14322850443624358,True
West Bengal,24 Pargana South,9960.0,1818.0,422.0,2240.0,22.49,0.0,101,6.29,single,1,1,1,1,0.0047810288774144,0.0047810288774144,6901.0,8487.0,1.0,1.23,32.12,69.4,692.8714859437752,-14.789156626506028,7043,1,0.0,12.0,4.52249186356232,1.5812423443472086,12.0,5614.953274756221,2.2489999999999997,5.058000999999998,0.123,3.2119999999999997,6.94,6.540844536024095,9.206332350578643,0.045224918635623196,0.015812423443472085,1,False,-43.624967120921475,False
West Bengal,Uttar Dinajpur,3140.0,23.0,107.0,130.0,4.14,0.0,101,6.29,single,1,1,1,0,0.0151653017895056,0.0151653017895056,2426.0,3162.0,1.0,5.11,27.710000000000004,47.900000000000006,772.6114649681529,0.7006369426751702,4187,1,25.0,95.0,46.33940652323152,15.843373408721623,70.0,3241.745030980699,0.414,0.171396,0.511,2.7710000000000004,4.790000000000001,6.6497762895838335,8.0519780789023,0.4633940652323152,0.15843373408721623,1,True,3.24028761085029,True
