id,year,date_start,date_end,type_of_violence,state,district_label,where_prec,date_prec,event_clarity,code_status,best,high,low,deaths_civilians,government_side_deaths,maoist_side_deaths,deaths_unknown
87159,2005,2005-01-19 00:00:00.000,2005-01-19 00:00:00.000,3,Andhra Pradesh,Unspecified,4,1,1,Clear,2,2,2,2,0,0,0
87160,2005,2005-04-09 00:00:00.000,2005-04-09 00:00:00.000,3,Andhra Pradesh,Mahbubnagar,3,1,1,Clear,1,1,1,1,0,0,0
87166,2005,2005-04-09 00:00:00.000,2005-04-09 00:00:00.000,3,Andhra Pradesh,Cuddapah,3,1,1,Clear,1,1,1,1,0,0,0
87715,2005,2005-01-24 00:00:00.000,2005-01-24 00:00:00.000,1,Chhattisgarh,Kanker,3,1,1,Clear,1,1,1,0,1,0,0
87716,2005,2005-03-07 00:00:00.000,2005-03-07 00:00:00.000,1,Andhra Pradesh,Unspecified,4,1,1,Clear,1,1,1,0,1,0,0
87771,2005,2005-01-16 00:00:00.000,2005-01-16 00:00:00.000,1,Andhra Pradesh,Unspecified,4,1,1,Clear,8,8,8,0,0,8,0
88253,2005,2005-02-03 00:00:00.000,2005-02-03 00:00:00.000,1,Jharkhand,Palamu,1,1,1,Clear,4,4,4,0,0,4,0
88254,2005,2005-02-03 00:00:00.000,2005-02-03 00:00:00.000,1,Bihar,Gaya,3,1,1,Clear,3,3,3,1,2,0,0
88350,2005,2005-02-11 00:00:00.000,2005-02-11 00:00:00.000,1,Karnataka,Tumkur,3,1,1,Clear,6,6,6,0,6,0,0
88412,2005,2005-02-22 00:00:00.000,2005-02-22 00:00:00.000,1,Maharashtra,Gadchiroli,3,1,1,Clear,5,5,5,0,5,0,0
88499,2005,2005-07-07 00:00:00.000,2005-07-07 00:00:00.000,3,Odisha,Sambalpur,3,1,1,Clear,5,5,5,5,0,0,0
88500,2005,2005-01-23 00:00:00.000,2005-01-23 00:00:00.000,3,Bihar,Unspecified,4,1,1,Clear,4,4,4,4,0,0,0
88503,2005,2005-03-01 00:00:00.000,2005-03-01 00:00:00.000,3,Andhra Pradesh,Kurnool,1,1,1,Clear,8,8,8,8,0,0,0
88504,2005,2005-04-22 00:00:00.000,2005-04-22 00:00:00.000,3,Andhra Pradesh,Warangal,3,1,1,Clear,1,1,1,1,0,0,0
88509,2005,2005-07-17 00:00:00.000,2005-07-17 00:00:00.000,3,Chhattisgarh,Bijapur,3,1,1,Clear,0,7,0,0,0,0,0
88510,2005,2005-09-12 00:00:00.000,2005-09-12 00:00:00.000,3,Jharkhand,Giridih,2,1,1,Clear,15,15,15,15,0,0,0
88514,2005,2005-10-01 00:00:00.000,2005-10-01 00:00:00.000,3,Chhattisgarh,Bastar,3,1,1,Clear,5,5,5,5,0,0,0
88515,2005,2005-11-02 00:00:00.000,2005-11-02 00:00:00.000,3,Odisha,Malkangiri,1,1,1,Clear,1,1,1,1,0,0,0
89419,2005,2005-02-23 00:00:00.000,2005-02-23 00:00:00.000,1,Jharkhand,Bokaro,3,1,1,Clear,1,1,1,0,1,0,0
89420,2005,2005-01-01 00:00:00.000,2005-03-01 00:00:00.000,1,Andhra Pradesh,Unspecified,4,5,2,Clear,0,6,0,0,0,0,0
90427,2005,2005-08-12 00:00:00.000,2005-08-12 00:00:00.000,1,Bihar,Nalanda,3,1,1,Clear,2,2,2,0,2,0,0
90428,2005,2005-02-03 00:00:00.000,2005-02-03 00:00:00.000,1,Jharkhand,Unspecified,4,1,1,Clear,0,7,0,0,0,0,0
90430,2005,2005-01-05 00:00:00.000,2005-01-05 00:00:00.000,1,Bihar,Munger,3,1,1,Clear,5,5,5,0,5,0,0
90431,2005,2005-01-17 00:00:00.000,2005-01-17 00:00:00.000,1,Andhra Pradesh,Unspecified,4,1,1,Clear,5,5,5,0,2,3,0
90432,2005,2005-01-20 00:00:00.000,2005-01-20 00:00:00.000,1,Andhra Pradesh,Unspecified,4,1,1,Clear,3,3,3,0,0,3,0
90434,2005,2005-01-30 00:00:00.000,2005-01-30 00:00:00.000,1,Andhra Pradesh,Unspecified,4,1,1,Clear,5,5,5,0,0,5,0
90435,2005,2005-02-06 00:00:00.000,2005-02-06 00:00:00.000,1,Karnataka,Chikmagalur,2,1,1,Clear,2,2,2,0,0,2,0
90438,2005,2005-03-07 00:00:00.000,2005-03-07 00:00:00.000,1,Andhra Pradesh,Nizamabad,3,1,1,Clear,10,10,10,0,0,10,0
90439,2005,2005-03-07 00:00:00.000,2005-03-07 00:00:00.000,1,Andhra Pradesh,Karimnagar,1,1,1,Clear,0,10,0,0,0,0,0
90440,2005,2005-03-12 00:00:00.000,2005-03-12 00:00:00.000,1,Andhra Pradesh,Guntur,1,1,1,Clear,7,7,7,2,5,0,0
90441,2005,2005-03-15 00:00:00.000,2005-03-15 00:00:00.000,1,Andhra Pradesh,Unspecified,4,1,1,Clear,3,3,3,0,0,3,0
90442,2005,2005-05-23 00:00:00.000,2005-05-23 00:00:00.000,1,Chhattisgarh,Surguja,1,1,1,Clear,1,1,1,0,1,0,0
90443,2005,2005-03-16 00:00:00.000,2005-03-16 00:00:00.000,1,Andhra Pradesh,Unspecified,4,1,1,Clear,6,7,6,0,3,0,3
90444,2005,2005-03-19 00:00:00.000,2005-03-19 00:00:00.000,1,Andhra Pradesh,Warangal,2,1,1,Clear,4,4,4,0,0,4,0
90447,2005,2005-03-31 00:00:00.000,2005-03-31 00:00:00.000,1,Andhra Pradesh,Mahbubnagar,1,1,1,Clear,2,8,2,0,2,0,0
90448,2005,2005-05-05 00:00:00.000,2005-05-05 00:00:00.000,1,Chhattisgarh,Kanker,3,1,1,Clear,0,2,0,0,0,0,0
90451,2005,2005-05-22 00:00:00.000,2005-05-22 00:00:00.000,1,Chhattisgarh,Bastar,3,1,1,Clear,5,5,5,0,5,0,0
90452,2005,2005-05-30 00:00:00.000,2005-05-30 00:00:00.000,1,Maharashtra,Gondia,1,1,1,Clear,7,7,7,0,7,0,0
90453,2005,2005-06-01 00:00:00.000,2005-06-01 00:00:00.000,1,Odisha,Sambalpur,3,1,1,Clear,0,2,0,0,0,0,0
90456,2005,2005-06-01 00:00:00.000,2005-06-01 00:00:00.000,1,Chhattisgarh,Dantewada,3,1,1,Clear,6,6,6,0,6,0,0
90457,2005,2005-06-20 00:00:00.000,2005-06-20 00:00:00.000,1,Andhra Pradesh,Unspecified,4,1,1,Clear,7,7,7,1,0,0,6
90458,2005,2005-08-15 00:00:00.000,2005-08-15 00:00:00.000,1,Andhra Pradesh,Mahbubnagar,2,1,1,Clear,10,10,10,0,2,0,8
90459,2005,2005-10-13 00:00:00.000,2005-10-13 00:00:00.000,1,Andhra Pradesh,Hyderabad,1,1,1,Clear,0,2,0,0,0,0,0
90460,2005,2005-06-24 00:00:00.000,2005-06-24 00:00:00.000,1,Bihar,Unspecified,4,1,1,Clear,21,21,21,1,3,17,0
90463,2005,2005-09-04 00:00:00.000,2005-09-04 00:00:00.000,1,Chhattisgarh,Bijapur,3,1,1,Clear,24,24,24,1,23,0,0
90464,2005,2005-09-22 00:00:00.000,2005-09-22 00:00:00.000,1,Andhra Pradesh,Anantapur,2,1,1,Clear,4,4,4,0,0,4,0
90467,2005,2005-10-08 00:00:00.000,2005-10-08 00:00:00.000,1,Jharkhand,Unspecified,4,1,1,Clear,13,15,13,0,13,0,0
90468,2005,2005-10-17 00:00:00.000,2005-10-17 00:00:00.000,1,Odisha,Unspecified,4,1,1,Clear,1,1,1,0,1,0,0
90470,2005,2005-11-11 00:00:00.000,2005-11-11 00:00:00.000,1,Jharkhand,Giridih,2,1,1,Clear,5,5,5,0,3,0,2
90471,2005,2005-11-15 00:00:00.000,2005-11-15 00:00:00.000,1,Jharkhand,Hazaribagh,3,1,1,Clear,2,2,2,0,0,2,0
90472,2005,2005-06-22 00:00:00.000,2005-06-22 00:00:00.000,1,Andhra Pradesh,Cuddapah,3,1,1,Clear,1,1,1,0,1,0,0
90474,2005,2005-11-13 00:00:00.000,2005-11-14 00:00:00.000,1,Bihar,Jehanabad,1,2,1,Clear,5,5,5,0,3,1,1
90476,2005,2005-12-01 00:00:00.000,2005-12-01 00:00:00.000,1,Andhra Pradesh,Visakhapatnam,2,1,1,Clear,0,2,0,0,0,0,0
90477,2005,2005-12-25 00:00:00.000,2005-12-25 00:00:00.000,1,Andhra Pradesh,Unspecified,4,1,1,Clear,4,6,4,0,4,0,0
84124,2006,2006-01-25 00:00:00.000,2006-01-25 00:00:00.000,3,Andhra Pradesh,Anantapur,1,1,1,Clear,1,1,1,1,0,0,0
84125,2006,2006-07-10 00:00:00.000,2006-07-10 00:00:00.000,3,Andhra Pradesh,Prakasam,3,1,1,Clear,1,1,1,1,0,0,0
84147,2006,2006-01-20 00:00:00.000,2006-01-20 00:00:00.000,1,Maharashtra,Gadchiroli,2,1,1,Clear,1,1,1,0,0,1,0
84148,2006,2006-04-19 00:00:00.000,2006-04-19 00:00:00.000,1,Maharashtra,Gadchiroli,3,1,1,Clear,2,2,2,0,2,0,0
84149,2006,2006-08-14 00:00:00.000,2006-08-14 00:00:00.000,1,Jharkhand,West Singhbhum,2,1,1,Clear,2,2,2,0,0,2,0
84150,2006,2006-12-22 00:00:00.000,2006-12-22 00:00:00.000,1,Maharashtra,Gadchiroli,2,1,1,Clear,3,3,3,0,0,3,0
84166,2006,2006-09-06 00:00:00.000,2006-09-06 00:00:00.000,1,Chhattisgarh,Surguja,2,1,1,Clear,3,3,3,0,0,3,0
84167,2006,2006-09-10 00:00:00.000,2006-09-10 00:00:00.000,1,Chhattisgarh,Dantewada,2,1,1,Clear,4,4,4,0,0,4,0
84171,2006,2006-04-30 00:00:00.000,2006-04-30 00:00:00.000,1,Jharkhand,Garhwa,1,1,1,Clear,1,1,1,0,0,1,0
84174,2006,2006-01-26 00:00:00.000,2006-01-26 00:00:00.000,1,Jharkhand,West Singhbhum,3,1,1,Clear,4,4,4,0,2,2,0
84176,2006,2006-04-25 00:00:00.000,2006-04-25 00:00:00.000,1,Chhattisgarh,Bijapur,3,1,1,Clear,1,1,1,0,1,0,0
84177,2006,2006-01-26 00:00:00.000,2006-01-26 00:00:00.000,1,Jharkhand,Chatra,3,1,1,Clear,2,2,2,1,1,0,0
84178,2006,2006-08-18 00:00:00.000,2006-08-18 00:00:00.000,1,Andhra Pradesh,Nalgonda,3,1,1,Clear,3,3,3,0,3,0,0
84179,2006,2006-08-22 00:00:00.000,2006-08-22 00:00:00.000,1,Jharkhand,Latehar,2,1,1,Clear,2,2,2,0,2,0,0
84182,2006,2006-12-22 00:00:00.000,2006-12-22 00:00:00.000,1,Odisha,Malkangiri,2,1,1,Clear,3,3,3,0,0,3,0
84183,2006,2006-12-28 00:00:00.000,2006-12-28 00:00:00.000,1,Chhattisgarh,Dantewada,2,1,1,Clear,2,2,2,0,0,2,0
84191,2006,2006-12-31 00:00:00.000,2006-12-31 00:00:00.000,1,Andhra Pradesh,Khammam,3,1,1,Clear,3,3,3,0,0,3,0
84192,2006,2006-10-22 00:00:00.000,2006-10-22 00:00:00.000,1,Chhattisgarh,Bastar,3,1,1,Clear,2,2,2,0,0,2,0
84253,2006,2006-02-04 00:00:00.000,2006-02-04 00:00:00.000,3,Andhra Pradesh,Nalgonda,2,1,1,Clear,1,1,1,1,0,0,0
84254,2006,2006-07-13 00:00:00.000,2006-07-13 00:00:00.000,3,Chhattisgarh,Dantewada,1,1,1,Clear,2,2,2,2,0,0,0
84255,2006,2006-07-23 00:00:00.000,2006-07-23 00:00:00.000,3,Bihar,Lakhisarai,1,1,1,Clear,0,3,0,0,0,0,0
84256,2006,2006-07-13 00:00:00.000,2006-07-13 00:00:00.000,3,Andhra Pradesh,Warangal,1,1,1,Clear,1,1,1,1,0,0,0
84265,2006,2006-02-20 00:00:00.000,2006-02-20 00:00:00.000,3,Chhattisgarh,Dantewada,3,1,1,Clear,2,2,2,2,0,0,0
84268,2006,2006-02-28 00:00:00.000,2006-02-28 00:00:00.000,3,Jharkhand,Chatra,3,1,1,Clear,2,2,2,2,0,0,0
84269,2006,2006-07-26 00:00:00.000,2006-07-26 00:00:00.000,3,Andhra Pradesh,Nalgonda,3,1,1,Clear,1,1,1,1,0,0,0
84292,2006,2006-04-30 00:00:00.000,2006-04-30 00:00:00.000,1,Andhra Pradesh,Prakasam,2,1,1,Clear,2,2,2,0,0,2,0
84293,2006,2006-09-15 00:00:00.000,2006-09-15 00:00:00.000,1,Andhra Pradesh,Warangal,2,1,1,Clear,4,4,4,0,0,4,0
84789,2006,2006-09-15 00:00:00.000,2006-09-15 00:00:00.000,1,Andhra Pradesh,Nalgonda,1,1,1,Clear,2,2,2,0,0,2,0
84840,2006,2006-01-26 00:00:00.000,2006-01-26 00:00:00.000,1,Jharkhand,Palamu,1,1,1,Clear,0,10,0,0,0,0,0
84841,2006,2006-01-31 00:00:00.000,2006-01-31 00:00:00.000,1,Jharkhand,Chatra,1,1,1,Clear,1,1,1,0,1,0,0
84847,2006,2006-05-03 00:00:00.000,2006-05-03 00:00:00.000,1,Chhattisgarh,Dantewada,2,1,1,Clear,3,3,3,1,2,0,0
84848,2006,2006-05-05 00:00:00.000,2006-05-05 00:00:00.000,1,Bihar,Jamui,2,1,1,Clear,5,5,5,0,0,5,0
84849,2006,2006-08-02 00:00:00.000,2006-08-02 00:00:00.000,3,Andhra Pradesh,Prakasam,2,1,1,Clear,1,1,1,1,0,0,0
84860,2006,2006-03-04 00:00:00.000,2006-03-04 00:00:00.000,3,Chhattisgarh,Dantewada,2,1,1,Clear,1,1,1,1,0,0,0
84864,2006,2006-03-05 00:00:00.000,2006-03-05 00:00:00.000,3,West Bengal,West Midnapore,3,1,1,Clear,1,1,1,1,0,0,0
84865,2006,2006-09-06 00:00:00.000,2006-09-06 00:00:00.000,3,Chhattisgarh,Dantewada,3,1,1,Clear,3,3,3,3,0,0,0
84887,2006,2006-02-01 00:00:00.000,2006-02-01 00:00:00.000,1,Jharkhand,Palamu,2,1,1,Clear,1,1,1,0,0,1,0
84888,2006,2006-05-09 00:00:00.000,2006-05-09 00:00:00.000,1,Chhattisgarh,Dantewada,3,1,1,Clear,2,2,2,0,0,2,0
84889,2006,2006-09-18 00:00:00.000,2006-09-18 00:00:00.000,1,Maharashtra,Gondia,1,1,1,Clear,1,1,1,0,1,0,0
85284,2006,2006-02-06 00:00:00.000,2006-02-06 00:00:00.000,1,Andhra Pradesh,Prakasam,2,1,1,Clear,3,3,3,0,0,3,0
85286,2006,2006-05-14 00:00:00.000,2006-05-14 00:00:00.000,1,Bihar,Gaya,2,1,1,Clear,1,1,1,0,0,1,0
85287,2006,2006-05-15 00:00:00.000,2006-05-15 00:00:00.000,1,Maharashtra,Gadchiroli,1,1,1,Clear,3,3,3,0,0,3,0
85288,2006,2006-09-18 00:00:00.000,2006-09-18 00:00:00.000,1,Andhra Pradesh,Anantapur,2,1,1,Clear,1,1,1,0,0,1,0
85326,2006,2006-03-08 00:00:00.000,2006-03-08 00:00:00.000,3,Chhattisgarh,Dantewada,2,1,1,Clear,4,4,4,4,0,0,0
85327,2006,2006-03-09 00:00:00.000,2006-03-09 00:00:00.000,3,West Bengal,West Midnapore,2,1,1,Clear,2,2,2,2,0,0,0
85328,2006,2006-02-07 00:00:00.000,2006-02-07 00:00:00.000,1,Andhra Pradesh,Guntur,2,1,1,Clear,2,2,2,0,0,2,0
85330,2006,2006-09-08 00:00:00.000,2006-09-08 00:00:00.000,3,Andhra Pradesh,Khammam,3,1,1,Clear,1,1,1,1,0,0,0
85344,2006,2006-03-12 00:00:00.000,2006-03-12 00:00:00.000,3,Chhattisgarh,Dantewada,3,1,1,Clear,2,2,2,2,0,0,0
85345,2006,2006-09-14 00:00:00.000,2006-09-14 00:00:00.000,3,Chhattisgarh,Bastar,3,1,1,Clear,2,2,2,2,0,0,0
85368,2006,2006-02-07 00:00:00.000,2006-02-07 00:00:00.000,1,West Bengal,West Midnapore,2,1,1,Clear,2,2,2,0,0,2,0
85369,2006,2006-05-21 00:00:00.000,2006-05-21 00:00:00.000,1,Andhra Pradesh,Prakasam,3,1,1,Clear,1,1,1,0,0,1,0
85370,2006,2006-05-25 00:00:00.000,2006-05-25 00:00:00.000,1,Maharashtra,Gadchiroli,2,1,1,Clear,6,6,6,0,0,6,0
85373,2006,2006-09-21 00:00:00.000,2006-09-21 00:00:00.000,1,West Bengal,West Midnapore,2,1,1,Clear,2,2,2,0,2,0,0
85381,2006,2006-05-28 00:00:00.000,2006-05-28 00:00:00.000,1,Andhra Pradesh,Visakhapatnam,1,1,1,Clear,1,1,1,0,1,0,0
85427,2006,2006-09-24 00:00:00.000,2006-09-24 00:00:00.000,3,Chhattisgarh,Dantewada,3,1,1,Clear,1,1,1,1,0,0,0
85433,2006,2006-03-15 00:00:00.000,2006-03-15 00:00:00.000,3,Chhattisgarh,Dantewada,3,1,1,Clear,2,2,2,2,0,0,0
85434,2006,2006-09-19 00:00:00.000,2006-09-19 00:00:00.000,3,West Bengal,West Midnapore,2,1,1,Clear,2,2,2,1,0,0,1
85435,2006,2006-03-15 00:00:00.000,2006-03-15 00:00:00.000,3,Andhra Pradesh,Nizamabad,2,1,1,Clear,1,1,1,1,0,0,0
85447,2006,2006-03-16 00:00:00.000,2006-03-16 00:00:00.000,3,Chhattisgarh,Bijapur,3,1,1,Clear,2,2,2,2,0,0,0
85448,2006,2006-09-30 00:00:00.000,2006-09-30 00:00:00.000,1,Chhattisgarh,Bijapur,3,1,1,Clear,3,3,3,0,0,0,3
85470,2006,2006-02-08 00:00:00.000,2006-02-08 00:00:00.000,1,Andhra Pradesh,Guntur,1,1,1,Clear,1,1,1,0,0,1,0
85471,2006,2006-05-28 00:00:00.000,2006-05-28 00:00:00.000,1,Chhattisgarh,Surguja,3,1,1,Clear,1,1,1,0,0,1,0
85472,2006,2006-09-25 00:00:00.000,2006-09-25 00:00:00.000,1,Chhattisgarh,Dantewada,3,1,1,Clear,5,5,5,0,0,5,0
85901,2006,2006-10-01 00:00:00.000,2006-10-01 00:00:00.000,1,Maharashtra,Gadchiroli,2,1,1,Clear,4,4,4,0,0,4,0
85902,2006,2006-10-03 00:00:00.000,2006-10-03 00:00:00.000,1,Chhattisgarh,Dantewada,2,1,1,Clear,2,2,2,0,0,2,0
85947,2006,2006-02-08 00:00:00.000,2006-02-08 00:00:00.000,1,Jharkhand,Bokaro,3,1,1,Clear,1,1,1,0,0,1,0
85948,2006,2006-03-04 00:00:00.000,2006-03-04 00:00:00.000,1,Jharkhand,Palamu,1,1,1,Clear,1,1,1,0,0,1,0
85958,2006,2006-05-30 00:00:00.000,2006-05-30 00:00:00.000,1,Odisha,Malkangiri,3,1,1,Clear,2,2,2,0,0,2,0
85959,2006,2006-06-06 00:00:00.000,2006-06-06 00:00:00.000,1,Andhra Pradesh,East Godavari,2,1,1,Clear,3,3,3,0,0,3,0
85960,2006,2006-10-02 00:00:00.000,2006-10-02 00:00:00.000,3,Chhattisgarh,Dantewada,2,1,1,Clear,1,1,1,1,0,0,0
85961,2006,2006-10-03 00:00:00.000,2006-10-03 00:00:00.000,3,Jharkhand,Palamu,3,1,1,Clear,1,1,1,1,0,0,0
85962,2006,2006-10-08 00:00:00.000,2006-10-08 00:00:00.000,3,Jharkhand,Chatra,1,1,1,Clear,3,3,3,3,0,0,0
85977,2006,2006-03-16 00:00:00.000,2006-03-16 00:00:00.000,3,Bihar,Begusarai,2,1,1,Clear,1,1,1,1,0,0,0
85982,2006,2006-03-19 00:00:00.000,2006-03-19 00:00:00.000,3,Andhra Pradesh,Prakasam,1,1,1,Clear,2,2,2,2,0,0,0
85983,2006,2006-10-12 00:00:00.000,2006-10-12 00:00:00.000,1,Andhra Pradesh,Khammam,2,1,1,Clear,1,1,1,0,1,0,0
86005,2006,2006-03-04 00:00:00.000,2006-03-04 00:00:00.000,1,Odisha,Malkangiri,3,1,1,Clear,6,6,6,0,0,6,0
86006,2006,2006-06-11 00:00:00.000,2006-06-11 00:00:00.000,1,Maharashtra,Gadchiroli,3,1,1,Clear,2,2,2,0,0,2,0
86007,2006,2006-10-06 00:00:00.000,2006-10-06 00:00:00.000,1,Andhra Pradesh,Anantapur,3,1,1,Clear,1,1,1,0,0,1,0
86558,2006,2006-10-07 00:00:00.000,2006-10-07 00:00:00.000,1,Andhra Pradesh,Visakhapatnam,3,1,1,Clear,1,1,1,0,0,1,0
86559,2006,2006-10-14 00:00:00.000,2006-10-14 00:00:00.000,1,Andhra Pradesh,Adilabad,2,1,1,Clear,1,1,1,0,0,1,0
86584,2006,2006-03-05 00:00:00.000,2006-03-05 00:00:00.000,1,Bihar,Gaya,3,1,1,Clear,3,3,3,0,0,3,0
86591,2006,2006-03-04 00:00:00.000,2006-03-04 00:00:00.000,1,West Bengal,Uttar Dinajpur,1,1,1,Clear,1,1,1,0,1,0,0
86592,2006,2006-03-04 00:00:00.000,2006-03-04 00:00:00.000,1,Chhattisgarh,Dantewada,3,1,1,Clear,1,1,1,0,1,0,0
86593,2006,2006-06-21 00:00:00.000,2006-06-21 00:00:00.000,1,Andhra Pradesh,Khammam,2,1,1,Clear,2,2,2,0,0,2,0
86595,2006,2006-06-16 00:00:00.000,2006-06-16 00:00:00.000,1,Andhra Pradesh,Prakasam,3,1,1,Clear,1,1,1,0,0,1,0
86596,2006,2006-06-17 00:00:00.000,2006-06-17 00:00:00.000,1,Andhra Pradesh,Prakasam,3,1,1,Clear,3,3,3,0,0,3,0
86597,2006,2006-06-18 00:00:00.000,2006-06-18 00:00:00.000,1,Andhra Pradesh,Khammam,3,1,1,Clear,2,2,2,0,0,2,0
86623,2006,2006-03-22 00:00:00.000,2006-03-22 00:00:00.000,1,Jharkhand,Hazaribagh,3,1,1,Clear,1,1,1,0,1,0,0
86624,2006,2006-10-13 00:00:00.000,2006-10-13 00:00:00.000,3,Odisha,Malkangiri,3,1,1,Clear,1,1,1,1,0,0,0
86625,2006,2006-10-21 00:00:00.000,2006-10-21 00:00:00.000,3,Andhra Pradesh,Mahbubnagar,2,1,1,Clear,1,1,1,1,0,0,0
86626,2006,2006-10-22 00:00:00.000,2006-10-22 00:00:00.000,3,Jharkhand,Hazaribagh,1,1,1,Clear,2,2,2,2,0,0,0
86627,2006,2006-10-22 00:00:00.000,2006-10-22 00:00:00.000,3,Chhattisgarh,Bastar,3,1,1,Clear,3,3,3,3,0,0,0
86636,2006,2006-03-20 00:00:00.000,2006-03-20 00:00:00.000,3,Bihar,East Champaran,3,1,1,Clear,2,2,2,2,0,0,0
86646,2006,2006-03-31 00:00:00.000,2006-03-31 00:00:00.000,3,Chhattisgarh,Rajnandgaon,3,1,1,Clear,2,2,2,2,0,0,0
86647,2006,2006-10-27 00:00:00.000,2006-10-27 00:00:00.000,3,Chhattisgarh,Bastar,3,1,1,Clear,2,2,2,2,0,0,0
86669,2006,2006-03-08 00:00:00.000,2006-03-08 00:00:00.000,1,Andhra Pradesh,Mahbubnagar,1,1,1,Clear,1,1,1,0,1,0,0
86670,2006,2006-06-30 00:00:00.000,2006-06-30 00:00:00.000,1,Maharashtra,Gadchiroli,2,1,1,Clear,1,1,1,0,0,1,0
86671,2006,2006-10-15 00:00:00.000,2006-10-15 00:00:00.000,1,Andhra Pradesh,Mahbubnagar,2,1,1,Clear,1,1,1,0,0,1,0
87124,2006,2006-03-09 00:00:00.000,2006-03-09 00:00:00.000,1,Andhra Pradesh,Mahbubnagar,3,1,1,Clear,2,2,2,0,0,2,0
87125,2006,2006-07-02 00:00:00.000,2006-07-02 00:00:00.000,1,Chhattisgarh,Bastar,2,1,1,Clear,5,5,5,0,0,5,0
87126,2006,2006-10-31 00:00:00.000,2006-10-31 00:00:00.000,1,Chhattisgarh,Bastar,2,1,1,Clear,2,2,2,0,0,2,0
87162,2006,2006-04-07 00:00:00.000,2006-04-07 00:00:00.000,1,Chhattisgarh,Dantewada,3,1,1,Clear,3,3,3,0,3,0,0
87163,2006,2006-10-27 00:00:00.000,2006-10-27 00:00:00.000,1,Chhattisgarh,Bastar,3,1,1,Clear,1,1,1,0,1,0,0
87167,2006,2006-04-09 00:00:00.000,2006-04-09 00:00:00.000,3,Chhattisgarh,Dantewada,3,1,1,Clear,0,3,0,0,0,0,0
87168,2006,2006-10-30 00:00:00.000,2006-10-30 00:00:00.000,3,Andhra Pradesh,Prakasam,3,1,1,Clear,1,1,1,1,0,0,0
87189,2006,2006-03-11 00:00:00.000,2006-03-11 00:00:00.000,1,Andhra Pradesh,Anantapur,2,1,1,Clear,4,4,4,0,0,4,0
87190,2006,2006-07-03 00:00:00.000,2006-07-03 00:00:00.000,1,Andhra Pradesh,Mahbubnagar,2,1,1,Clear,1,1,1,0,0,1,0
87191,2006,2006-11-02 00:00:00.000,2006-11-02 00:00:00.000,1,Chhattisgarh,Kanker,3,1,1,Clear,1,1,1,0,0,1,0
87687,2006,2006-03-20 00:00:00.000,2006-03-20 00:00:00.000,1,Chhattisgarh,Surguja,2,1,1,Clear,1,5,1,0,0,1,0
87693,2006,2006-07-04 00:00:00.000,2006-07-04 00:00:00.000,1,Bihar,Gaya,3,1,1,Clear,2,2,2,0,0,2,0
87694,2006,2006-07-07 00:00:00.000,2006-07-07 00:00:00.000,1,Chhattisgarh,Dantewada,2,1,1,Clear,7,7,7,0,0,7,0
87700,2006,2006-11-10 00:00:00.000,2006-11-10 00:00:00.000,1,Andhra Pradesh,Cuddapah,2,1,1,Clear,9,9,9,0,0,9,0
87740,2006,2006-04-23 00:00:00.000,2006-04-23 00:00:00.000,3,Jharkhand,Chatra,1,1,1,Clear,1,1,1,1,0,0,0
87743,2006,2006-11-09 00:00:00.000,2006-11-09 00:00:00.000,3,Andhra Pradesh,Khammam,1,1,1,Clear,1,1,1,1,0,0,0
87744,2006,2006-11-24 00:00:00.000,2006-11-24 00:00:00.000,3,Andhra Pradesh,Guntur,1,1,1,Clear,1,1,1,1,0,0,0
87748,2006,2006-05-03 00:00:00.000,2006-05-03 00:00:00.000,1,Chhattisgarh,Bijapur,3,1,1,Clear,2,3,2,0,2,0,0
87749,2006,2006-04-24 00:00:00.000,2006-04-24 00:00:00.000,3,Chhattisgarh,Dantewada,2,1,1,Clear,1,1,1,1,0,0,0
87750,2006,2006-11-26 00:00:00.000,2006-11-26 00:00:00.000,3,Jharkhand,Latehar,1,1,1,Clear,2,2,2,2,0,0,0
87772,2006,2006-03-20 00:00:00.000,2006-03-20 00:00:00.000,1,Unspecified,Unspecified,5,1,1,Clear,5,10,5,0,0,5,0
87773,2006,2006-07-08 00:00:00.000,2006-07-08 00:00:00.000,1,Chhattisgarh,Dantewada,3,1,1,Clear,2,2,2,0,2,0,0
87774,2006,2006-11-10 00:00:00.000,2006-11-10 00:00:00.000,1,Chhattisgarh,Dantewada,3,1,1,Clear,1,1,1,0,1,0,0
88172,2006,2006-11-22 00:00:00.000,2006-11-22 00:00:00.000,1,Chhattisgarh,Surguja,2,1,1,Clear,2,2,2,0,0,2,0
88183,2006,2006-11-22 00:00:00.000,2006-11-22 00:00:00.000,1,Chhattisgarh,Dantewada,2,1,1,Clear,1,1,1,0,0,1,0
88207,2006,2006-03-29 00:00:00.000,2006-03-29 00:00:00.000,1,Jharkhand,East Singhbhum,3,1,1,Clear,0,5,0,0,0,0,0
88227,2006,2006-07-13 00:00:00.000,2006-07-13 00:00:00.000,1,Odisha,Deogarh,3,1,1,Clear,4,4,4,0,0,4,0
88261,2006,2006-03-24 00:00:00.000,2006-03-24 00:00:00.000,1,Odisha,Gajapati,1,1,1,Clear,3,3,3,0,3,0,0
88262,2006,2006-03-27 00:00:00.000,2006-03-27 00:00:00.000,1,Bihar,East Champaran,3,1,1,Clear,2,2,2,0,1,1,0
88277,2006,2006-07-13 00:00:00.000,2006-07-13 00:00:00.000,1,Andhra Pradesh,Prakasam,3,1,1,Clear,8,8,8,0,0,8,0
88278,2006,2006-06-27 00:00:00.000,2006-06-27 00:00:00.000,3,Chhattisgarh,Dantewada,3,1,1,Clear,1,1,1,1,0,0,0
88286,2006,2006-06-03 00:00:00.000,2006-06-03 00:00:00.000,3,Jharkhand,East Singhbhum,2,1,1,Clear,3,3,3,3,0,0,0
88287,2006,2006-06-17 00:00:00.000,2006-06-17 00:00:00.000,1,Chhattisgarh,Dantewada,2,1,1,Clear,4,4,4,0,4,0,0
88290,2006,2006-12-01 00:00:00.000,2006-12-01 00:00:00.000,3,Odisha,Malkangiri,1,1,1,Clear,1,1,1,1,0,0,0
88296,2006,2006-06-19 00:00:00.000,2006-06-25 00:00:00.000,3,Chhattisgarh,Bastar,3,3,1,Clear,1,1,1,1,0,0,0
88297,2006,2006-06-20 00:00:00.000,2006-06-20 00:00:00.000,3,Jharkhand,Bokaro,3,1,1,Clear,1,1,1,1,0,0,0
88298,2006,2006-12-29 00:00:00.000,2006-12-29 00:00:00.000,1,Maharashtra,Gadchiroli,1,1,1,Clear,1,1,1,0,1,0,0
88351,2006,2006-06-28 00:00:00.000,2006-06-28 00:00:00.000,3,Chhattisgarh,Unspecified,4,1,1,Clear,1,1,1,1,0,0,0
88352,2006,2006-01-03 00:00:00.000,2006-01-03 00:00:00.000,3,Bihar,Kaimur (Bhabhua),3,1,1,Clear,1,1,1,1,0,0,0
88353,2006,2006-01-09 00:00:00.000,2006-01-09 00:00:00.000,3,Chhattisgarh,Dantewada,1,1,1,Clear,1,1,1,1,0,0,0
88354,2006,2006-06-22 00:00:00.000,2006-06-22 00:00:00.000,1,Chhattisgarh,Dantewada,1,1,1,Clear,3,3,3,0,0,0,3
88376,2006,2006-01-15 00:00:00.000,2006-01-15 00:00:00.000,3,Maharashtra,Gadchiroli,2,1,1,Clear,1,1,1,1,0,0,0
88377,2006,2006-06-22 00:00:00.000,2006-06-22 00:00:00.000,3,Chhattisgarh,Dantewada,1,1,1,Clear,1,1,1,1,0,0,0
88414,2006,2006-03-30 00:00:00.000,2006-03-30 00:00:00.000,1,Uttar Pradesh,Varanasi,1,1,1,Clear,1,1,1,0,0,1,0
88415,2006,2006-07-15 00:00:00.000,2006-07-15 00:00:00.000,1,Andhra Pradesh,Kurnool,1,1,1,Clear,1,1,1,0,0,1,0
88416,2006,2006-11-24 00:00:00.000,2006-11-24 00:00:00.000,1,Andhra Pradesh,East Godavari,3,1,1,Clear,1,1,1,0,0,1,0
88516,2006,2006-03-30 00:00:00.000,2006-03-30 00:00:00.000,1,Chhattisgarh,Dantewada,2,1,1,Clear,1,1,1,0,1,0,0
88518,2006,2006-01-26 00:00:00.000,2006-01-26 00:00:00.000,3,Chhattisgarh,Unspecified,4,1,1,Clear,2,2,2,2,0,0,0
88519,2006,2006-01-29 00:00:00.000,2006-01-29 00:00:00.000,3,Chhattisgarh,Bastar,3,1,1,Clear,8,8,8,8,0,0,0
88520,2006,2006-02-10 00:00:00.000,2006-02-10 00:00:00.000,3,Chhattisgarh,Dantewada,3,1,1,Clear,3,3,3,3,0,0,0
88521,2006,2006-02-11 00:00:00.000,2006-02-11 00:00:00.000,3,Chhattisgarh,Bijapur,1,1,1,Clear,5,5,5,5,0,0,0
88522,2006,2006-02-13 00:00:00.000,2006-02-13 00:00:00.000,3,Chhattisgarh,Dantewada,3,1,1,Clear,3,3,3,3,0,0,0
88523,2006,2006-03-24 00:00:00.000,2006-03-24 00:00:00.000,1,Chhattisgarh,Bastar,3,1,1,Clear,4,4,4,0,4,0,0
88524,2006,2006-02-26 00:00:00.000,2006-02-26 00:00:00.000,3,Chhattisgarh,Dantewada,3,1,1,Clear,2,2,2,2,0,0,0
88525,2006,2006-03-04 00:00:00.000,2006-03-04 00:00:00.000,3,Chhattisgarh,Unspecified,4,1,1,Clear,2,2,2,2,0,0,0
88529,2006,2006-02-28 00:00:00.000,2006-02-28 00:00:00.000,1,Chhattisgarh,Dantewada,3,1,1,Clear,41,55,41,0,41,0,0
88533,2006,2006-03-05 00:00:00.000,2006-03-05 00:00:00.000,3,Chhattisgarh,Dantewada,1,1,1,Clear,4,6,4,4,0,0,0
88534,2006,2006-04-24 00:00:00.000,2006-04-24 00:00:00.000,3,Bihar,Aurangabad,3,1,1,Clear,6,6,6,6,0,0,0
88536,2006,2006-05-16 00:00:00.000,2006-05-16 00:00:00.000,3,Maharashtra,Gadchiroli,3,1,1,Clear,12,12,12,12,0,0,0
88537,2006,2006-06-20 00:00:00.000,2006-06-20 00:00:00.000,3,Chhattisgarh,Dantewada,2,1,1,Clear,7,7,7,7,0,0,0
88541,2006,2006-07-17 00:00:00.000,2006-07-17 00:00:00.000,3,Chhattisgarh,Dantewada,1,1,1,Clear,26,26,26,26,0,0,0
88542,2006,2006-10-03 00:00:00.000,2006-10-03 00:00:00.000,1,Chhattisgarh,Dantewada,3,1,1,Clear,3,3,3,0,3,0,0
88543,2006,2006-01-18 00:00:00.000,2006-01-18 00:00:00.000,3,Andhra Pradesh,Guntur,5,1,1,Clear,1,1,1,1,0,0,0
88544,2006,2006-01-20 00:00:00.000,2006-01-20 00:00:00.000,3,Chhattisgarh,Surguja,3,1,1,Clear,1,1,1,1,0,0,0
88545,2006,2006-10-03 00:00:00.000,2006-10-03 00:00:00.000,1,Chhattisgarh,Dantewada,3,1,1,Clear,1,1,0,0,1,0,0
88546,2006,2006-10-30 00:00:00.000,2006-10-30 00:00:00.000,3,Odisha,Malkangiri,1,1,1,Clear,1,1,1,1,0,0,0
88547,2006,2006-06-23 00:00:00.000,2006-06-23 00:00:00.000,3,Chhattisgarh,Dantewada,2,1,1,Clear,3,3,3,3,0,0,0
88548,2006,2006-07-02 00:00:00.000,2006-07-02 00:00:00.000,3,West Bengal,West Midnapore,1,1,1,Clear,1,1,1,1,0,0,0
88549,2006,2006-07-04 00:00:00.000,2006-07-04 00:00:00.000,3,Chhattisgarh,Dantewada,3,1,1,Clear,1,1,1,1,0,0,0
89430,2006,2006-03-26 00:00:00.000,2006-03-26 00:00:00.000,1,Chhattisgarh,Kanker,2,1,1,Clear,1,1,1,0,1,0,0
89438,2006,2006-07-18 00:00:00.000,2006-07-18 00:00:00.000,1,Andhra Pradesh,Guntur,2,1,1,Clear,1,1,1,0,1,0,0
89442,2006,2006-11-25 00:00:00.000,2006-11-25 00:00:00.000,1,Andhra Pradesh,East Godavari,2,1,1,Clear,0,1,0,0,0,0,0
89598,2006,2006-03-30 00:00:00.000,2006-03-30 00:00:00.000,1,Chhattisgarh,Dantewada,1,1,1,Clear,0,1,0,0,0,0,0
89599,2006,2006-03-29 00:00:00.000,2006-03-29 00:00:00.000,1,Chhattisgarh,Dantewada,2,1,1,Clear,1,1,1,0,1,0,0
89602,2006,2006-07-25 00:00:00.000,2006-07-25 00:00:00.000,1,Bihar,Aurangabad,1,1,1,Clear,1,1,1,0,1,0,0
89603,2006,2006-11-26 00:00:00.000,2006-11-26 00:00:00.000,1,Maharashtra,Gadchiroli,2,1,1,Clear,4,4,4,0,0,4,0
89984,2006,2006-04-02 00:00:00.000,2006-04-02 00:00:00.000,1,Unspecified,Unspecified,5,1,1,Clear,5,5,5,0,0,5,0
89985,2006,2006-04-07 00:00:00.000,2006-04-07 00:00:00.000,1,Andhra Pradesh,Warangal,2,1,1,Clear,3,3,3,0,0,3,0
89986,2006,2006-04-07 00:00:00.000,2006-04-07 00:00:00.000,1,Andhra Pradesh,Karimnagar,2,1,1,Clear,1,1,1,0,0,1,0
89995,2006,2006-07-27 00:00:00.000,2006-07-27 00:00:00.000,1,Chhattisgarh,Bastar,3,1,1,Clear,1,1,1,0,1,0,0
89996,2006,2006-08-05 00:00:00.000,2006-08-05 00:00:00.000,1,Andhra Pradesh,Kurnool,2,1,1,Clear,2,2,2,0,1,1,0
90003,2006,2006-11-28 00:00:00.000,2006-11-28 00:00:00.000,1,Andhra Pradesh,Khammam,2,1,1,Clear,1,1,1,0,0,1,0
90004,2006,2006-12-02 00:00:00.000,2006-12-02 00:00:00.000,1,Jharkhand,Palamu,3,1,1,Clear,1,1,1,0,0,1,0
90091,2006,2006-05-03 00:00:00.000,2006-05-03 00:00:00.000,1,Chhattisgarh,Bijapur,3,1,1,Clear,2,2,2,0,0,2,0
90092,2006,2006-04-08 00:00:00.000,2006-04-08 00:00:00.000,1,Andhra Pradesh,Adilabad,3,1,1,Clear,1,1,1,0,0,1,0
90096,2006,2006-08-06 00:00:00.000,2006-08-06 00:00:00.000,1,Unspecified,Unspecified,5,1,1,Clear,3,3,3,0,0,3,0
90098,2006,2006-12-05 00:00:00.000,2006-12-05 00:00:00.000,1,Chhattisgarh,Bastar,3,1,1,Clear,2,2,2,0,0,2,0
90449,2006,2006-04-15 00:00:00.000,2006-04-15 00:00:00.000,1,Chhattisgarh,Surguja,2,1,1,Clear,2,2,2,0,1,0,1
90450,2006,2006-04-18 00:00:00.000,2006-04-18 00:00:00.000,1,Odisha,Deogarh,3,1,1,Clear,3,3,3,0,0,3,0
90461,2006,2006-08-06 00:00:00.000,2006-08-06 00:00:00.000,1,Andhra Pradesh,Kurnool,2,1,1,Clear,1,1,1,0,0,1,0
90462,2006,2006-08-12 00:00:00.000,2006-08-12 00:00:00.000,1,Maharashtra,Gadchiroli,5,1,1,Clear,3,3,3,0,0,3,0
90469,2006,2006-12-15 00:00:00.000,2006-12-15 00:00:00.000,1,West Bengal,Bankura,1,1,1,Clear,3,3,3,0,1,2,0
90478,2006,2006-03-05 00:00:00.000,2006-03-05 00:00:00.000,1,Odisha,Malkangiri,1,1,1,Clear,0,3,0,0,0,0,0
90482,2006,2006-05-13 00:00:00.000,2006-05-13 00:00:00.000,1,Chhattisgarh,Unspecified,4,1,1,Clear,4,4,4,0,4,0,0
90483,2006,2006-06-08 00:00:00.000,2006-06-08 00:00:00.000,1,Chhattisgarh,Dantewada,3,1,1,Clear,11,11,10,1,0,10,0
90485,2006,2006-01-29 00:00:00.000,2006-01-29 00:00:00.000,1,Chhattisgarh,Bastar,3,1,1,Clear,3,3,3,0,0,3,0
90486,2006,2006-02-06 00:00:00.000,2006-02-06 00:00:00.000,1,Chhattisgarh,Jashpur,3,1,1,Clear,2,3,2,0,2,0,0
90488,2006,2006-02-06 00:00:00.000,2006-02-06 00:00:00.000,1,Chhattisgarh,Unspecified,4,1,1,Clear,9,10,9,0,9,0,0
90489,2006,2006-02-10 00:00:00.000,2006-02-10 00:00:00.000,1,Chhattisgarh,Dantewada,3,1,1,Clear,8,8,8,0,8,0,0
90490,2006,2006-02-26 00:00:00.000,2006-02-26 00:00:00.000,1,West Bengal,Unspecified,4,1,1,Clear,4,4,4,0,4,0,0
90491,2006,2006-03-04 00:00:00.000,2006-03-04 00:00:00.000,1,Jharkhand,Bokaro,2,1,1,Clear,7,7,7,0,7,0,0
90492,2006,2006-03-16 00:00:00.000,2006-03-16 00:00:00.000,1,Jharkhand,Palamu,3,1,1,Clear,3,4,3,0,3,0,0
90493,2006,2006-03-24 00:00:00.000,2006-03-24 00:00:00.000,1,Unspecified,Unspecified,5,1,1,Clear,1,1,1,0,0,1,0
90494,2006,2006-03-25 00:00:00.000,2006-03-25 00:00:00.000,1,Chhattisgarh,Dantewada,2,1,1,Clear,3,5,3,0,0,3,0
90495,2006,2006-03-20 00:00:00.000,2006-03-20 00:00:00.000,1,Chhattisgarh,Rajnandgaon,1,1,1,Clear,2,2,2,0,2,0,0
90496,2006,2006-03-24 00:00:00.000,2006-03-24 00:00:00.000,1,Odisha,Gajapati,1,1,1,Clear,3,3,3,0,3,0,0
90497,2006,2006-06-01 00:00:00.000,2006-06-01 00:00:00.000,1,Jharkhand,West Singhbhum,1,1,1,Clear,12,12,12,0,12,0,0
90498,2006,2006-12-02 00:00:00.000,2006-12-02 00:00:00.000,1,Chhattisgarh,Unspecified,4,1,1,Clear,4,4,4,0,0,4,0
90499,2006,2006-03-24 00:00:00.000,2006-03-24 00:00:00.000,1,Chhattisgarh,Kanker,3,1,1,Clear,13,13,13,13,0,0,0
90500,2006,2006-03-26 00:00:00.000,2006-03-26 00:00:00.000,1,Chhattisgarh,Dantewada,2,1,1,Clear,5,8,5,0,0,5,0
90501,2006,2006-04-03 00:00:00.000,2006-04-03 00:00:00.000,1,Bihar,Unspecified,4,1,1,Clear,1,1,1,0,1,0,0
90502,2006,2006-04-16 00:00:00.000,2006-04-16 00:00:00.000,1,Chhattisgarh,Dantewada,2,1,1,Clear,10,11,10,0,10,0,0
90503,2006,2006-04-21 00:00:00.000,2006-04-21 00:00:00.000,1,Andhra Pradesh,Warangal,2,1,1,Clear,4,4,4,0,0,4,0
90504,2006,2006-05-01 00:00:00.000,2006-05-01 00:00:00.000,1,Andhra Pradesh,Mahbubnagar,1,1,1,Clear,4,4,4,0,0,4,0
90505,2006,2006-04-28 00:00:00.000,2006-04-28 00:00:00.000,1,Andhra Pradesh,Cuddapah,2,1,1,Clear,11,11,11,0,0,11,0
90506,2006,2006-05-09 00:00:00.000,2006-05-09 00:00:00.000,1,Chhattisgarh,Dantewada,3,1,1,Clear,5,5,5,0,0,5,0
90507,2006,2006-06-19 00:00:00.000,2006-06-19 00:00:00.000,1,Andhra Pradesh,Unspecified,4,1,1,Clear,1,1,1,0,0,1,0
90508,2006,2006-06-26 00:00:00.000,2006-06-26 00:00:00.000,1,Jharkhand,Bokaro,3,1,1,Clear,7,7,7,0,1,6,0
90509,2006,2006-06-27 00:00:00.000,2006-06-27 00:00:00.000,1,Andhra Pradesh,Mahbubnagar,3,1,1,Clear,8,8,8,0,0,8,0
90511,2006,2006-06-28 00:00:00.000,2006-06-28 00:00:00.000,1,Chhattisgarh,Unspecified,4,1,1,Clear,6,6,6,0,0,6,0
90512,2006,2006-07-17 00:00:00.000,2006-07-17 00:00:00.000,1,Chhattisgarh,Dantewada,1,1,1,Clear,4,4,4,0,0,4,0
90515,2006,2006-09-16 00:00:00.000,2006-09-16 00:00:00.000,1,Chhattisgarh,Kanker,3,1,1,Clear,1,4,1,0,0,1,0
90516,2006,2006-10-23 00:00:00.000,2006-10-23 00:00:00.000,1,Odisha,Rayagada,3,1,1,Clear,1,1,1,0,1,0,0
90517,2006,2006-12-02 00:00:00.000,2006-12-02 00:00:00.000,1,Jharkhand,Unspecified,4,1,1,Clear,13,14,13,0,13,0,0
90519,2006,2006-12-12 00:00:00.000,2006-12-12 00:00:00.000,1,Chhattisgarh,Bijapur,3,1,1,Clear,4,4,4,0,4,0,0
90520,2006,2006-12-28 00:00:00.000,2006-12-28 00:00:00.000,1,Andhra Pradesh,Visakhapatnam,3,1,1,Clear,2,2,2,0,0,1,1
90521,2006,2006-01-01 00:00:00.000,2006-01-01 00:00:00.000,1,Maharashtra,Gadchiroli,2,1,1,Clear,6,6,6,0,0,6,0
90522,2006,2006-01-15 00:00:00.000,2006-01-15 00:00:00.000,1,Jharkhand,West Singhbhum,2,1,1,Clear,1,1,1,0,1,0,0
106782,2006,2006-03-25 00:00:00.000,2006-03-25 00:00:00.000,1,Chhattisgarh,Bijapur,1,1,1,Clear,1,1,1,0,1,0,0
113924,2006,2006-06-08 00:00:00.000,2006-06-08 00:00:00.000,1,Chhattisgarh,Surguja,2,1,1,Clear,3,3,3,0,0,3,0
113953,2006,2006-02-28 00:00:00.000,2006-02-28 00:00:00.000,1,Chhattisgarh,Dantewada,2,1,1,Clear,55,60,0,0,0,0,55
378710,2006,2006-10-12 00:00:00.000,2006-10-12 00:00:00.000,3,Andhra Pradesh,Khammam,2,1,1,Clear,1,1,1,1,0,0,0
71751,2007,2007-07-18 00:00:00.000,2007-07-18 00:00:00.000,3,Chhattisgarh,Dantewada,2,1,1,Clear,1,1,1,1,0,0,0
71752,2007,2007-12-01 00:00:00.000,2007-12-01 00:00:00.000,3,Andhra Pradesh,Mahbubnagar,2,1,1,Clear,1,1,1,1,0,0,0
71754,2007,2007-07-05 00:00:00.000,2007-07-05 00:00:00.000,1,Chhattisgarh,Bijapur,3,1,1,Clear,1,1,1,0,1,0,0
71883,2007,2007-12-06 00:00:00.000,2007-12-06 00:00:00.000,3,Andhra Pradesh,Nalgonda,1,1,1,Clear,1,1,1,1,0,0,0
71884,2007,2007-12-06 00:00:00.000,2007-12-06 00:00:00.000,3,West Bengal,West Midnapore,2,1,1,Clear,1,1,1,1,0,0,0
71891,2007,2007-07-24 00:00:00.000,2007-07-24 00:00:00.000,3,Andhra Pradesh,Guntur,3,1,1,Clear,1,1,1,1,0,0,0
71892,2007,2007-07-25 00:00:00.000,2007-07-25 00:00:00.000,3,Chhattisgarh,Bijapur,2,1,1,Clear,1,1,1,1,0,0,0
71894,2007,2007-07-08 00:00:00.000,2007-07-08 00:00:00.000,1,Chhattisgarh,Dantewada,2,1,1,Clear,1,1,1,0,1,0,0
71895,2007,2007-12-04 00:00:00.000,2007-12-04 00:00:00.000,3,Chhattisgarh,Bijapur,3,1,1,Clear,3,3,3,3,0,0,0
71896,2007,2007-07-29 00:00:00.000,2007-07-29 00:00:00.000,3,Chhattisgarh,Dantewada,2,1,1,Clear,1,1,1,1,0,0,0
71897,2007,2007-08-01 00:00:00.000,2007-08-01 00:00:00.000,3,Chhattisgarh,Bijapur,2,1,1,Clear,1,1,1,1,0,0,0
71905,2007,2007-01-04 00:00:00.000,2007-01-04 00:00:00.000,3,Maharashtra,Gadchiroli,1,1,1,Clear,1,1,1,1,0,0,0
71906,2007,2007-01-20 00:00:00.000,2007-01-20 00:00:00.000,3,Bihar,Gaya,3,1,1,Clear,1,1,1,1,0,0,0
71907,2007,2007-01-23 00:00:00.000,2007-01-23 00:00:00.000,3,Andhra Pradesh,Prakasam,3,1,1,Clear,1,1,1,1,0,0,0
71908,2007,2007-02-02 00:00:00.000,2007-02-02 00:00:00.000,3,Andhra Pradesh,Visakhapatnam,1,1,1,Clear,1,1,1,1,0,0,0
72151,2007,2007-02-11 00:00:00.000,2007-02-11 00:00:00.000,3,Chhattisgarh,Bastar,3,1,1,Clear,1,1,1,1,0,0,0
72152,2007,2007-08-01 00:00:00.000,2007-08-01 00:00:00.000,3,Chhattisgarh,Dantewada,2,1,1,Clear,1,1,1,1,0,0,0
72153,2007,2007-12-10 00:00:00.000,2007-12-10 00:00:00.000,3,Bihar,Vaishali,1,1,1,Clear,4,4,4,4,0,0,0
72154,2007,2007-01-13 00:00:00.000,2007-01-13 00:00:00.000,1,Andhra Pradesh,Nalgonda,1,1,1,Clear,4,4,4,0,0,4,0
72155,2007,2007-07-28 00:00:00.000,2007-07-28 00:00:00.000,1,Chhattisgarh,Bijapur,2,1,1,Clear,1,1,1,0,1,0,0
72237,2007,2007-07-30 00:00:00.000,2007-07-30 00:00:00.000,1,Chhattisgarh,Dantewada,3,1,1,Clear,1,1,1,0,0,1,0
72248,2007,2007-01-20 00:00:00.000,2007-01-20 00:00:00.000,1,Chhattisgarh,Bastar,3,1,1,Clear,3,3,3,0,1,2,0
72249,2007,2007-02-18 00:00:00.000,2007-02-18 00:00:00.000,3,Maharashtra,Gadchiroli,1,1,1,Clear,1,1,1,1,0,0,0
72254,2007,2007-08-02 00:00:00.000,2007-08-02 00:00:00.000,3,Chhattisgarh,Surguja,1,1,1,Clear,1,1,1,1,0,0,0
72255,2007,2007-08-04 00:00:00.000,2007-08-04 00:00:00.000,3,Odisha,Malkangiri,1,1,1,Clear,1,1,1,1,0,0,0
72259,2007,2007-12-27 00:00:00.000,2007-12-27 00:00:00.000,3,Andhra Pradesh,Visakhapatnam,2,1,1,Clear,1,1,1,1,0,0,0
72356,2007,2007-02-28 00:00:00.000,2007-02-28 00:00:00.000,3,Maharashtra,Gadchiroli,1,1,1,Clear,1,1,1,1,0,0,0
72357,2007,2007-08-06 00:00:00.000,2007-08-06 00:00:00.000,3,Chhattisgarh,Narayanpur,3,1,1,Clear,1,1,1,1,0,0,0
72359,2007,2007-01-21 00:00:00.000,2007-01-21 00:00:00.000,1,Chhattisgarh,Bastar,3,1,1,Clear,3,3,3,0,0,3,0
72360,2007,2007-09-02 00:00:00.000,2007-09-02 00:00:00.000,1,Chhattisgarh,Bastar,3,1,1,Clear,2,2,2,0,0,2,0
72438,2007,2007-08-19 00:00:00.000,2007-08-19 00:00:00.000,3,Andhra Pradesh,Saran,1,1,1,Clear,3,3,3,3,0,0,0
72439,2007,2007-08-22 00:00:00.000,2007-08-22 00:00:00.000,3,Chhattisgarh,Bijapur,1,1,1,Clear,1,1,1,1,0,0,0
72447,2007,2007-01-22 00:00:00.000,2007-01-22 00:00:00.000,1,Bihar,Buxar,3,1,1,Clear,1,1,1,0,1,0,0
72448,2007,2007-01-26 00:00:00.000,2007-01-26 00:00:00.000,1,Odisha,Unspecified,4,1,1,Clear,1,1,1,0,1,0,0
72449,2007,2007-09-14 00:00:00.000,2007-09-14 00:00:00.000,1,Chhattisgarh,Bijapur,2,1,1,Clear,1,1,1,0,1,0,0
72458,2007,2007-03-05 00:00:00.000,2007-03-05 00:00:00.000,3,Andhra Pradesh,Mahbubnagar,2,1,1,Clear,1,1,1,1,0,0,0
72555,2007,2007-03-12 00:00:00.000,2007-03-12 00:00:00.000,3,Chhattisgarh,Kanker,3,1,1,Clear,2,2,2,2,0,0,0
72556,2007,2007-09-03 00:00:00.000,2007-09-03 00:00:00.000,3,Maharashtra,Gadchiroli,3,1,1,Clear,1,1,1,1,0,0,0
72558,2007,2007-01-29 00:00:00.000,2007-01-29 00:00:00.000,1,Andhra Pradesh,Khammam,3,1,1,Clear,1,1,1,0,1,0,0
72559,2007,2007-10-07 00:00:00.000,2007-10-07 00:00:00.000,1,Jharkhand,Simdega,3,1,1,Clear,1,1,1,1,0,0,0
72671,2007,2007-03-16 00:00:00.000,2007-03-16 00:00:00.000,3,Chhattisgarh,Rajnandgaon,2,1,1,Clear,1,1,1,1,0,0,0
72672,2007,2007-03-16 00:00:00.000,2007-03-16 00:00:00.000,3,Chhattisgarh,Bijapur,2,1,1,Clear,1,1,1,1,0,0,0
72673,2007,2007-01-01 00:00:00.000,2007-03-31 00:00:00.000,3,Maharashtra,Unspecified,4,5,2,Clear,0,8,0,0,0,0,0
72674,2007,2007-09-03 00:00:00.000,2007-09-03 00:00:00.000,3,Chhattisgarh,Bijapur,2,1,1,Clear,1,1,1,1,0,0,0
72682,2007,2007-01-31 00:00:00.000,2007-01-31 00:00:00.000,1,Chhattisgarh,Bijapur,3,1,1,Clear,2,2,2,0,0,2,0
72683,2007,2007-01-31 00:00:00.000,2007-01-31 00:00:00.000,1,Chhattisgarh,Dantewada,3,1,1,Clear,1,1,1,0,0,1,0
72790,2007,2007-04-24 00:00:00.000,2007-04-24 00:00:00.000,3,Odisha,Malkangiri,3,1,1,Clear,1,1,1,1,0,0,0
72791,2007,2007-09-25 00:00:00.000,2007-09-25 00:00:00.000,3,Andhra Pradesh,Visakhapatnam,2,1,1,Clear,1,1,1,1,0,0,0
72793,2007,2007-02-01 00:00:00.000,2007-02-01 00:00:00.000,1,Andhra Pradesh,Khammam,1,1,1,Clear,2,2,2,0,0,2,0
72794,2007,2007-12-03 00:00:00.000,2007-12-03 00:00:00.000,1,Maharashtra,Gadchiroli,1,1,1,Clear,0,3,0,0,0,0,0
72802,2007,2007-04-24 00:00:00.000,2007-04-24 00:00:00.000,3,Jharkhand,Ranchi,1,1,1,Clear,2,2,2,2,0,0,0
72803,2007,2007-01-01 00:00:00.000,2007-09-30 00:00:00.000,3,Unspecified,Unspecified,6,5,2,Clear,0,17,0,0,0,0,0
72818,2007,2007-02-05 00:00:00.000,2007-02-05 00:00:00.000,1,Jharkhand,Chatra,1,1,1,Clear,1,1,1,1,0,0,0
72837,2007,2007-12-05 00:00:00.000,2007-12-05 00:00:00.000,1,Andhra Pradesh,Visakhapatnam,2,1,1,Clear,3,3,3,0,0,3,0
72910,2007,2007-05-23 00:00:00.000,2007-05-23 00:00:00.000,3,Bihar,East Champaran,1,1,1,Clear,2,2,2,2,0,0,0
72911,2007,2007-10-01 00:00:00.000,2007-10-01 00:00:00.000,3,Maharashtra,Gadchiroli,3,1,1,Clear,1,1,1,1,0,0,0
72913,2007,2007-02-06 00:00:00.000,2007-02-06 00:00:00.000,1,Chhattisgarh,Dantewada,2,1,1,Clear,2,2,2,0,0,2,0
72914,2007,2007-12-14 00:00:00.000,2007-12-14 00:00:00.000,1,Chhattisgarh,Bijapur,3,1,1,Clear,1,1,1,0,1,0,0
72997,2007,2007-02-12 00:00:00.000,2007-02-12 00:00:00.000,1,Odisha,Malkangiri,2,1,1,Clear,1,1,1,0,0,1,0
72998,2007,2007-02-24 00:00:00.000,2007-02-24 00:00:00.000,1,Chhattisgarh,Bijapur,3,1,1,Clear,1,1,1,0,0,1,0
73001,2007,2007-10-07 00:00:00.000,2007-10-07 00:00:00.000,3,Andhra Pradesh,Visakhapatnam,1,1,1,Clear,1,1,1,1,0,0,0
73011,2007,2007-12-18 00:00:00.000,2007-12-18 00:00:00.000,1,Odisha,Rayagada,2,1,1,Clear,1,1,1,0,0,1,0
73012,2007,2007-12-21 00:00:00.000,2007-12-21 00:00:00.000,1,Andhra Pradesh,East Godavari,2,1,1,Clear,2,2,2,0,0,2,0
73020,2007,2007-05-26 00:00:00.000,2007-05-26 00:00:00.000,3,Jharkhand,Chatra,2,1,1,Clear,1,1,1,1,0,0,0
73021,2007,2007-05-27 00:00:00.000,2007-05-27 00:00:00.000,3,Chhattisgarh,Surguja,3,1,1,Clear,1,1,1,1,0,0,0
73118,2007,2007-05-28 00:00:00.000,2007-05-28 00:00:00.000,3,Andhra Pradesh,Visakhapatnam,1,1,1,Clear,1,1,1,1,0,0,0
73119,2007,2007-10-14 00:00:00.000,2007-10-14 00:00:00.000,3,Maharashtra,Gadchiroli,3,1,1,Clear,2,2,2,2,0,0,0
73121,2007,2007-03-19 00:00:00.000,2007-03-19 00:00:00.000,1,Odisha,Malkangiri,2,1,1,Clear,2,2,2,0,0,2,0
73122,2007,2007-12-29 00:00:00.000,2007-12-29 00:00:00.000,1,Jharkhand,Hazaribagh,3,1,1,Clear,2,2,2,0,0,2,0
73230,2007,2007-03-23 00:00:00.000,2007-03-23 00:00:00.000,1,Andhra Pradesh,Visakhapatnam,2,1,1,Clear,1,1,1,0,1,0,0
73231,2007,2007-03-29 00:00:00.000,2007-03-29 00:00:00.000,1,Andhra Pradesh,Nalgonda,2,1,1,Clear,2,2,2,0,0,2,0
73232,2007,2007-05-30 00:00:00.000,2007-05-30 00:00:00.000,3,Chhattisgarh,Dantewada,2,1,1,Clear,3,3,3,3,0,0,0
73233,2007,2007-10-14 00:00:00.000,2007-10-14 00:00:00.000,3,Chhattisgarh,Dantewada,1,1,1,Clear,1,1,1,1,0,0,0
73239,2007,2007-03-31 00:00:00.000,2007-03-31 00:00:00.000,1,Bihar,Sitamarhi,2,1,1,Clear,1,1,1,0,1,0,0
73244,2007,2007-05-28 00:00:00.000,2007-05-28 00:00:00.000,3,Chhattisgarh,Dantewada,3,1,1,Clear,3,3,3,3,0,0,0
73245,2007,2007-05-29 00:00:00.000,2007-05-29 00:00:00.000,1,Chhattisgarh,Dantewada,1,1,1,Clear,1,1,1,0,1,0,0
73246,2007,2007-05-29 00:00:00.000,2007-05-29 00:00:00.000,3,Bihar,Munger,1,1,1,Clear,2,2,2,2,0,0,0
73438,2007,2007-05-30 00:00:00.000,2007-05-30 00:00:00.000,1,Chhattisgarh,Dantewada,1,1,1,Clear,1,1,1,0,1,0,0
73439,2007,2007-11-15 00:00:00.000,2007-11-15 00:00:00.000,3,Jharkhand,Dumka,1,1,1,Clear,1,1,1,1,0,0,0
73441,2007,2007-04-15 00:00:00.000,2007-04-15 00:00:00.000,1,Chhattisgarh,Dantewada,3,1,1,Clear,2,2,2,0,0,2,0
78171,2007,2007-04-01 00:00:00.000,2007-04-01 00:00:00.000,3,Chhattisgarh,Dantewada,1,1,1,Clear,2,2,2,2,0,0,0
78189,2007,2007-02-01 00:00:00.000,2007-02-01 00:00:00.000,1,Odisha,Dhenkanal,2,1,1,Clear,3,3,3,0,3,0,0
78191,2007,2007-05-08 00:00:00.000,2007-05-08 00:00:00.000,1,Odisha,Mayurbhanj,1,1,1,Clear,1,1,1,1,0,0,0
78193,2007,2007-06-03 00:00:00.000,2007-06-03 00:00:00.000,3,Karnataka,Chikmagalur,1,1,1,Clear,1,1,1,1,0,0,0
78219,2007,2007-01-09 00:00:00.000,2007-01-09 00:00:00.000,3,West Bengal,West Midnapore,2,1,1,Clear,1,1,1,1,0,0,0
78675,2007,2007-05-31 00:00:00.000,2007-05-31 00:00:00.000,3,Jharkhand,Giridih,1,1,1,Clear,2,2,2,2,0,0,0
78676,2007,2007-06-18 00:00:00.000,2007-06-18 00:00:00.000,3,Chhattisgarh,Bijapur,1,1,1,Clear,1,1,1,1,0,0,0
78677,2007,2007-11-16 00:00:00.000,2007-11-16 00:00:00.000,3,Andhra Pradesh,Khammam,2,1,1,Clear,3,3,3,3,0,0,0
78678,2007,2007-11-16 00:00:00.000,2007-11-16 00:00:00.000,3,Chhattisgarh,Kanker,2,1,1,Clear,2,2,2,2,0,0,0
78692,2007,2007-04-15 00:00:00.000,2007-04-15 00:00:00.000,1,Chhattisgarh,Dantewada,2,1,1,Clear,1,1,1,0,1,0,0
78711,2007,2007-07-02 00:00:00.000,2007-07-08 00:00:00.000,3,Chhattisgarh,Bijapur,3,3,2,Clear,3,3,3,3,0,0,0
78714,2007,2007-11-19 00:00:00.000,2007-11-19 00:00:00.000,3,West Bengal,Purulia,1,1,1,Clear,1,1,1,1,0,0,0
78720,2007,2007-05-18 00:00:00.000,2007-05-18 00:00:00.000,1,Chhattisgarh,Dantewada,3,1,1,Clear,1,1,1,0,1,0,0
81757,2007,2007-05-28 00:00:00.000,2007-05-28 00:00:00.000,1,Chhattisgarh,Unspecified,4,1,1,Clear,1,1,1,0,1,0,0
81758,2007,2007-06-02 00:00:00.000,2007-06-02 00:00:00.000,1,Chhattisgarh,Bijapur,3,1,1,Clear,4,4,4,0,0,4,0
81781,2007,2007-11-21 00:00:00.000,2007-11-21 00:00:00.000,3,Chhattisgarh,Kanker,1,1,1,Clear,1,1,1,1,0,0,0
81784,2007,2007-07-12 00:00:00.000,2007-07-12 00:00:00.000,3,Andhra Pradesh,Khammam,2,1,1,Clear,1,1,1,1,0,0,0
81796,2007,2007-07-14 00:00:00.000,2007-07-14 00:00:00.000,3,Andhra Pradesh,Vizianagaram,3,1,1,Clear,1,1,1,1,0,0,0
81797,2007,2007-11-22 00:00:00.000,2007-11-22 00:00:00.000,3,Jharkhand,Chatra,3,1,1,Clear,1,1,1,1,0,0,0
81800,2007,2007-06-05 00:00:00.000,2007-06-05 00:00:00.000,1,Bihar,Unspecified,4,1,1,Clear,2,2,2,0,2,0,0
81911,2007,2007-07-17 00:00:00.000,2007-07-17 00:00:00.000,3,Chhattisgarh,Bijapur,2,1,1,Clear,3,2,3,3,0,0,0
81913,2007,2007-07-17 00:00:00.000,2007-07-17 00:00:00.000,3,Chhattisgarh,Dantewada,1,1,1,Clear,1,1,1,1,0,0,0
81921,2007,2007-11-27 00:00:00.000,2007-11-27 00:00:00.000,3,Chhattisgarh,Bijapur,1,1,1,Clear,1,1,1,1,0,0,0
81924,2007,2007-11-25 00:00:00.000,2007-11-25 00:00:00.000,3,Jharkhand,Hazaribagh,3,1,1,Clear,1,1,1,1,0,0,0
81928,2007,2007-06-05 00:00:00.000,2007-06-05 00:00:00.000,3,Chhattisgarh,Unspecified,4,1,1,Clear,0,3,0,0,0,0,0
81929,2007,2007-06-13 00:00:00.000,2007-06-13 00:00:00.000,3,Chhattisgarh,Dantewada,3,1,1,Clear,2,2,2,2,0,0,0
81930,2007,2007-06-22 00:00:00.000,2007-06-22 00:00:00.000,3,Odisha,Deogarh,1,1,1,Clear,2,1,2,2,0,0,0
81931,2007,2007-06-28 00:00:00.000,2007-06-28 00:00:00.000,3,Jharkhand,Ranchi,2,1,1,Clear,0,1,0,0,0,0,0
81932,2007,2007-07-01 00:00:00.000,2007-07-01 00:00:00.000,3,Bihar,Unspecified,4,1,1,Clear,3,3,3,3,0,0,0
81933,2007,2007-07-04 00:00:00.000,2007-07-04 00:00:00.000,3,Chhattisgarh,Bijapur,2,1,1,Clear,1,1,1,1,0,0,0
81934,2007,2007-07-06 00:00:00.000,2007-07-06 00:00:00.000,3,Chhattisgarh,Dantewada,2,1,1,Clear,2,2,2,2,0,0,0
81935,2007,2007-07-01 00:00:00.000,2007-07-01 00:00:00.000,3,Chhattisgarh,Bijapur,1,1,1,Clear,2,2,2,2,0,0,0
81936,2007,2007-07-06 00:00:00.000,2007-07-06 00:00:00.000,3,Chhattisgarh,Bijapur,3,1,1,Clear,0,3,0,0,0,0,0
81937,2007,2007-07-19 00:00:00.000,2007-07-19 00:00:00.000,3,Jharkhand,Garhwa,3,1,1,Clear,1,1,1,1,0,0,0
81938,2007,2007-08-06 00:00:00.000,2007-08-06 00:00:00.000,3,Jharkhand,Ranchi,1,1,1,Clear,2,2,2,2,0,0,0
81941,2007,2007-10-22 00:00:00.000,2007-10-22 00:00:00.000,3,Andhra Pradesh,Visakhapatnam,2,1,1,Clear,1,1,1,1,0,0,0
81942,2007,2007-10-26 00:00:00.000,2007-10-26 00:00:00.000,3,Chhattisgarh,Bijapur,3,1,1,Clear,1,1,1,1,0,0,0
81943,2007,2007-10-26 00:00:00.000,2007-10-26 00:00:00.000,3,Chhattisgarh,Narayanpur,3,1,1,Clear,1,1,1,1,0,0,0
81944,2007,2007-11-12 00:00:00.000,2007-11-12 00:00:00.000,3,Chhattisgarh,Narayanpur,3,1,1,Clear,1,1,1,1,0,0,0
81945,2007,2007-10-27 00:00:00.000,2007-10-27 00:00:00.000,3,Jharkhand,Giridih,3,1,1,Clear,18,18,18,18,0,0,0
81946,2007,2007-10-28 00:00:00.000,2007-10-28 00:00:00.000,3,Jharkhand,Latehar,3,1,1,Clear,5,5,5,5,0,0,0
81947,2007,2007-11-15 00:00:00.000,2007-11-15 00:00:00.000,3,Andhra Pradesh,Visakhapatnam,2,1,1,Clear,1,1,1,1,0,0,0
82028,2007,2007-06-10 00:00:00.000,2007-06-10 00:00:00.000,1,Chhattisgarh,Narayanpur,2,1,1,Clear,1,1,1,0,1,0,0
82031,2007,2007-01-08 00:00:00.000,2007-01-08 00:00:00.000,1,Chhattisgarh,Narayanpur,2,1,1,Clear,4,4,4,0,0,4,0
82033,2007,2007-01-11 00:00:00.000,2007-01-11 00:00:00.000,1,Andhra Pradesh,Khammam,3,1,1,Clear,2,2,2,0,0,2,0
82034,2007,2007-01-16 00:00:00.000,2007-01-16 00:00:00.000,1,Chhattisgarh,Bastar,3,1,1,Clear,7,7,7,0,7,0,0
82035,2007,2007-02-07 00:00:00.000,2007-02-07 00:00:00.000,1,Chhattisgarh,Unspecified,4,1,1,Clear,7,7,7,0,6,0,1
82036,2007,2007-02-15 00:00:00.000,2007-02-15 00:00:00.000,1,Chhattisgarh,Unspecified,4,1,1,Clear,3,3,3,0,3,0,0
82037,2007,2007-02-25 00:00:00.000,2007-02-25 00:00:00.000,1,Bihar,Gaya,2,1,1,Clear,2,2,2,0,0,2,0
82038,2007,2007-02-27 00:00:00.000,2007-02-27 00:00:00.000,1,Bihar,Unspecified,4,1,1,Clear,4,4,4,0,4,0,0
82039,2007,2007-03-01 00:00:00.000,2007-03-01 00:00:00.000,1,Chhattisgarh,Dantewada,3,1,1,Clear,8,8,8,2,6,0,0
82040,2007,2007-03-02 00:00:00.000,2007-03-02 00:00:00.000,1,Andhra Pradesh,East Godavari,2,1,1,Clear,3,3,3,0,0,3,0
82041,2007,2007-03-03 00:00:00.000,2007-03-03 00:00:00.000,1,Jharkhand,Unspecified,4,1,1,Clear,6,6,6,1,1,0,4
82042,2007,2007-03-08 00:00:00.000,2007-03-08 00:00:00.000,1,Maharashtra,Gadchiroli,1,1,1,Clear,1,1,1,0,0,1,0
82043,2007,2007-03-14 00:00:00.000,2007-03-14 00:00:00.000,1,Chhattisgarh,Bijapur,3,1,1,Clear,55,55,55,0,55,0,0
82044,2007,2007-03-16 00:00:00.000,2007-03-16 00:00:00.000,1,Chhattisgarh,Kanker,1,1,1,Clear,0,1,0,0,0,0,0
82045,2007,2007-03-17 00:00:00.000,2007-03-17 00:00:00.000,1,Chhattisgarh,Bijapur,2,1,1,Clear,1,5,1,0,0,1,0
82046,2007,2007-04-06 00:00:00.000,2007-04-06 00:00:00.000,1,Jharkhand,Bokaro,3,1,1,Clear,6,6,6,4,2,0,0
82047,2007,2007-04-08 00:00:00.000,2007-04-08 00:00:00.000,1,Bihar,Jamui,2,1,1,Clear,2,2,2,0,2,0,0
82048,2007,2007-04-11 00:00:00.000,2007-04-11 00:00:00.000,1,Chhattisgarh,Dantewada,3,1,1,Clear,3,3,3,0,3,0,0
82049,2007,2007-04-13 00:00:00.000,2007-04-13 00:00:00.000,1,Chhattisgarh,Dantewada,3,1,1,Clear,1,1,1,0,0,1,0
82050,2007,2007-04-18 00:00:00.000,2007-04-18 00:00:00.000,1,Uttar Pradesh,Chandauli,2,1,1,Clear,1,1,1,0,0,1,0
82051,2007,2007-04-20 00:00:00.000,2007-04-20 00:00:00.000,1,Andhra Pradesh,Warangal,3,1,1,Clear,1,1,1,0,0,1,0
82052,2007,2007-04-21 00:00:00.000,2007-04-21 00:00:00.000,1,Jharkhand,Giridih,2,1,1,Clear,2,2,2,0,0,2,0
82053,2007,2007-04-22 00:00:00.000,2007-04-22 00:00:00.000,1,Jharkhand,Giridih,2,1,1,Clear,1,1,1,0,1,0,0
82054,2007,2007-04-23 00:00:00.000,2007-04-23 00:00:00.000,1,Chhattisgarh,Bastar,2,1,1,Clear,2,2,2,0,0,2,0
82055,2007,2007-04-24 00:00:00.000,2007-04-24 00:00:00.000,1,Chhattisgarh,Unspecified,4,1,1,Clear,0,4,0,0,0,0,0
82056,2007,2007-04-24 00:00:00.000,2007-04-24 00:00:00.000,1,Chhattisgarh,Dantewada,3,1,1,Clear,2,2,2,0,0,2,0
82057,2007,2007-04-24 00:00:00.000,2007-04-24 00:00:00.000,1,Odisha,Malkangiri,1,1,1,Clear,3,4,3,0,1,2,0
82058,2007,2007-05-12 00:00:00.000,2007-05-12 00:00:00.000,1,Jharkhand,Garhwa,3,1,1,Clear,5,5,5,0,0,5,0
82059,2007,2007-05-17 00:00:00.000,2007-05-17 00:00:00.000,1,Chhattisgarh,Dantewada,2,1,1,Clear,2,2,2,0,0,2,0
82060,2007,2007-04-26 00:00:00.000,2007-04-26 00:00:00.000,1,Chhattisgarh,Kanker,1,1,1,Clear,4,4,4,0,4,0,0
82061,2007,2007-04-28 00:00:00.000,2007-04-28 00:00:00.000,1,Chhattisgarh,Dantewada,3,1,1,Clear,1,1,1,0,0,1,0
82062,2007,2007-05-09 00:00:00.000,2007-05-09 00:00:00.000,1,Bihar,Khagaria,3,1,1,Clear,1,1,1,0,1,0,0
82063,2007,2007-06-17 00:00:00.000,2007-06-17 00:00:00.000,1,Chhattisgarh,Bijapur,2,1,1,Clear,3,3,3,0,0,3,0
82064,2007,2007-05-12 00:00:00.000,2007-05-12 00:00:00.000,1,Chhattisgarh,Bastar,1,1,1,Clear,1,1,1,0,1,0,0
82065,2007,2007-05-22 00:00:00.000,2007-05-22 00:00:00.000,1,Chhattisgarh,Dantewada,3,1,1,Clear,1,1,1,0,1,0,0
82066,2007,2007-05-28 00:00:00.000,2007-05-28 00:00:00.000,1,Chhattisgarh,Bastar,3,1,1,Clear,9,9,9,0,9,0,0
82067,2007,2007-06-10 00:00:00.000,2007-06-10 00:00:00.000,1,Odisha,Dhenkanal,3,1,1,Clear,2,2,2,0,0,2,0
82068,2007,2007-06-20 00:00:00.000,2007-06-20 00:00:00.000,1,Bihar,Unspecified,4,1,1,Clear,2,2,0,0,2,0,0
82069,2007,2007-06-21 00:00:00.000,2007-06-21 00:00:00.000,1,Jharkhand,Gumla,1,1,1,Clear,2,2,0,0,2,0,0
82070,2007,2007-06-22 00:00:00.000,2007-06-22 00:00:00.000,1,Andhra Pradesh,Anantapur,1,1,1,Clear,1,1,1,0,0,1,0
82071,2007,2007-06-22 00:00:00.000,2007-06-22 00:00:00.000,1,Andhra Pradesh,Khammam,2,1,1,Clear,1,1,1,0,1,0,0
82072,2007,2007-06-24 00:00:00.000,2007-06-24 00:00:00.000,1,Chhattisgarh,Dantewada,3,1,1,Clear,2,2,2,0,2,0,0
82073,2007,2007-07-01 00:00:00.000,2007-07-01 00:00:00.000,1,Andhra Pradesh,Warangal,2,1,1,Clear,1,1,1,0,0,1,0
82074,2007,2007-07-01 00:00:00.000,2007-07-01 00:00:00.000,1,Bihar,Unspecified,4,1,1,Clear,8,13,8,0,6,0,2
82075,2007,2007-07-10 00:00:00.000,2007-07-10 00:00:00.000,1,Karnataka,Chikmagalur,3,1,1,Clear,5,5,5,0,0,1,4
82076,2007,2007-07-16 00:00:00.000,2007-07-16 00:00:00.000,1,Chhattisgarh,Bastar,3,1,1,Clear,1,1,1,0,0,1,0
82077,2007,2007-07-17 00:00:00.000,2007-07-17 00:00:00.000,1,Karnataka,Shimoga,2,1,1,Clear,2,2,2,0,1,1,0
82078,2007,2007-07-09 00:00:00.000,2007-07-09 00:00:00.000,1,Chhattisgarh,Dantewada,3,1,1,Clear,24,25,24,0,24,0,0
82079,2007,2007-07-22 00:00:00.000,2007-07-22 00:00:00.000,1,Andhra Pradesh,Prakasam,1,1,1,Clear,1,1,1,0,0,1,0
82080,2007,2007-07-25 00:00:00.000,2007-07-25 00:00:00.000,1,Andhra Pradesh,Prakasam,3,1,1,Clear,1,1,1,0,0,1,0
82081,2007,2007-07-25 00:00:00.000,2007-07-25 00:00:00.000,1,Chhattisgarh,Bijapur,2,1,1,Clear,1,1,1,0,1,0,0
82082,2007,2007-07-26 00:00:00.000,2007-07-26 00:00:00.000,1,Andhra Pradesh,Guntur,2,1,1,Clear,2,2,2,0,0,2,0
82083,2007,2007-07-27 00:00:00.000,2007-07-27 00:00:00.000,1,Chhattisgarh,Bijapur,3,1,1,Clear,1,1,1,0,1,0,0
82084,2007,2007-08-07 00:00:00.000,2007-08-07 00:00:00.000,1,Andhra Pradesh,Kurnool,3,1,1,Clear,1,1,1,0,0,1,0
82085,2007,2007-08-19 00:00:00.000,2007-08-19 00:00:00.000,1,Chhattisgarh,Dantewada,1,1,1,Clear,1,1,1,0,1,0,0
82086,2007,2007-08-19 00:00:00.000,2007-08-19 00:00:00.000,1,Chhattisgarh,Dantewada,2,1,1,Clear,2,2,2,0,0,2,0
82087,2007,2007-08-27 00:00:00.000,2007-08-27 00:00:00.000,1,Chhattisgarh,Bijapur,2,1,1,Clear,1,1,1,1,0,0,0
82088,2007,2007-08-27 00:00:00.000,2007-08-27 00:00:00.000,1,Chhattisgarh,Dantewada,1,1,1,Clear,1,1,1,0,1,0,0
82089,2007,2007-08-30 00:00:00.000,2007-08-30 00:00:00.000,1,Chhattisgarh,Bijapur,2,1,1,Clear,1,1,1,0,0,1,0
82090,2007,2007-08-26 00:00:00.000,2007-08-26 00:00:00.000,1,Chhattisgarh,Bijapur,1,1,1,Clear,4,4,4,0,4,0,0
82091,2007,2007-09-02 00:00:00.000,2007-09-02 00:00:00.000,1,Chhattisgarh,Bijapur,2,1,1,Clear,2,2,2,0,1,0,1
82092,2007,2007-09-07 00:00:00.000,2007-09-07 00:00:00.000,1,Andhra Pradesh,Nellore,2,1,1,Clear,3,3,3,3,0,0,0
82093,2007,2007-08-29 00:00:00.000,2007-08-29 00:00:00.000,1,Chhattisgarh,Dantewada,3,1,1,Clear,12,12,12,0,12,0,0
82094,2007,2007-09-11 00:00:00.000,2007-09-11 00:00:00.000,1,Chhattisgarh,Bijapur,2,1,1,Clear,1,1,1,0,1,0,0
82095,2007,2007-09-14 00:00:00.000,2007-09-14 00:00:00.000,1,Chhattisgarh,Bijapur,2,1,1,Clear,1,1,1,0,1,0,0
82096,2007,2007-09-23 00:00:00.000,2007-09-23 00:00:00.000,1,Bihar,Gaya,2,1,1,Clear,3,3,3,1,1,0,1
82097,2007,2007-09-26 00:00:00.000,2007-09-26 00:00:00.000,1,Andhra Pradesh,Visakhapatnam,1,1,1,Clear,4,4,4,0,0,4,0
82098,2007,2007-09-27 00:00:00.000,2007-09-27 00:00:00.000,1,Chhattisgarh,Bijapur,2,1,1,Clear,2,2,2,0,0,2,0
82099,2007,2007-01-01 00:00:00.000,2007-09-30 00:00:00.000,1,Unspecified,Unspecified,6,5,2,Clear,0,8,0,0,0,0,0
82100,2007,2007-10-02 00:00:00.000,2007-10-02 00:00:00.000,1,Chhattisgarh,Koriya,3,1,1,Clear,1,1,1,0,0,1,0
82101,2007,2007-10-08 00:00:00.000,2007-10-08 00:00:00.000,1,Chhattisgarh,Kanker,2,1,1,Clear,1,1,1,0,1,0,0
82102,2007,2007-10-09 00:00:00.000,2007-10-09 00:00:00.000,1,Chhattisgarh,Dantewada,2,1,1,Clear,1,1,1,0,0,1,0
82103,2007,2007-10-12 00:00:00.000,2007-10-12 00:00:00.000,1,Maharashtra,Gadchiroli,3,1,1,Clear,1,1,1,0,1,0,0
82104,2007,2007-10-29 00:00:00.000,2007-10-29 00:00:00.000,1,Chhattisgarh,Bijapur,2,1,1,Clear,5,5,5,0,5,0,0
82105,2007,2007-11-11 00:00:00.000,2007-11-11 00:00:00.000,1,Andhra Pradesh,Visakhapatnam,3,1,1,Clear,1,1,1,0,1,0,0
82106,2007,2007-10-28 00:00:00.000,2007-10-28 00:00:00.000,1,Jharkhand,Latehar,3,1,1,Clear,2,1,2,0,0,2,0
82107,2007,2007-11-02 00:00:00.000,2007-11-02 00:00:00.000,1,Chhattisgarh,Bijapur,3,1,1,Clear,15,15,15,0,15,0,0
82108,2007,2007-11-12 00:00:00.000,2007-11-12 00:00:00.000,1,Chhattisgarh,Bijapur,3,1,1,Clear,3,3,3,0,3,0,0
82109,2007,2007-11-12 00:00:00.000,2007-11-12 00:00:00.000,1,Maharashtra,Gadchiroli,1,1,1,Clear,1,1,1,0,1,0,0
82110,2007,2007-11-19 00:00:00.000,2007-11-19 00:00:00.000,1,Chhattisgarh,Bijapur,1,1,1,Clear,2,2,2,0,2,0,0
82111,2007,2007-12-02 00:00:00.000,2007-12-02 00:00:00.000,1,Chhattisgarh,Dantewada,3,1,1,Clear,1,1,1,0,1,0,0
82112,2007,2007-11-29 00:00:00.000,2007-11-29 00:00:00.000,1,Chhattisgarh,Dantewada,3,1,1,Clear,10,10,10,0,10,0,0
82113,2007,2007-12-12 00:00:00.000,2007-12-12 00:00:00.000,1,Chhattisgarh,Bastar,3,1,1,Clear,3,3,3,0,3,0,0
82114,2007,2007-12-19 00:00:00.000,2007-12-19 00:00:00.000,1,Bihar,East Champaran,2,1,1,Clear,3,3,3,0,3,0,0
82115,2007,2007-12-20 00:00:00.000,2007-12-20 00:00:00.000,1,Chhattisgarh,Dantewada,3,1,1,Clear,12,12,12,0,12,0,0
183930,2007,2007-10-28 00:00:00.000,2007-10-28 00:00:00.000,1,Jharkhand,Lohardaga,3,1,1,Clear,1,2,1,0,0,1,0
183942,2007,2007-07-17 00:00:00.000,2007-07-17 00:00:00.000,3,Chhattisgarh,Bijapur,2,1,1,Clear,2,3,2,2,0,0,0
188507,2007,2007-06-22 00:00:00.000,2007-06-22 00:00:00.000,3,Odisha,Deogarh,1,1,1,Clear,1,2,1,1,0,0,0
71779,2008,2008-08-14 00:00:00.000,2008-08-14 00:00:00.000,1,Jharkhand,Palamu,3,1,1,Clear,1,1,1,0,1,0,0
71784,2008,2008-02-29 00:00:00.000,2008-02-29 00:00:00.000,3,West Bengal,West Midnapore,1,1,1,Clear,1,1,1,1,0,0,0
71785,2008,2008-06-07 00:00:00.000,2008-06-07 00:00:00.000,3,Odisha,Koraput,2,1,1,Clear,1,1,1,1,0,0,0
71786,2008,2008-12-29 00:00:00.000,2008-12-29 00:00:00.000,3,Chhattisgarh,Bastar,3,1,1,Clear,3,3,3,3,0,0,0
71803,2008,2008-03-12 00:00:00.000,2008-03-12 00:00:00.000,3,West Bengal,West Midnapore,1,1,1,Clear,1,1,1,1,0,0,0
71804,2008,2008-03-16 00:00:00.000,2008-03-16 00:00:00.000,3,Andhra Pradesh,Karimnagar,1,1,1,Clear,1,1,1,1,0,0,0
71805,2008,2008-06-16 00:00:00.000,2008-06-16 00:00:00.000,3,Chhattisgarh,Bijapur,3,1,1,Clear,1,1,1,1,0,0,0
71806,2008,2008-06-22 00:00:00.000,2008-06-22 00:00:00.000,3,Andhra Pradesh,Vizianagaram,2,1,1,Clear,1,1,1,1,0,0,0
71823,2008,2008-09-04 00:00:00.000,2008-09-04 00:00:00.000,1,Chhattisgarh,Surguja,2,1,1,Clear,5,5,5,0,5,0,0
71840,2008,2008-03-04 00:00:00.000,2008-03-04 00:00:00.000,3,Chhattisgarh,Dantewada,2,1,1,Clear,1,1,1,1,0,0,0
71841,2008,2008-03-09 00:00:00.000,2008-03-09 00:00:00.000,3,West Bengal,West Midnapore,2,1,1,Clear,1,1,1,1,0,0,0
72180,2008,2008-11-24 00:00:00.000,2008-11-24 00:00:00.000,1,Odisha,Malkangiri,2,1,1,Clear,1,1,1,0,1,0,0
72185,2008,2008-03-17 00:00:00.000,2008-03-17 00:00:00.000,3,Maharashtra,Gadchiroli,2,1,1,Clear,2,2,2,2,0,0,0
72186,2008,2008-07-05 00:00:00.000,2008-07-06 00:00:00.000,3,Jharkhand,Latehar,3,2,1,Clear,2,2,2,2,0,0,0
72204,2008,2008-03-19 00:00:00.000,2008-03-19 00:00:00.000,3,Maharashtra,Gadchiroli,1,1,1,Clear,1,1,1,1,0,0,0
72205,2008,2008-11-25 00:00:00.000,2008-11-25 00:00:00.000,1,Jharkhand,Giridih,1,1,1,Clear,1,1,1,0,0,1,0
72206,2008,2008-08-05 00:00:00.000,2008-08-05 00:00:00.000,3,Chhattisgarh,Rajnandgaon,1,1,1,Clear,2,2,2,2,0,0,0
72384,2008,2008-11-30 00:00:00.000,2008-11-30 00:00:00.000,1,Uttar Pradesh,Sonbhadra,1,1,1,Clear,1,1,1,0,0,1,0
72389,2008,2008-03-26 00:00:00.000,2008-03-26 00:00:00.000,3,Bihar,Begusarai,1,1,1,Clear,1,1,1,1,0,0,0
72390,2008,2008-08-05 00:00:00.000,2008-08-05 00:00:00.000,3,Chhattisgarh,Bijapur,3,1,1,Clear,2,2,2,2,0,0,0
72404,2008,2008-03-28 00:00:00.000,2008-03-28 00:00:00.000,3,Odisha,Angul,3,1,1,Clear,1,1,1,1,0,0,0
72405,2008,2008-04-01 00:00:00.000,2008-04-01 00:00:00.000,3,Jharkhand,Khunti,2,1,1,Clear,4,4,4,4,0,0,0
72415,2008,2008-12-05 00:00:00.000,2008-12-05 00:00:00.000,1,Chhattisgarh,Bijapur,2,1,1,Clear,2,2,2,0,0,2,0
72416,2008,2008-12-11 00:00:00.000,2008-12-11 00:00:00.000,1,Chhattisgarh,Bijapur,2,1,1,Clear,2,2,2,0,0,2,0
72418,2008,2008-08-14 00:00:00.000,2008-08-14 00:00:00.000,3,Andhra Pradesh,Visakhapatnam,2,1,1,Clear,1,1,1,1,0,0,0
72583,2008,2008-01-15 00:00:00.000,2008-01-15 00:00:00.000,1,Andhra Pradesh,Warangal,2,1,1,Clear,2,2,2,0,0,2,0
72584,2008,2008-12-16 00:00:00.000,2008-12-16 00:00:00.000,1,Chhattisgarh,Narayanpur,3,1,1,Clear,2,2,2,0,0,2,0
72589,2008,2008-04-04 00:00:00.000,2008-04-04 00:00:00.000,3,Odisha,Malkangiri,3,1,1,Clear,1,1,1,1,0,0,0
72590,2008,2008-08-22 00:00:00.000,2008-08-22 00:00:00.000,3,Bihar,Jehanabad,3,1,1,Clear,2,2,2,2,0,0,0
72594,2008,2008-04-20 00:00:00.000,2008-04-20 00:00:00.000,1,Chhattisgarh,Bijapur,3,1,1,Clear,2,2,2,0,2,0,0
72596,2008,2008-06-27 00:00:00.000,2008-06-30 00:00:00.000,1,Chhattisgarh,Bijapur,3,2,1,Clear,3,3,3,0,3,0,0
72607,2008,2008-04-07 00:00:00.000,2008-04-07 00:00:00.000,3,Andhra Pradesh,Khammam,3,1,1,Clear,1,1,1,1,0,0,0
72608,2008,2008-04-13 00:00:00.000,2008-04-13 00:00:00.000,3,West Bengal,West Midnapore,3,1,1,Clear,3,3,3,3,0,0,0
72609,2008,2008-10-12 00:00:00.000,2008-10-15 00:00:00.000,3,Jharkhand,Ranchi,1,2,2,Clear,2,2,2,2,0,0,0
72618,2008,2008-12-22 00:00:00.000,2008-12-22 00:00:00.000,1,West Bengal,Purulia,3,1,1,Clear,2,2,2,0,2,0,0
72619,2008,2008-12-29 00:00:00.000,2008-12-29 00:00:00.000,1,Andhra Pradesh,Khammam,2,1,1,Clear,1,1,1,0,0,1,0
72620,2008,2008-01-18 00:00:00.000,2008-01-18 00:00:00.000,1,Chhattisgarh,Dantewada,1,1,1,Clear,2,2,2,0,0,2,0
72621,2008,2008-01-17 00:00:00.000,2008-01-17 00:00:00.000,1,Andhra Pradesh,Khammam,1,1,1,Clear,2,2,2,0,0,2,0
72628,2008,2008-09-12 00:00:00.000,2008-09-12 00:00:00.000,3,Bihar,Vaishali,1,1,1,Clear,2,2,2,2,0,0,0
72938,2008,2008-02-02 00:00:00.000,2008-02-02 00:00:00.000,1,Chhattisgarh,Narayanpur,3,1,1,Clear,4,4,4,0,4,0,0
72944,2008,2008-04-14 00:00:00.000,2008-04-14 00:00:00.000,3,Jharkhand,East Singhbhum,3,1,1,Clear,1,1,1,1,0,0,0
72945,2008,2008-10-15 00:00:00.000,2008-10-15 00:00:00.000,3,Jharkhand,Ranchi,1,1,1,Clear,2,2,2,2,0,0,0
72953,2008,2008-10-23 00:00:00.000,2008-10-23 00:00:00.000,3,Jharkhand,Ranchi,2,1,1,Clear,1,1,1,1,0,0,0
72956,2008,2008-04-19 00:00:00.000,2008-04-19 00:00:00.000,3,Odisha,Malkangiri,2,1,1,Clear,1,1,1,1,0,0,0
72957,2008,2008-04-22 00:00:00.000,2008-04-22 00:00:00.000,3,West Bengal,Birbhum,2,1,1,Clear,1,1,1,1,0,0,0
72962,2008,2008-02-08 00:00:00.000,2008-02-08 00:00:00.000,1,Jharkhand,Giridih,3,1,1,Clear,2,14,2,0,2,0,0
72963,2008,2008-02-13 00:00:00.000,2008-02-13 00:00:00.000,1,Chhattisgarh,Bijapur,2,1,1,Clear,2,2,2,0,0,2,0
73146,2008,2008-02-14 00:00:00.000,2008-02-14 00:00:00.000,1,Andhra Pradesh,Vizianagaram,3,1,1,Clear,1,1,1,0,0,1,0
73151,2008,2008-01-01 00:00:00.000,2008-01-01 00:00:00.000,3,West Bengal,Purulia,1,1,1,Clear,1,1,1,1,0,0,0
73152,2008,2008-04-24 00:00:00.000,2008-04-24 00:00:00.000,3,Odisha,Malkangiri,1,1,1,Clear,1,1,1,1,0,0,0
73153,2008,2008-11-13 00:00:00.000,2008-11-13 00:00:00.000,3,Chhattisgarh,Dantewada,3,1,1,Clear,1,1,1,1,0,0,0
73161,2008,2008-04-28 00:00:00.000,2008-04-28 00:00:00.000,3,Jharkhand,Garhwa,3,1,1,Clear,1,1,1,1,0,0,0
73163,2008,2008-01-01 00:00:00.000,2008-01-01 00:00:00.000,3,West Bengal,Bardhaman,2,1,1,Clear,1,1,1,1,0,0,0
73164,2008,2008-01-06 00:00:00.000,2008-01-06 00:00:00.000,3,Bihar,Jamui,3,1,1,Clear,1,1,1,1,0,0,0
73166,2008,2008-04-27 00:00:00.000,2008-04-27 00:00:00.000,3,Bihar,Gaya,2,1,1,Clear,1,1,1,1,0,0,0
73167,2008,2008-04-28 00:00:00.000,2008-04-28 00:00:00.000,3,West Bengal,West Midnapore,3,1,1,Clear,1,1,1,1,0,0,0
73172,2008,2008-11-22 00:00:00.000,2008-11-22 00:00:00.000,3,Odisha,Malkangiri,1,1,1,Clear,1,1,1,1,0,0,0
73173,2008,2008-11-27 00:00:00.000,2008-11-27 00:00:00.000,3,Andhra Pradesh,Warangal,2,1,1,Clear,1,1,1,1,0,0,0
73176,2008,2008-11-30 00:00:00.000,2008-11-30 00:00:00.000,3,Andhra Pradesh,Khammam,2,1,1,Clear,1,1,1,1,0,0,0
73181,2008,2008-03-11 00:00:00.000,2008-03-11 00:00:00.000,1,Andhra Pradesh,Vizianagaram,2,1,1,Clear,2,2,2,0,0,2,0
73182,2008,2008-01-08 00:00:00.000,2008-01-08 00:00:00.000,3,Jharkhand,Chatra,3,1,1,Clear,2,2,2,2,0,0,0
73476,2008,2008-03-12 00:00:00.000,2008-03-12 00:00:00.000,1,Andhra Pradesh,Karimnagar,2,1,1,Clear,1,1,1,0,0,1,0
73481,2008,2008-01-09 00:00:00.000,2008-01-09 00:00:00.000,3,Andhra Pradesh,Warangal,1,1,1,Clear,1,1,1,1,0,0,0
73482,2008,2008-05-15 00:00:00.000,2008-05-15 00:00:00.000,3,Karnataka,Udupi,2,1,1,Clear,2,2,2,2,0,0,0
73483,2008,2008-12-01 00:00:00.000,2008-12-01 00:00:00.000,3,Andhra Pradesh,Visakhapatnam,1,1,1,Clear,2,2,2,2,0,0,0
78559,2008,2008-05-15 00:00:00.000,2008-05-15 00:00:00.000,3,Odisha,Rayagada,1,1,1,Clear,1,1,1,1,0,0,0
78560,2008,2008-05-17 00:00:00.000,2008-05-17 00:00:00.000,3,Jharkhand,Lohardaga,3,1,1,Clear,1,1,1,1,0,0,0
78586,2008,2008-01-16 00:00:00.000,2008-01-16 00:00:00.000,3,Odisha,Koraput,2,1,1,Clear,1,1,1,1,0,0,0
78592,2008,2008-04-19 00:00:00.000,2008-04-19 00:00:00.000,1,Tamil Nadu,Dindigul,2,1,1,Clear,1,1,1,0,0,1,0
78630,2008,2008-12-11 00:00:00.000,2008-12-11 00:00:00.000,3,Jharkhand,Gumla,3,1,1,Clear,0,1,0,0,0,0,0
78778,2008,2008-04-26 00:00:00.000,2008-04-26 00:00:00.000,1,Jharkhand,Dumka,1,1,1,Clear,5,5,5,0,3,2,0
78788,2008,2008-01-18 00:00:00.000,2008-01-18 00:00:00.000,3,Andhra Pradesh,Visakhapatnam,1,1,1,Clear,1,1,1,1,0,0,0
78790,2008,2008-05-21 00:00:00.000,2008-05-21 00:00:00.000,3,Jharkhand,Gumla,3,1,1,Clear,3,3,3,3,0,0,0
78792,2008,2008-12-22 00:00:00.000,2008-12-22 00:00:00.000,3,Jharkhand,Garhwa,2,1,1,Clear,1,1,1,1,0,0,0
81661,2008,2008-12-23 00:00:00.000,2008-12-25 00:00:00.000,3,West Bengal,Unspecified,4,2,2,Clear,7,7,7,7,0,0,0
81676,2008,2008-04-27 00:00:00.000,2008-04-27 00:00:00.000,1,Jharkhand,Koderma,3,1,1,Clear,5,5,5,0,0,5,0
81677,2008,2008-05-07 00:00:00.000,2008-05-07 00:00:00.000,1,Odisha,Koraput,2,1,1,Clear,1,1,1,0,0,1,0
81679,2008,2008-01-26 00:00:00.000,2008-01-26 00:00:00.000,3,Andhra Pradesh,Karimnagar,3,1,1,Clear,3,3,3,3,0,0,0
81680,2008,2008-02-13 00:00:00.000,2008-02-13 00:00:00.000,3,Chhattisgarh,Kanker,2,1,1,Clear,1,1,1,1,0,0,0
81688,2008,2008-05-22 00:00:00.000,2008-05-22 00:00:00.000,3,Chhattisgarh,Narayanpur,3,1,1,Clear,1,1,1,1,0,0,0
81689,2008,2008-05-23 00:00:00.000,2008-05-23 00:00:00.000,3,Jharkhand,Dhanbad,1,1,1,Clear,1,1,1,1,0,0,0
81841,2008,2008-05-29 00:00:00.000,2008-05-29 00:00:00.000,1,Andhra Pradesh,Visakhapatnam,2,1,1,Clear,1,1,1,0,1,0,0
81853,2008,2008-05-26 00:00:00.000,2008-05-26 00:00:00.000,3,Bihar,Munger,2,1,1,Clear,1,1,1,1,0,0,0
81856,2008,2008-12-25 00:00:00.000,2008-12-25 00:00:00.000,3,Jharkhand,Gumla,1,1,1,Clear,0,2,0,0,0,0,0
82721,2008,2008-05-30 00:00:00.000,2008-05-30 00:00:00.000,1,Andhra Pradesh,Visakhapatnam,3,1,1,Clear,4,4,4,0,0,4,0
82726,2008,2008-01-01 00:00:00.000,2008-01-01 00:00:00.000,1,Bihar,Munger,1,1,1,Clear,4,4,4,0,4,0,0
82727,2008,2008-01-02 00:00:00.000,2008-01-02 00:00:00.000,1,Jharkhand,Simdega,1,1,1,Clear,1,4,1,0,1,0,0
82728,2008,2008-01-05 00:00:00.000,2008-01-05 00:00:00.000,1,Odisha,Sambalpur,2,1,1,Clear,2,2,2,0,2,0,0
82729,2008,2008-01-07 00:00:00.000,2008-01-07 00:00:00.000,1,Chhattisgarh,Kanker,2,1,1,Clear,0,7,0,0,0,0,0
82730,2008,2008-01-09 00:00:00.000,2008-01-09 00:00:00.000,1,Chhattisgarh,Bijapur,2,1,1,Clear,1,1,1,0,0,1,0
82731,2008,2008-01-12 00:00:00.000,2008-01-12 00:00:00.000,1,Jharkhand,Palamu,3,1,1,Clear,3,3,3,0,0,3,0
82732,2008,2008-01-13 00:00:00.000,2008-01-13 00:00:00.000,1,Bihar,Gaya,3,1,1,Clear,0,6,0,0,0,0,0
82733,2008,2008-02-14 00:00:00.000,2008-02-14 00:00:00.000,1,Jharkhand,East Singhbhum,1,1,1,Clear,5,5,5,0,0,5,0
82734,2008,2008-06-01 00:00:00.000,2008-06-01 00:00:00.000,1,Jharkhand,Unspecified,4,1,1,Clear,4,4,4,0,0,4,0
82735,2008,2008-02-15 00:00:00.000,2008-02-15 00:00:00.000,1,Odisha,Nayagarh,3,1,1,Clear,16,16,16,2,14,0,0
82736,2008,2008-02-16 00:00:00.000,2008-02-17 00:00:00.000,1,Odisha,Unspecified,5,2,2,Clear,3,23,3,0,3,0,0
82737,2008,2008-02-18 00:00:00.000,2008-02-18 00:00:00.000,1,Chhattisgarh,Bijapur,3,1,2,Clear,19,19,11,0,13,6,0
82738,2008,2008-02-22 00:00:00.000,2008-02-22 00:00:00.000,1,Maharashtra,Gadchiroli,3,1,1,Clear,5,5,5,0,1,4,0
82739,2008,2008-02-25 00:00:00.000,2008-02-25 00:00:00.000,1,Jharkhand,Palamu,1,1,1,Clear,1,1,1,0,0,1,0
82740,2008,2008-02-23 00:00:00.000,2008-02-23 00:00:00.000,1,Jharkhand,Unspecified,5,1,1,Clear,2,2,2,0,0,2,0
82741,2008,2008-02-20 00:00:00.000,2008-02-27 00:00:00.000,1,Maharashtra,Gadchiroli,3,4,2,Clear,9,9,9,0,1,8,0
82742,2008,2008-03-18 00:00:00.000,2008-03-18 00:00:00.000,1,Andhra Pradesh,Khammam,3,1,1,Clear,14,14,14,0,0,14,0
82743,2008,2008-03-18 00:00:00.000,2008-03-18 00:00:00.000,1,Chhattisgarh,Bijapur,3,1,1,Clear,3,3,3,0,0,3,0
82744,2008,2008-03-31 00:00:00.000,2008-04-01 00:00:00.000,1,Jharkhand,Garhwa,3,2,1,Clear,8,8,8,0,0,8,0
82745,2008,2008-04-02 00:00:00.000,2008-04-02 00:00:00.000,1,Andhra Pradesh,Warangal,2,1,1,Clear,3,3,3,0,0,3,0
82746,2008,2008-04-13 00:00:00.000,2008-04-13 00:00:00.000,1,Bihar,Jamui,1,1,1,Clear,6,6,6,1,5,0,0
82747,2008,2008-05-07 00:00:00.000,2008-05-07 00:00:00.000,1,Jharkhand,Hazaribagh,1,1,1,Clear,1,1,1,0,1,0,0
82748,2008,2008-05-08 00:00:00.000,2008-05-08 00:00:00.000,1,Chhattisgarh,Kanker,2,1,1,Clear,3,3,3,0,3,0,0
82749,2008,2008-05-11 00:00:00.000,2008-05-11 00:00:00.000,1,Jharkhand,Hazaribagh,2,1,1,Clear,2,2,2,0,2,0,0
82750,2008,2008-05-15 00:00:00.000,2008-05-15 00:00:00.000,1,Bihar,Nawada,3,1,1,Clear,6,6,6,0,0,6,0
82751,2008,2008-05-20 00:00:00.000,2008-05-21 00:00:00.000,1,Chhattisgarh,Narayanpur,3,2,1,Clear,2,2,2,0,2,0,0
82752,2008,2008-05-16 00:00:00.000,2008-05-16 00:00:00.000,1,Odisha,Malkangiri,2,1,1,Clear,2,2,2,0,0,2,0
82753,2008,2008-05-26 00:00:00.000,2008-05-26 00:00:00.000,1,West Bengal,West Midnapore,2,1,1,Clear,1,1,1,0,1,0,0
82754,2008,2008-05-27 00:00:00.000,2008-05-27 00:00:00.000,1,Bihar,Unspecified,4,1,1,Clear,1,1,1,0,1,0,0
82755,2008,2008-06-04 00:00:00.000,2008-06-04 00:00:00.000,1,Jharkhand,Chatra,3,1,1,Clear,3,3,3,0,0,3,0
82756,2008,2008-06-07 00:00:00.000,2008-06-07 00:00:00.000,1,Chhattisgarh,Bijapur,2,1,1,Clear,3,3,3,0,0,3,0
82757,2008,2008-06-08 00:00:00.000,2008-06-08 00:00:00.000,1,Chhattisgarh,Durg,2,1,1,Clear,3,3,3,0,3,0,0
82758,2008,2008-06-15 00:00:00.000,2008-06-15 00:00:00.000,1,Chhattisgarh,Dantewada,2,1,1,Clear,1,1,1,0,0,1,0
82759,2008,2008-06-17 00:00:00.000,2008-06-17 00:00:00.000,1,Chhattisgarh,Kanker,2,1,1,Clear,1,1,1,0,1,0,0
82760,2008,2008-06-18 00:00:00.000,2008-06-18 00:00:00.000,1,Chhattisgarh,Dantewada,2,1,1,Clear,1,1,1,0,1,0,0
82761,2008,2008-06-29 00:00:00.000,2008-06-29 00:00:00.000,1,Chhattisgarh,Bijapur,2,1,1,Clear,1,1,1,0,0,1,0
82762,2008,2008-07-05 00:00:00.000,2008-07-05 00:00:00.000,1,Odisha,Malkangiri,3,1,1,Clear,1,1,1,0,0,1,0
82763,2008,2008-06-19 00:00:00.000,2008-06-19 00:00:00.000,1,Chhattisgarh,Dantewada,2,1,1,Clear,3,3,3,0,3,0,0
82764,2008,2008-06-25 00:00:00.000,2008-06-25 00:00:00.000,1,Chhattisgarh,Narayanpur,3,1,1,Clear,3,3,3,0,3,0,0
82765,2008,2008-06-30 00:00:00.000,2008-06-30 00:00:00.000,1,Jharkhand,Unspecified,4,1,1,Clear,5,5,5,0,5,0,0
82766,2008,2008-06-29 00:00:00.000,2008-06-29 00:00:00.000,1,Odisha,Malkangiri,2,1,1,Clear,35,35,35,0,35,0,0
82767,2008,2008-07-09 00:00:00.000,2008-07-09 00:00:00.000,1,Jharkhand,Ranchi,1,1,1,Clear,4,4,4,1,3,0,0
82768,2008,2008-07-16 00:00:00.000,2008-07-16 00:00:00.000,1,Odisha,Malkangiri,3,1,1,Clear,24,24,24,0,24,0,0
82769,2008,2008-07-29 00:00:00.000,2008-07-29 00:00:00.000,1,Jharkhand,Hazaribagh,2,1,1,Clear,3,3,3,0,0,3,0
82770,2008,2008-08-11 00:00:00.000,2008-08-11 00:00:00.000,1,Chhattisgarh,Dantewada,2,1,1,Clear,3,3,3,0,0,3,0
82771,2008,2008-08-12 00:00:00.000,2008-08-12 00:00:00.000,1,Chhattisgarh,Dantewada,2,1,1,Clear,1,1,1,0,0,1,0
82772,2008,2008-08-07 00:00:00.000,2008-08-07 00:00:00.000,1,Jharkhand,Giridih,3,1,1,Clear,2,2,2,0,2,0,0
82773,2008,2008-08-19 00:00:00.000,2008-08-19 00:00:00.000,1,Jharkhand,Hazaribagh,2,1,1,Clear,2,2,2,0,0,2,0
82774,2008,2008-08-25 00:00:00.000,2008-08-25 00:00:00.000,1,Bihar,Gaya,3,1,1,Clear,1,1,1,0,1,0,0
82775,2008,2008-11-11 00:00:00.000,2008-11-11 00:00:00.000,1,Chhattisgarh,Surguja,2,1,1,Clear,0,2,0,0,0,0,0
82776,2008,2008-08-21 00:00:00.000,2008-08-21 00:00:00.000,1,Bihar,Unspecified,4,1,1,Clear,8,9,8,1,6,1,0
82777,2008,2008-08-26 00:00:00.000,2008-08-26 00:00:00.000,1,Jharkhand,Ranchi,2,1,1,Clear,1,1,1,0,0,1,0
82778,2008,2008-08-29 00:00:00.000,2008-08-29 00:00:00.000,1,Chhattisgarh,Narayanpur,3,1,1,Clear,6,6,6,0,6,0,0
82779,2008,2008-08-30 00:00:00.000,2008-08-30 00:00:00.000,1,Jharkhand,East Singhbhum,3,1,1,Clear,12,12,12,0,12,0,0
82780,2008,2008-09-17 00:00:00.000,2008-09-17 00:00:00.000,1,Jharkhand,Chatra,3,1,1,Clear,1,3,1,0,0,1,0
82781,2008,2008-09-24 00:00:00.000,2008-09-24 00:00:00.000,1,Bihar,Rohtas,3,1,1,Clear,1,1,1,0,1,0,0
82782,2008,2008-09-29 00:00:00.000,2008-09-29 00:00:00.000,1,Chhattisgarh,Bastar,3,1,1,Clear,4,4,4,0,4,0,0
82783,2008,2008-10-04 00:00:00.000,2008-10-04 00:00:00.000,1,Bihar,Muzaffarpur,2,1,1,Clear,1,1,1,0,1,0,0
82784,2008,2008-10-18 00:00:00.000,2008-10-18 00:00:00.000,1,Jharkhand,Chatra,2,1,1,Clear,1,1,1,0,1,0,0
82785,2008,2008-10-28 00:00:00.000,2008-10-28 00:00:00.000,1,Andhra Pradesh,Guntur,2,1,1,Clear,2,2,2,0,0,2,0
82786,2008,2008-10-07 00:00:00.000,2008-10-07 00:00:00.000,1,Chhattisgarh,Bijapur,3,1,1,Clear,1,1,1,0,0,1,0
82787,2008,2008-10-10 00:00:00.000,2008-10-10 00:00:00.000,1,Odisha,Koraput,2,1,1,Clear,2,2,2,0,0,2,0
82790,2008,2008-10-19 00:00:00.000,2008-10-19 00:00:00.000,1,Bihar,Gaya,2,1,1,Clear,1,1,1,0,0,0,1
82791,2008,2008-10-20 00:00:00.000,2008-10-20 00:00:00.000,1,Chhattisgarh,Bastar,2,1,1,Clear,13,13,13,0,12,1,0
82793,2008,2008-10-26 00:00:00.000,2008-10-26 00:00:00.000,1,Maharashtra,Gadchiroli,2,1,1,Clear,4,4,4,0,4,0,0
82794,2008,2008-10-28 00:00:00.000,2008-10-28 00:00:00.000,1,Andhra Pradesh,Vizianagaram,2,1,1,Clear,2,2,2,0,0,2,0
82795,2008,2008-10-28 00:00:00.000,2008-10-28 00:00:00.000,1,Andhra Pradesh,Guntur,2,1,1,Clear,2,2,2,0,0,2,0
82797,2008,2008-11-05 00:00:00.000,2008-11-05 00:00:00.000,1,Andhra Pradesh,Guntur,2,1,1,Clear,1,1,1,0,0,1,0
82798,2008,2008-11-08 00:00:00.000,2008-11-08 00:00:00.000,1,Andhra Pradesh,Khammam,2,1,1,Clear,2,2,2,0,0,2,0
82799,2008,2008-11-09 00:00:00.000,2008-11-09 00:00:00.000,1,Chhattisgarh,Dantewada,1,1,1,Clear,2,2,2,0,2,0,0
82800,2008,2008-11-11 00:00:00.000,2008-11-11 00:00:00.000,1,Chhattisgarh,Narayanpur,1,1,1,Clear,3,3,3,0,0,3,0
82801,2008,2008-11-14 00:00:00.000,2008-11-14 00:00:00.000,1,Chhattisgarh,Bastar,1,1,1,Clear,1,1,1,0,1,0,0
82802,2008,2008-11-14 00:00:00.000,2008-11-14 00:00:00.000,1,Chhattisgarh,Bastar,3,1,1,Clear,1,1,1,0,1,0,0
82803,2008,2008-11-14 00:00:00.000,2008-11-14 00:00:00.000,1,Chhattisgarh,Kanker,1,1,1,Clear,1,1,1,0,1,0,0
82804,2008,2008-11-20 00:00:00.000,2008-11-20 00:00:00.000,1,Chhattisgarh,Surguja,1,1,1,Clear,2,2,2,0,0,2,0
82805,2008,2008-11-22 00:00:00.000,2008-11-22 00:00:00.000,1,Odisha,Unspecified,5,1,1,Clear,1,1,1,0,0,1,0
82806,2008,2008-11-19 00:00:00.000,2008-11-19 00:00:00.000,1,Karnataka,Chikmagalur,2,1,1,Clear,4,4,4,0,1,3,0
82807,2008,2008-11-24 00:00:00.000,2008-11-24 00:00:00.000,1,Chhattisgarh,Bastar,3,1,1,Clear,1,1,1,0,1,0,0
82808,2008,2008-11-25 00:00:00.000,2008-11-25 00:00:00.000,1,Chhattisgarh,Bastar,1,1,1,Clear,7,7,7,0,7,0,0
82811,2008,2008-12-05 00:00:00.000,2008-12-05 00:00:00.000,1,Jharkhand,Khunti,2,1,1,Clear,5,5,5,0,5,0,0
82812,2008,2008-12-11 00:00:00.000,2008-12-11 00:00:00.000,1,Odisha,Rayagada,1,1,1,Clear,1,1,1,0,1,0,0
82814,2008,2008-12-25 00:00:00.000,2008-12-25 00:00:00.000,1,Bihar,Munger,3,1,1,Clear,2,2,2,0,2,0,0
82815,2008,2008-12-29 00:00:00.000,2008-12-29 00:00:00.000,1,Chhattisgarh,Bastar,3,1,1,Clear,2,2,2,0,0,2,0
82817,2008,2008-02-22 00:00:00.000,2008-02-22 00:00:00.000,3,West Bengal,West Midnapore,1,1,1,Clear,1,1,1,1,0,0,0
82818,2008,2008-12-29 00:00:00.000,2008-12-29 00:00:00.000,1,Chhattisgarh,Bastar,3,1,1,Clear,1,1,1,0,1,0,0
82840,2008,2008-02-29 00:00:00.000,2008-02-29 00:00:00.000,3,Andhra Pradesh,Srikakulam,3,1,1,Clear,1,1,1,1,0,0,0
82851,2008,2008-05-26 00:00:00.000,2008-05-26 00:00:00.000,3,Odisha,Malkangiri,1,1,1,Clear,1,1,1,1,0,0,0
82852,2008,2008-06-03 00:00:00.000,2008-06-03 00:00:00.000,3,Chhattisgarh,Dantewada,3,1,1,Clear,3,3,3,3,0,0,0
82863,2008,2008-01-02 00:00:00.000,2008-01-02 00:00:00.000,3,West Bengal,Nadia,1,1,1,Clear,1,1,1,1,0,0,0
82864,2008,2008-01-17 00:00:00.000,2008-01-17 00:00:00.000,3,Andhra Pradesh,Khammam,1,1,1,Clear,1,1,1,1,0,0,0
82865,2008,2008-01-28 00:00:00.000,2008-01-28 00:00:00.000,3,Bihar,Jamui,3,1,1,Clear,2,2,2,2,0,0,0
82866,2008,2008-01-30 00:00:00.000,2008-01-30 00:00:00.000,3,Odisha,Koraput,3,1,1,Clear,1,1,1,1,0,0,0
82867,2008,2008-04-09 00:00:00.000,2008-04-09 00:00:00.000,3,Odisha,Malkangiri,1,1,1,Clear,1,1,1,1,0,0,0
82868,2008,2008-04-19 00:00:00.000,2008-04-19 00:00:00.000,3,Jharkhand,Seraikela-Kharsawan,1,1,1,Clear,2,2,2,2,0,0,0
82869,2008,2008-04-30 00:00:00.000,2008-04-30 00:00:00.000,3,Odisha,Malkangiri,2,1,1,Clear,1,1,1,1,0,0,0
82870,2008,2008-05-01 00:00:00.000,2008-05-01 00:00:00.000,3,Odisha,Koraput,1,1,1,Clear,1,1,1,1,0,0,0
82871,2008,2008-05-04 00:00:00.000,2008-05-04 00:00:00.000,3,West Bengal,Purulia,3,1,1,Clear,1,1,1,1,0,0,0
82872,2008,2008-05-05 00:00:00.000,2008-05-05 00:00:00.000,3,West Bengal,Purulia,1,1,1,Clear,1,1,1,1,0,0,0
82873,2008,2008-05-15 00:00:00.000,2008-05-15 00:00:00.000,3,Bihar,Aurangabad,5,1,1,Clear,2,2,2,2,0,0,0
82874,2008,2008-05-06 00:00:00.000,2008-05-06 00:00:00.000,3,Chhattisgarh,Bijapur,1,1,1,Clear,3,3,3,3,0,0,0
82875,2008,2008-05-06 00:00:00.000,2008-05-11 00:00:00.000,3,Andhra Pradesh,Khammam,1,2,1,Clear,1,1,1,1,0,0,0
82876,2008,2008-05-15 00:00:00.000,2008-05-15 00:00:00.000,3,Karnataka,Unspecified,4,1,1,Clear,1,1,1,1,0,0,0
82877,2008,2008-06-01 00:00:00.000,2008-06-02 00:00:00.000,3,Jharkhand,Ranchi,1,2,1,Clear,3,3,3,3,0,0,0
82878,2008,2008-06-05 00:00:00.000,2008-06-05 00:00:00.000,3,Andhra Pradesh,Khammam,1,1,1,Clear,1,1,1,1,0,0,0
82879,2008,2008-06-22 00:00:00.000,2008-06-22 00:00:00.000,3,Jharkhand,Chatra,3,1,1,Clear,2,2,2,2,0,0,0
82880,2008,2008-06-23 00:00:00.000,2008-06-23 00:00:00.000,3,Odisha,Sundergarh,1,1,1,Clear,1,1,1,1,0,0,0
82881,2008,2008-06-26 00:00:00.000,2008-06-26 00:00:00.000,3,Bihar,Jamui,3,1,1,Clear,2,2,2,2,0,0,0
82882,2008,2008-07-07 00:00:00.000,2008-07-07 00:00:00.000,3,Chhattisgarh,Bijapur,3,1,1,Clear,1,1,1,1,0,0,0
82883,2008,2008-07-07 00:00:00.000,2008-07-07 00:00:00.000,3,Chhattisgarh,Dantewada,3,1,1,Clear,1,1,1,1,0,0,0
82884,2008,2008-07-08 00:00:00.000,2008-07-08 00:00:00.000,3,Andhra Pradesh,Mahbubnagar,1,1,1,Clear,1,1,1,1,0,0,0
82885,2008,2008-12-28 00:00:00.000,2008-12-28 00:00:00.000,3,Chhattisgarh,Bijapur,3,1,1,Clear,3,3,3,2,0,0,1
82886,2008,2008-07-19 00:00:00.000,2008-07-19 00:00:00.000,3,Chhattisgarh,Bastar,1,1,1,Clear,1,1,1,1,0,0,0
82887,2008,2008-07-27 00:00:00.000,2008-07-27 00:00:00.000,3,Chhattisgarh,Raipur,2,1,1,Clear,1,1,1,1,0,0,0
82888,2008,2008-08-24 00:00:00.000,2008-08-24 00:00:00.000,3,Odisha,Kandhamal,3,1,1,Clear,5,5,5,5,0,0,0
82889,2008,2008-12-25 00:00:00.000,2008-12-25 00:00:00.000,3,Jharkhand,Gumla,1,1,1,Clear,0,1,0,0,0,0,0
82890,2008,2008-12-27 00:00:00.000,2008-12-27 00:00:00.000,3,Odisha,Koraput,1,1,1,Clear,1,1,1,1,0,0,0
82891,2008,2008-08-28 00:00:00.000,2008-08-28 00:00:00.000,3,Bihar,Munger,3,1,1,Clear,0,1,0,0,0,0,0
82892,2008,2008-09-04 00:00:00.000,2008-09-12 00:00:00.000,3,Chhattisgarh,Dantewada,1,4,1,Clear,2,2,2,2,0,0,0
82893,2008,2008-09-22 00:00:00.000,2008-09-22 00:00:00.000,3,West Bengal,Birbhum,1,1,1,Clear,1,1,1,1,0,0,0
82894,2008,2008-10-22 00:00:00.000,2008-10-22 00:00:00.000,3,West Bengal,West Midnapore,1,1,1,Clear,3,3,3,3,0,0,0
82895,2008,2008-11-05 00:00:00.000,2008-11-05 00:00:00.000,3,Odisha,Kandhamal,1,1,1,Clear,0,1,0,0,0,0,0
82896,2008,2008-11-15 00:00:00.000,2008-11-15 00:00:00.000,3,Bihar,Jamui,2,1,1,Clear,3,3,3,3,0,0,0
82897,2008,2008-11-16 00:00:00.000,2008-11-16 00:00:00.000,3,Bihar,East Champaran,3,1,1,Clear,4,4,4,4,0,0,0
82898,2008,2008-11-17 00:00:00.000,2008-11-17 00:00:00.000,3,Odisha,Malkangiri,1,1,1,Clear,1,1,1,1,0,0,0
82899,2008,2008-12-07 00:00:00.000,2008-12-07 00:00:00.000,3,Karnataka,Udupi,2,1,1,Clear,0,1,0,0,0,0,0
82900,2008,2008-12-11 00:00:00.000,2008-12-11 00:00:00.000,3,West Bengal,West Midnapore,3,1,1,Clear,0,1,0,0,0,0,0
82901,2008,2008-12-12 00:00:00.000,2008-12-12 00:00:00.000,3,Jharkhand,Gumla,1,1,1,Clear,4,4,4,4,0,0,0
82902,2008,2008-12-12 00:00:00.000,2008-12-12 00:00:00.000,3,Jharkhand,Giridih,2,1,1,Clear,3,3,3,3,0,0,0
82903,2008,2008-12-12 00:00:00.000,2008-12-12 00:00:00.000,3,Jharkhand,Giridih,3,1,1,Clear,1,1,1,1,0,0,0
82904,2008,2008-12-21 00:00:00.000,2008-12-21 00:00:00.000,3,Odisha,Keonjhar,3,1,1,Clear,1,1,1,1,0,0,0
82905,2008,2008-12-13 00:00:00.000,2008-12-13 00:00:00.000,3,Jharkhand,Unspecified,4,1,1,Clear,6,6,6,6,0,0,0
83017,2008,2008-04-10 00:00:00.000,2008-04-10 00:00:00.000,3,Bihar,Rohtas,2,1,1,Clear,6,6,6,6,0,0,0
84126,2009,2009-02-04 00:00:00.000,2009-02-04 00:00:00.000,3,Jharkhand,Bokaro,3,1,1,Clear,1,1,1,1,0,0,0
84127,2009,2009-10-29 00:00:00.000,2009-10-29 00:00:00.000,3,West Bengal,Bankura,3,1,1,Clear,1,1,1,1,0,0,0
84242,2009,2009-10-31 00:00:00.000,2009-10-31 00:00:00.000,3,Odisha,Keonjhar,1,1,1,Clear,1,1,1,1,0,0,0
84245,2009,2009-11-19 00:00:00.000,2009-11-19 00:00:00.000,3,Jharkhand,West Singhbhum,2,1,1,Clear,2,2,2,2,0,0,0
84247,2009,2009-02-11 00:00:00.000,2009-02-11 00:00:00.000,3,Maharashtra,Gadchiroli,1,1,1,Clear,1,1,1,1,0,0,0
84251,2009,2009-02-04 00:00:00.000,2009-02-04 00:00:00.000,3,West Bengal,West Midnapore,2,1,1,Clear,3,3,3,3,0,0,0
84270,2009,2009-04-21 00:00:00.000,2009-04-21 00:00:00.000,3,West Bengal,West Midnapore,2,1,1,Clear,3,3,0,3,0,0,0
84271,2009,2009-11-20 00:00:00.000,2009-11-20 00:00:00.000,3,Jharkhand,Latehar,3,1,1,Clear,1,1,1,1,0,0,0
84294,2009,2009-03-16 00:00:00.000,2009-03-16 00:00:00.000,1,Chhattisgarh,Dantewada,3,1,1,Clear,1,1,1,0,1,0,0
84791,2009,2009-04-03 00:00:00.000,2009-04-03 00:00:00.000,1,Chhattisgarh,Dantewada,2,1,1,Clear,1,1,1,0,1,0,0
84834,2009,2009-11-24 00:00:00.000,2009-11-24 00:00:00.000,3,West Bengal,West Midnapore,2,1,1,Clear,0,1,0,0,0,0,0
84835,2009,2009-11-24 00:00:00.000,2009-11-24 00:00:00.000,3,West Bengal,West Midnapore,2,1,1,Clear,0,1,0,0,0,0,0
84850,2009,2009-04-27 00:00:00.000,2009-04-27 00:00:00.000,3,Andhra Pradesh,Khammam,1,1,1,Clear,1,1,1,1,0,0,0
84866,2009,2009-05-06 00:00:00.000,2009-05-06 00:00:00.000,3,Chhattisgarh,Rajnandgaon,3,1,1,Clear,0,1,0,0,0,0,0
84890,2009,2009-04-16 00:00:00.000,2009-04-16 00:00:00.000,1,Chhattisgarh,Dantewada,1,1,1,Clear,1,1,1,0,1,0,0
85291,2009,2009-04-17 00:00:00.000,2009-04-17 00:00:00.000,1,Jharkhand,Latehar,1,1,1,Clear,1,1,1,0,1,0,0
85292,2009,2009-05-15 00:00:00.000,2009-05-15 00:00:00.000,1,Chhattisgarh,Dantewada,1,1,1,Clear,1,1,1,0,1,0,0
85333,2009,2009-05-06 00:00:00.000,2009-05-06 00:00:00.000,3,Odisha,Kandhamal,2,1,1,Clear,1,1,1,1,0,0,0
85346,2009,2009-06-03 00:00:00.000,2009-06-04 00:00:00.000,3,Bihar,Gaya,3,2,1,Clear,1,1,1,1,0,0,0
85374,2009,2009-06-03 00:00:00.000,2009-06-03 00:00:00.000,1,West Bengal,Bankura,3,1,1,Clear,3,3,3,0,3,0,0
85429,2009,2009-06-02 00:00:00.000,2009-06-05 00:00:00.000,3,Chhattisgarh,Unspecified,4,2,1,Clear,1,1,1,1,0,0,0
85440,2009,2009-06-04 00:00:00.000,2009-06-04 00:00:00.000,3,West Bengal,Bankura,3,1,1,Clear,2,2,2,2,0,0,0
85441,2009,2009-06-01 00:00:00.000,2009-06-05 00:00:00.000,3,Chhattisgarh,Bijapur,2,2,1,Clear,2,2,2,2,0,0,0
85449,2009,2009-06-05 00:00:00.000,2009-06-05 00:00:00.000,3,Chhattisgarh,Bastar,3,1,1,Clear,1,1,1,1,0,0,0
85473,2009,2009-06-06 00:00:00.000,2009-06-06 00:00:00.000,1,Chhattisgarh,Narayanpur,3,1,1,Clear,1,1,1,0,1,0,0
85910,2009,2009-06-10 00:00:00.000,2009-06-10 00:00:00.000,1,Chhattisgarh,Bijapur,3,1,1,Clear,1,1,1,0,1,0,0
85911,2009,2009-06-14 00:00:00.000,2009-06-14 00:00:00.000,1,Chhattisgarh,Dantewada,2,1,1,Clear,2,2,2,0,0,2,0
85975,2009,2009-06-05 00:00:00.000,2009-06-05 00:00:00.000,3,Odisha,Keonjhar,1,1,1,Clear,1,1,1,1,0,0,0
85976,2009,2009-06-07 00:00:00.000,2009-06-08 00:00:00.000,3,Chhattisgarh,Kanker,1,2,1,Clear,2,2,2,2,0,0,0
85984,2009,2009-06-13 00:00:00.000,2009-06-13 00:00:00.000,3,Odisha,Mayurbhanj,3,1,1,Clear,1,1,1,1,0,0,0
86008,2009,2009-06-14 00:00:00.000,2009-06-14 00:00:00.000,1,Chhattisgarh,Bijapur,2,1,1,Clear,1,1,1,0,0,1,0
86570,2009,2009-06-15 00:00:00.000,2009-06-15 00:00:00.000,1,Odisha,Sambalpur,1,1,1,Clear,1,1,1,0,1,0,0
86571,2009,2009-06-17 00:00:00.000,2009-06-19 00:00:00.000,1,Chhattisgarh,Bijapur,3,2,1,Clear,2,2,2,0,2,0,0
86573,2009,2009-07-07 00:00:00.000,2009-07-07 00:00:00.000,1,Jharkhand,Latehar,1,1,1,Clear,1,1,1,0,1,0,0
86630,2009,2009-06-14 00:00:00.000,2009-06-14 00:00:00.000,3,Jharkhand,West Singhbhum,3,1,1,Clear,0,1,0,0,0,0,0
86631,2009,2009-06-17 00:00:00.000,2009-06-17 00:00:00.000,3,West Bengal,West Midnapore,1,1,1,Clear,3,3,3,3,0,0,0
86632,2009,2009-06-18 00:00:00.000,2009-06-18 00:00:00.000,3,West Bengal,West Midnapore,2,1,1,Clear,4,4,4,4,0,0,0
86648,2009,2009-06-21 00:00:00.000,2009-06-21 00:00:00.000,3,Chhattisgarh,Bijapur,3,1,1,Clear,0,1,0,0,0,0,0
86672,2009,2009-08-11 00:00:00.000,2009-08-11 00:00:00.000,1,Jharkhand,Dhanbad,3,1,1,Clear,2,2,2,0,2,0,0
87151,2009,2009-07-14 00:00:00.000,2009-07-14 00:00:00.000,3,West Bengal,West Midnapore,2,1,1,Clear,2,2,2,2,0,0,0
87152,2009,2009-09-04 00:00:00.000,2009-09-04 00:00:00.000,1,Jharkhand,Ranchi,3,1,1,Clear,2,2,2,0,0,2,0
87169,2009,2009-08-08 00:00:00.000,2009-08-08 00:00:00.000,3,Odisha,Rayagada,3,1,1,Clear,1,1,1,1,0,0,0
87192,2009,2009-09-10 00:00:00.000,2009-09-10 00:00:00.000,1,Chhattisgarh,Dantewada,2,1,1,Clear,3,3,3,0,0,3,0
87702,2009,2009-09-15 00:00:00.000,2009-09-15 00:00:00.000,1,Andhra Pradesh,Khammam,2,1,1,Clear,1,1,1,0,0,1,0
87728,2009,2009-08-08 00:00:00.000,2009-08-08 00:00:00.000,3,Odisha,Rayagada,3,1,1,Clear,1,1,1,1,0,0,0
87729,2009,2009-08-08 00:00:00.000,2009-08-08 00:00:00.000,3,Chhattisgarh,Rajnandgaon,2,1,1,Clear,2,2,2,2,0,0,0
87751,2009,2009-08-22 00:00:00.000,2009-08-22 00:00:00.000,3,West Bengal,West Midnapore,2,1,1,Clear,2,2,2,2,0,0,0
88149,2009,2009-10-23 00:00:00.000,2009-10-23 00:00:00.000,3,Jharkhand,Palamu,1,1,1,Clear,2,2,2,2,0,0,0
88150,2009,2009-11-18 00:00:00.000,2009-11-18 00:00:00.000,3,Odisha,Nuapada,2,1,1,Clear,1,1,1,1,0,0,0
88199,2009,2009-10-31 00:00:00.000,2009-10-31 00:00:00.000,3,West Bengal,West Midnapore,2,1,1,Clear,0,1,0,0,0,0,0
88200,2009,2009-11-01 00:00:00.000,2009-11-01 00:00:00.000,3,West Bengal,West Midnapore,1,1,1,Clear,1,1,1,1,0,0,0
88201,2009,2009-11-03 00:00:00.000,2009-11-03 00:00:00.000,3,Chhattisgarh,Dantewada,2,1,1,Clear,2,2,2,2,0,0,0
88202,2009,2009-11-07 00:00:00.000,2009-11-07 00:00:00.000,3,West Bengal,West Midnapore,2,1,1,Clear,1,1,1,1,0,0,0
88230,2009,2009-10-26 00:00:00.000,2009-10-26 00:00:00.000,3,West Bengal,West Midnapore,2,1,1,Clear,1,1,1,1,0,0,0
88231,2009,2009-10-26 00:00:00.000,2009-10-26 00:00:00.000,3,Chhattisgarh,Bijapur,2,1,1,Clear,1,1,1,1,0,0,0
88232,2009,2009-10-29 00:00:00.000,2009-10-29 00:00:00.000,3,West Bengal,West Midnapore,1,1,1,Clear,2,2,2,2,0,0,0
88234,2009,2009-10-01 00:00:00.000,2009-10-01 00:00:00.000,3,West Bengal,West Midnapore,2,1,1,Clear,3,3,3,3,0,0,0
88242,2009,2009-11-18 00:00:00.000,2009-11-18 00:00:00.000,3,West Bengal,West Midnapore,3,1,1,Clear,2,2,0,2,0,0,0
88243,2009,2009-11-19 00:00:00.000,2009-11-19 00:00:00.000,3,Maharashtra,Gadchiroli,2,1,1,Clear,1,1,1,1,0,0,0
88244,2009,2009-11-22 00:00:00.000,2009-11-22 00:00:00.000,3,West Bengal,West Midnapore,1,1,1,Clear,1,1,1,1,0,0,0
88249,2009,2009-09-07 00:00:00.000,2009-09-07 00:00:00.000,3,West Bengal,West Midnapore,2,1,1,Clear,1,1,0,1,0,0,0
88271,2009,2009-08-26 00:00:00.000,2009-08-26 00:00:00.000,3,West Bengal,West Midnapore,1,1,1,Clear,1,1,1,1,0,0,0
88282,2009,2009-10-28 00:00:00.000,2009-10-28 00:00:00.000,3,Andhra Pradesh,Warangal,1,1,1,Clear,1,1,1,1,0,0,0
88283,2009,2009-10-29 00:00:00.000,2009-10-29 00:00:00.000,3,Chhattisgarh,Dantewada,1,1,1,Clear,3,3,3,3,0,0,0
88299,2009,2009-09-14 00:00:00.000,2009-09-14 00:00:00.000,3,West Bengal,West Midnapore,2,1,1,Clear,1,1,1,1,0,0,0
88345,2009,2009-09-23 00:00:00.000,2009-09-23 00:00:00.000,3,West Bengal,West Midnapore,2,1,1,Clear,2,2,2,2,0,0,0
88346,2009,2009-10-03 00:00:00.000,2009-10-03 00:00:00.000,3,Odisha,Malkangiri,3,1,1,Clear,1,1,1,1,0,0,0
88360,2009,2009-01-09 00:00:00.000,2009-01-11 00:00:00.000,3,Jharkhand,Garhwa,3,2,1,Clear,1,1,1,1,0,0,0
88378,2009,2009-01-09 00:00:00.000,2009-01-11 00:00:00.000,3,Jharkhand,Latehar,3,2,1,Clear,1,1,1,1,0,0,0
88380,2009,2009-10-03 00:00:00.000,2009-10-03 00:00:00.000,3,Maharashtra,Unspecified,4,1,1,Clear,1,1,1,1,0,0,0
88467,2009,2009-11-06 00:00:00.000,2009-11-06 00:00:00.000,3,West Bengal,West Midnapore,2,1,1,Clear,3,3,3,3,0,0,0
88468,2009,2009-11-15 00:00:00.000,2009-11-15 00:00:00.000,3,Odisha,Nuapada,1,1,1,Clear,1,1,1,1,0,0,0
88550,2009,2009-01-03 00:00:00.000,2009-01-03 00:00:00.000,3,Chhattisgarh,Dantewada,3,1,2,Clear,5,5,5,5,0,0,0
88551,2009,2009-01-04 00:00:00.000,2009-01-04 00:00:00.000,3,Odisha,Koraput,1,1,1,Clear,1,1,1,1,0,0,0
88552,2009,2009-01-26 00:00:00.000,2009-01-29 00:00:00.000,3,Chhattisgarh,Kanker,2,2,1,Clear,1,1,1,1,0,0,0
88553,2009,2009-02-01 00:00:00.000,2009-02-01 00:00:00.000,3,West Bengal,West Midnapore,2,1,1,Clear,1,1,1,1,0,0,0
88554,2009,2009-01-09 00:00:00.000,2009-01-09 00:00:00.000,3,Odisha,Koraput,1,1,1,Clear,1,1,1,1,0,0,0
88557,2009,2009-01-14 00:00:00.000,2009-01-14 00:00:00.000,3,Bihar,Nawada,2,1,1,Clear,1,1,0,1,0,0,0
88558,2009,2009-02-11 00:00:00.000,2009-02-11 00:00:00.000,3,Maharashtra,Gadchiroli,1,1,1,Clear,2,2,2,2,0,0,0
88560,2009,2009-02-22 00:00:00.000,2009-02-22 00:00:00.000,3,Odisha,Malkangiri,1,1,1,Clear,1,1,1,1,0,0,0
88561,2009,2009-02-22 00:00:00.000,2009-02-22 00:00:00.000,3,Bihar,Sheohar,1,1,1,Clear,1,1,1,1,0,0,0
88562,2009,2009-02-23 00:00:00.000,2009-02-23 00:00:00.000,3,Andhra Pradesh,Khammam,1,1,1,Clear,1,1,1,1,0,0,0
88563,2009,2009-03-04 00:00:00.000,2009-03-04 00:00:00.000,3,Jharkhand,East Singhbhum,1,1,1,Clear,0,1,0,0,0,0,0
88564,2009,2009-03-09 00:00:00.000,2009-03-09 00:00:00.000,3,Bihar,Jehanabad,3,1,1,Clear,0,4,0,0,0,0,0
88565,2009,2009-03-11 00:00:00.000,2009-03-11 00:00:00.000,3,Bihar,Munger,1,1,1,Clear,1,1,1,1,0,0,0
88566,2009,2009-03-11 00:00:00.000,2009-03-11 00:00:00.000,3,Jharkhand,Hazaribagh,1,1,1,Clear,1,1,1,1,0,0,0
88567,2009,2009-03-15 00:00:00.000,2009-03-15 00:00:00.000,3,Chhattisgarh,Bijapur,3,1,1,Clear,1,1,1,1,0,0,0
88568,2009,2009-03-16 00:00:00.000,2009-03-16 00:00:00.000,3,Bihar,Lakhisarai,1,1,1,Clear,3,3,3,3,0,0,0
88569,2009,2009-03-17 00:00:00.000,2009-03-17 00:00:00.000,3,Odisha,Sundergarh,1,1,1,Clear,1,1,1,1,0,0,0
88570,2009,2009-03-28 00:00:00.000,2009-03-28 00:00:00.000,3,Jharkhand,Simdega,1,1,1,Clear,1,1,1,1,0,0,0
88571,2009,2009-03-31 00:00:00.000,2009-03-31 00:00:00.000,3,Odisha,Sundergarh,1,1,1,Clear,1,1,1,1,0,0,0
88572,2009,2009-03-18 00:00:00.000,2009-03-18 00:00:00.000,3,Odisha,Unspecified,4,1,1,Clear,1,1,1,1,0,0,0
88575,2009,2009-03-18 00:00:00.000,2009-03-18 00:00:00.000,3,West Bengal,West Midnapore,1,1,1,Clear,2,2,2,2,0,0,0
88576,2009,2009-03-20 00:00:00.000,2009-03-20 00:00:00.000,3,Chhattisgarh,Kanker,1,1,1,Clear,1,1,1,1,0,0,0
88577,2009,2009-03-24 00:00:00.000,2009-03-24 00:00:00.000,3,Chhattisgarh,Dantewada,2,1,1,Clear,4,4,4,4,0,0,0
88578,2009,2009-04-02 00:00:00.000,2009-04-02 00:00:00.000,3,Maharashtra,Gadchiroli,1,1,1,Clear,2,2,2,2,0,0,0
88579,2009,2009-03-28 00:00:00.000,2009-03-28 00:00:00.000,3,Odisha,Malkangiri,2,1,1,Clear,1,1,1,1,0,0,0
88580,2009,2009-04-09 00:00:00.000,2009-04-09 00:00:00.000,3,Odisha,Malkangiri,3,1,1,Clear,0,1,0,0,0,0,0
88583,2009,2009-04-22 00:00:00.000,2009-04-22 00:00:00.000,3,West Bengal,West Midnapore,2,1,1,Clear,1,1,1,1,0,0,0
88584,2009,2009-04-24 00:00:00.000,2009-04-24 00:00:00.000,3,Odisha,Malkangiri,1,1,1,Clear,0,1,0,0,0,0,0
88587,2009,2009-04-23 00:00:00.000,2009-04-23 00:00:00.000,3,West Bengal,Purulia,1,1,1,Clear,2,2,2,2,0,0,0
88590,2009,2009-05-18 00:00:00.000,2009-05-18 00:00:00.000,3,Andhra Pradesh,Visakhapatnam,1,1,1,Clear,1,1,1,1,0,0,0
88591,2009,2009-05-18 00:00:00.000,2009-05-18 00:00:00.000,3,Andhra Pradesh,Visakhapatnam,3,1,1,Clear,1,1,1,1,0,0,0
88592,2009,2009-05-24 00:00:00.000,2009-05-24 00:00:00.000,3,Andhra Pradesh,Khammam,2,1,1,Clear,1,1,1,1,0,0,0
88593,2009,2009-05-29 00:00:00.000,2009-05-29 00:00:00.000,3,Odisha,Koraput,2,1,1,Clear,1,1,1,1,0,0,0
88594,2009,2009-06-01 00:00:00.000,2009-06-01 00:00:00.000,3,Odisha,Koraput,2,1,1,Clear,1,1,1,1,0,0,0
88595,2009,2009-03-25 00:00:00.000,2009-05-25 00:00:00.000,3,Maharashtra,Gadchiroli,3,5,2,Clear,0,20,0,0,0,0,0
88596,2009,2009-05-26 00:00:00.000,2009-05-26 00:00:00.000,3,Odisha,Koraput,1,1,1,Clear,1,1,1,1,0,0,0
88599,2009,2009-05-01 00:00:00.000,2009-05-31 00:00:00.000,3,West Bengal,West Midnapore,1,4,1,Clear,1,1,1,1,0,0,0
88600,2009,2009-06-06 00:00:00.000,2009-06-06 00:00:00.000,3,West Bengal,West Midnapore,2,1,1,Clear,1,1,1,1,0,0,0
88602,2009,2009-07-10 00:00:00.000,2009-07-10 00:00:00.000,3,West Bengal,West Midnapore,2,1,1,Clear,2,2,2,2,0,0,0
88603,2009,2009-07-15 00:00:00.000,2009-07-15 00:00:00.000,3,West Bengal,Purulia,1,1,1,Clear,1,1,1,1,0,0,0
88607,2009,2009-07-17 00:00:00.000,2009-07-17 00:00:00.000,3,Jharkhand,Giridih,3,1,1,Clear,1,1,1,1,0,0,0
88608,2009,2009-07-17 00:00:00.000,2009-07-17 00:00:00.000,3,Jharkhand,Gumla,3,1,1,Clear,1,1,1,1,0,0,0
88609,2009,2009-07-18 00:00:00.000,2009-07-18 00:00:00.000,3,West Bengal,West Midnapore,1,1,1,Clear,1,1,1,1,0,0,0
88610,2009,2009-07-19 00:00:00.000,2009-07-19 00:00:00.000,3,Jharkhand,Gumla,3,1,1,Clear,1,1,0,1,0,0,0
88611,2009,2009-08-05 00:00:00.000,2009-08-05 00:00:00.000,3,West Bengal,West Midnapore,1,1,1,Clear,1,1,1,1,0,0,0
88612,2009,2009-07-22 00:00:00.000,2009-07-22 00:00:00.000,3,West Bengal,West Midnapore,2,1,1,Clear,1,1,1,1,0,0,0
88613,2009,2009-07-30 00:00:00.000,2009-07-30 00:00:00.000,3,Chhattisgarh,Bijapur,1,1,1,Clear,1,1,1,1,0,0,0
88614,2009,2009-07-30 00:00:00.000,2009-07-30 00:00:00.000,3,West Bengal,West Midnapore,2,1,1,Clear,1,1,1,1,0,0,0
88616,2009,2009-08-01 00:00:00.000,2009-08-01 00:00:00.000,3,West Bengal,West Midnapore,1,1,1,Clear,1,1,1,1,0,0,0
88619,2009,2009-08-02 00:00:00.000,2009-08-02 00:00:00.000,3,West Bengal,West Midnapore,2,1,1,Clear,1,1,1,1,0,0,0
88621,2009,2009-08-04 00:00:00.000,2009-08-04 00:00:00.000,3,Jharkhand,East Singhbhum,2,1,1,Clear,1,1,1,1,0,0,0
88622,2009,2009-08-04 00:00:00.000,2009-08-04 00:00:00.000,3,Odisha,Rayagada,2,1,1,Clear,1,1,1,1,0,0,0
88623,2009,2009-08-05 00:00:00.000,2009-08-05 00:00:00.000,3,West Bengal,West Midnapore,1,1,1,Clear,1,1,1,1,0,0,0
88625,2009,2009-08-09 00:00:00.000,2009-08-09 00:00:00.000,3,Jharkhand,Hazaribagh,2,1,1,Clear,1,1,1,1,0,0,0
88626,2009,2009-08-09 00:00:00.000,2009-08-09 00:00:00.000,3,West Bengal,West Midnapore,1,1,1,Clear,1,1,1,1,0,0,0
88627,2009,2009-08-10 00:00:00.000,2009-08-10 00:00:00.000,3,West Bengal,West Midnapore,1,1,1,Clear,1,1,1,1,0,0,0
88628,2009,2009-08-15 00:00:00.000,2009-08-15 00:00:00.000,3,West Bengal,Bankura,3,1,1,Clear,1,1,1,1,0,0,0
88629,2009,2009-08-21 00:00:00.000,2009-08-21 00:00:00.000,3,Jharkhand,East Singhbhum,1,1,1,Clear,1,1,1,1,0,0,0
88630,2009,2009-08-17 00:00:00.000,2009-08-17 00:00:00.000,3,Jharkhand,Ranchi,3,1,1,Clear,2,2,2,2,0,0,0
88631,2009,2009-08-19 00:00:00.000,2009-08-19 00:00:00.000,3,Odisha,Malkangiri,2,1,1,Clear,1,1,1,1,0,0,0
88634,2009,2009-08-28 00:00:00.000,2009-08-28 00:00:00.000,3,West Bengal,West Midnapore,2,1,1,Clear,1,1,0,1,0,0,0
88635,2009,2009-08-28 00:00:00.000,2009-08-28 00:00:00.000,3,Jharkhand,Ranchi,2,1,1,Clear,4,4,4,4,0,0,0
88636,2009,2009-08-29 00:00:00.000,2009-08-29 00:00:00.000,3,West Bengal,Purulia,2,1,1,Clear,1,1,1,1,0,0,0
88637,2009,2009-08-30 00:00:00.000,2009-08-30 00:00:00.000,3,West Bengal,Purulia,1,1,1,Clear,1,1,1,1,0,0,0
88638,2009,2009-08-30 00:00:00.000,2009-08-30 00:00:00.000,3,West Bengal,West Midnapore,2,1,1,Clear,1,1,1,1,0,0,0
88639,2009,2009-09-01 00:00:00.000,2009-09-01 00:00:00.000,3,Chhattisgarh,Rajnandgaon,3,1,1,Clear,2,2,2,2,0,0,0
88640,2009,2009-09-03 00:00:00.000,2009-09-03 00:00:00.000,3,Bihar,Aurangabad,2,1,1,Clear,1,1,1,1,0,0,0
88641,2009,2009-09-02 00:00:00.000,2009-09-04 00:00:00.000,3,Chhattisgarh,Bijapur,2,2,1,Clear,4,4,4,4,0,0,0
88642,2009,2009-09-06 00:00:00.000,2009-09-06 00:00:00.000,3,West Bengal,West Midnapore,1,1,1,Clear,2,2,0,2,0,0,0
88643,2009,2009-09-05 00:00:00.000,2009-09-05 00:00:00.000,3,West Bengal,West Midnapore,2,1,2,Clear,0,2,0,0,0,0,0
88644,2009,2009-09-06 00:00:00.000,2009-09-06 00:00:00.000,3,West Bengal,West Midnapore,2,1,1,Clear,1,1,1,1,0,0,0
88645,2009,2009-09-06 00:00:00.000,2009-09-06 00:00:00.000,3,West Bengal,West Midnapore,2,1,1,Clear,1,1,1,1,0,0,0
88646,2009,2009-10-07 00:00:00.000,2009-10-07 00:00:00.000,3,Maharashtra,Gadchiroli,3,1,1,Clear,1,1,1,1,0,0,0
88647,2009,2009-09-06 00:00:00.000,2009-09-06 00:00:00.000,3,Jharkhand,Ranchi,2,1,1,Clear,5,5,5,5,0,0,0
88648,2009,2009-09-06 00:00:00.000,2009-09-06 00:00:00.000,3,West Bengal,West Midnapore,2,1,1,Clear,2,2,0,2,0,0,0
88649,2009,2009-09-07 00:00:00.000,2009-09-07 00:00:00.000,3,Jharkhand,Latehar,3,1,1,Clear,2,2,2,2,0,0,0
88650,2009,2009-09-13 00:00:00.000,2009-09-13 00:00:00.000,3,West Bengal,West Midnapore,2,1,1,Clear,1,1,1,1,0,0,0
88651,2009,2009-09-07 00:00:00.000,2009-09-07 00:00:00.000,3,West Bengal,West Midnapore,1,1,1,Clear,1,1,1,1,0,0,0
88652,2009,2009-09-10 00:00:00.000,2009-09-10 00:00:00.000,3,West Bengal,Bankura,1,1,1,Clear,1,1,1,1,0,0,0
88653,2009,2009-09-12 00:00:00.000,2009-09-12 00:00:00.000,3,Chhattisgarh,Bijapur,1,1,1,Clear,1,1,1,1,0,0,0
88655,2009,2009-09-14 00:00:00.000,2009-09-14 00:00:00.000,3,West Bengal,West Midnapore,2,1,1,Clear,2,2,2,2,0,0,0
88656,2009,2009-09-22 00:00:00.000,2009-09-22 00:00:00.000,3,West Bengal,East Midnapore,1,1,1,Clear,1,1,1,1,0,0,0
88660,2009,2009-09-26 00:00:00.000,2009-09-26 00:00:00.000,3,Chhattisgarh,Bastar,3,1,1,Clear,1,1,1,1,0,0,0
88661,2009,2009-09-28 00:00:00.000,2009-09-28 00:00:00.000,3,Maharashtra,Gadchiroli,1,1,1,Clear,2,2,0,2,0,0,0
88663,2009,2009-09-30 00:00:00.000,2009-09-30 00:00:00.000,3,Jharkhand,East Singhbhum,2,1,1,Clear,1,1,1,1,0,0,0
88668,2009,2009-10-01 00:00:00.000,2009-10-01 00:00:00.000,3,Jharkhand,East Singhbhum,2,1,1,Clear,1,1,1,1,0,0,0
88669,2009,2009-10-01 00:00:00.000,2009-10-01 00:00:00.000,3,West Bengal,West Midnapore,1,1,1,Clear,1,1,1,1,0,0,0
88670,2009,2009-10-02 00:00:00.000,2009-10-02 00:00:00.000,3,West Bengal,West Midnapore,1,1,1,Clear,1,1,1,1,0,0,0
88672,2009,2009-10-04 00:00:00.000,2009-10-05 00:00:00.000,3,Jharkhand,East Singhbhum,1,2,1,Clear,1,1,1,1,0,0,0
88676,2009,2009-01-01 00:00:00.000,2009-10-08 00:00:00.000,3,Jharkhand,Unspecified,4,5,2,Clear,4,4,4,4,0,0,0
88677,2009,2009-10-12 00:00:00.000,2009-10-12 00:00:00.000,3,West Bengal,West Midnapore,1,1,1,Clear,0,1,0,0,0,0,0
88678,2009,2009-01-01 00:00:00.000,2009-10-08 00:00:00.000,3,Jharkhand,Simdega,2,5,1,Clear,1,1,1,1,0,0,0
88681,2009,2009-10-11 00:00:00.000,2009-10-12 00:00:00.000,3,West Bengal,Unspecified,4,2,1,Clear,1,1,1,1,0,0,0
88682,2009,2009-10-13 00:00:00.000,2009-10-13 00:00:00.000,3,Odisha,Unspecified,4,1,1,Clear,0,3,0,0,0,0,0
88685,2009,2009-10-12 00:00:00.000,2009-10-12 00:00:00.000,3,Jharkhand,Pakur,1,1,1,Clear,2,2,2,2,0,0,0
88686,2009,2009-10-18 00:00:00.000,2009-10-18 00:00:00.000,3,Maharashtra,Gadchiroli,1,1,1,Clear,1,1,1,1,0,0,0
88687,2009,2009-10-23 00:00:00.000,2009-10-23 00:00:00.000,3,Jharkhand,East Singhbhum,1,1,1,Clear,1,1,1,1,0,0,0
88688,2009,2009-10-17 00:00:00.000,2009-10-17 00:00:00.000,3,Maharashtra,Gadchiroli,1,1,1,Clear,1,1,1,1,0,0,0
88689,2009,2009-10-18 00:00:00.000,2009-10-18 00:00:00.000,3,West Bengal,West Midnapore,2,1,1,Clear,0,1,0,0,0,0,0
88690,2009,2009-10-21 00:00:00.000,2009-10-21 00:00:00.000,3,Chhattisgarh,Kanker,3,1,1,Clear,2,2,2,2,0,0,0
88693,2009,2009-11-26 00:00:00.000,2009-11-26 00:00:00.000,3,West Bengal,Purulia,1,1,1,Clear,0,1,0,0,0,0,0
88694,2009,2009-11-27 00:00:00.000,2009-11-27 00:00:00.000,3,West Bengal,West Midnapore,2,1,1,Clear,1,1,1,1,0,0,0
88695,2009,2009-11-27 00:00:00.000,2009-11-27 00:00:00.000,3,Chhattisgarh,Raipur,1,1,1,Clear,1,1,1,1,0,0,0
88696,2009,2009-11-29 00:00:00.000,2009-11-30 00:00:00.000,3,Chhattisgarh,Kanker,1,2,1,Clear,1,1,1,1,0,0,0
88697,2009,2009-11-29 00:00:00.000,2009-11-29 00:00:00.000,3,West Bengal,West Midnapore,2,1,1,Clear,0,1,0,0,0,0,0
88702,2009,2009-11-30 00:00:00.000,2009-11-30 00:00:00.000,3,Chhattisgarh,Bijapur,3,1,1,Clear,1,1,1,1,0,0,0
88703,2009,2009-11-30 00:00:00.000,2009-11-30 00:00:00.000,3,Chhattisgarh,Bijapur,1,1,1,Clear,1,1,1,1,0,0,0
88704,2009,2009-11-30 00:00:00.000,2009-12-01 00:00:00.000,3,West Bengal,West Midnapore,2,2,1,Clear,1,1,1,1,0,0,0
88705,2009,2009-12-07 00:00:00.000,2009-12-07 00:00:00.000,3,West Bengal,West Midnapore,2,1,1,Clear,1,1,1,1,0,0,0
88706,2009,2009-12-07 00:00:00.000,2009-12-07 00:00:00.000,3,Bihar,Sheohar,3,1,1,Clear,3,3,3,3,0,0,0
88707,2009,2009-12-06 00:00:00.000,2009-12-06 00:00:00.000,3,Chhattisgarh,Dantewada,2,1,1,Clear,0,4,0,0,0,0,0
88713,2009,2009-12-08 00:00:00.000,2009-12-08 00:00:00.000,3,Chhattisgarh,Kanker,1,1,1,Clear,2,2,2,2,0,0,0
88714,2009,2009-12-09 00:00:00.000,2009-12-09 00:00:00.000,3,West Bengal,West Midnapore,1,1,1,Clear,1,1,1,1,0,0,0
88715,2009,2009-12-09 00:00:00.000,2009-12-10 00:00:00.000,3,Chhattisgarh,Raigarh,3,2,1,Clear,1,1,0,1,0,0,0
88716,2009,2009-12-11 00:00:00.000,2009-12-12 00:00:00.000,3,West Bengal,West Midnapore,2,2,1,Clear,1,1,0,1,0,0,0
88717,2009,2009-12-10 00:00:00.000,2009-12-10 00:00:00.000,3,West Bengal,West Midnapore,3,1,1,Clear,3,3,3,3,0,0,0
88723,2009,2009-12-10 00:00:00.000,2009-12-10 00:00:00.000,3,Uttar Pradesh,Sonbhadra,1,1,1,Clear,1,1,1,1,0,0,0
88728,2009,2009-12-12 00:00:00.000,2009-12-12 00:00:00.000,3,West Bengal,South 24 Parganas,1,1,1,Clear,1,1,1,1,0,0,0
88729,2009,2009-12-12 00:00:00.000,2009-12-13 00:00:00.000,3,West Bengal,West Midnapore,2,2,1,Clear,1,1,0,1,0,0,0
88730,2009,2009-12-16 00:00:00.000,2009-12-16 00:00:00.000,3,Jharkhand,Chatra,2,1,1,Clear,1,1,1,1,0,0,0
88731,2009,2009-12-18 00:00:00.000,2009-12-20 00:00:00.000,3,Bihar,Gaya,3,2,1,Clear,1,1,0,1,0,0,0
88733,2009,2009-12-17 00:00:00.000,2009-12-17 00:00:00.000,3,Chhattisgarh,Bijapur,3,1,1,Clear,1,1,1,1,0,0,0
88734,2009,2009-12-17 00:00:00.000,2009-12-17 00:00:00.000,3,West Bengal,West Midnapore,2,1,1,Clear,3,3,3,3,0,0,0
88737,2009,2009-12-18 00:00:00.000,2009-12-18 00:00:00.000,3,West Bengal,West Midnapore,1,1,1,Clear,1,1,1,1,0,0,0
88742,2009,2009-12-20 00:00:00.000,2009-12-20 00:00:00.000,3,West Bengal,West Midnapore,2,1,1,Clear,2,2,2,2,0,0,0
88750,2009,2009-12-22 00:00:00.000,2009-12-22 00:00:00.000,3,Bihar,Gaya,2,1,1,Clear,2,2,2,2,0,0,0
88751,2009,2009-12-23 00:00:00.000,2009-12-23 00:00:00.000,3,Maharashtra,Gondia,2,1,1,Clear,1,1,1,1,0,0,0
88754,2009,2009-12-23 00:00:00.000,2009-12-23 00:00:00.000,3,West Bengal,West Midnapore,1,1,1,Clear,1,1,1,1,0,0,0
88755,2009,2009-12-24 00:00:00.000,2009-12-24 00:00:00.000,3,West Bengal,West Midnapore,1,1,1,Clear,1,1,1,1,0,0,0
88758,2009,2009-12-24 00:00:00.000,2009-12-24 00:00:00.000,3,West Bengal,West Midnapore,1,1,1,Clear,1,1,1,1,0,0,0
88766,2009,2009-12-24 00:00:00.000,2009-12-24 00:00:00.000,3,West Bengal,West Midnapore,1,1,1,Clear,1,1,1,1,0,0,0
88767,2009,2009-12-26 00:00:00.000,2009-12-26 00:00:00.000,3,West Bengal,Bankura,1,1,1,Clear,1,1,1,1,0,0,0
88768,2009,2009-12-27 00:00:00.000,2009-12-27 00:00:00.000,3,Jharkhand,Palamu,3,1,1,Clear,2,2,2,2,0,0,0
90524,2009,2009-01-04 00:00:00.000,2009-01-04 00:00:00.000,1,Jharkhand,Hazaribagh,3,1,1,Clear,1,1,1,0,0,1,0
90525,2009,2009-01-11 00:00:00.000,2009-01-11 00:00:00.000,1,Jharkhand,East Singhbhum,3,1,1,Clear,1,1,1,0,1,0,0
90526,2009,2009-10-25 00:00:00.000,2009-10-25 00:00:00.000,1,Chhattisgarh,Bijapur,3,1,1,Clear,3,3,3,0,0,3,0
90529,2009,2009-01-05 00:00:00.000,2009-01-05 00:00:00.000,1,Jharkhand,East Singhbhum,1,1,1,Clear,1,1,1,0,1,0,0
90530,2009,2009-01-07 00:00:00.000,2009-01-07 00:00:00.000,1,Chhattisgarh,Bijapur,1,1,1,Clear,3,3,3,0,2,0,1
90531,2009,2009-01-07 00:00:00.000,2009-01-07 00:00:00.000,1,Chhattisgarh,Bijapur,1,1,1,Clear,1,1,1,0,1,0,0
90532,2009,2009-01-08 00:00:00.000,2009-01-08 00:00:00.000,1,Chhattisgarh,Bijapur,3,1,1,Clear,1,1,1,0,0,1,0
90533,2009,2009-01-22 00:00:00.000,2009-01-22 00:00:00.000,1,Bihar,Muzaffarpur,1,1,1,Clear,2,2,2,0,1,1,0
90535,2009,2009-01-14 00:00:00.000,2009-01-14 00:00:00.000,1,Chhattisgarh,Kanker,2,1,1,Clear,2,2,2,0,2,0,0
90536,2009,2009-01-15 00:00:00.000,2009-01-15 00:00:00.000,1,Andhra Pradesh,Prakasam,2,1,1,Clear,1,1,1,0,0,1,0
90537,2009,2009-01-17 00:00:00.000,2009-01-17 00:00:00.000,1,Jharkhand,Latehar,3,1,1,Clear,6,6,6,0,6,0,0
90538,2009,2009-03-09 00:00:00.000,2009-03-09 00:00:00.000,1,Jharkhand,Ranchi,2,1,1,Clear,1,1,1,0,0,1,0
90539,2009,2009-03-10 00:00:00.000,2009-03-10 00:00:00.000,1,Chhattisgarh,Bastar,1,1,1,Clear,2,2,2,0,0,2,0
90540,2009,2009-01-20 00:00:00.000,2009-01-20 00:00:00.000,1,Andhra Pradesh,Visakhapatnam,2,1,1,Clear,3,3,3,0,0,3,0
90542,2009,2009-01-22 00:00:00.000,2009-01-22 00:00:00.000,1,Odisha,Malkangiri,1,1,1,Clear,1,1,1,0,1,0,0
90543,2009,2009-01-24 00:00:00.000,2009-01-24 00:00:00.000,1,Chhattisgarh,Bijapur,1,1,1,Clear,5,5,5,0,0,5,0
90544,2009,2009-01-23 00:00:00.000,2009-01-23 00:00:00.000,1,Odisha,Malkangiri,3,1,1,Clear,3,3,3,0,0,3,0
90545,2009,2009-01-27 00:00:00.000,2009-01-27 00:00:00.000,1,Uttar Pradesh,Mirzapur,1,1,1,Clear,0,1,0,0,0,0,0
90546,2009,2009-01-28 00:00:00.000,2009-01-28 00:00:00.000,1,Andhra Pradesh,Warangal,2,1,1,Clear,1,1,1,0,0,1,0
90547,2009,2009-02-01 00:00:00.000,2009-02-01 00:00:00.000,1,Maharashtra,Gadchiroli,3,1,1,Clear,23,23,23,0,15,8,0
90548,2009,2009-02-09 00:00:00.000,2009-02-09 00:00:00.000,1,Bihar,Nawada,3,1,1,Clear,11,11,11,0,11,0,0
90549,2009,2009-02-18 00:00:00.000,2009-02-18 00:00:00.000,1,Chhattisgarh,Kanker,1,1,1,Clear,3,3,3,0,3,0,0
90550,2009,2009-02-25 00:00:00.000,2009-02-25 00:00:00.000,1,West Bengal,Purulia,1,1,1,Clear,2,2,2,0,2,0,0
90551,2009,2009-03-15 00:00:00.000,2009-03-15 00:00:00.000,1,Jharkhand,Palamu,2,1,1,Clear,0,2,0,0,0,0,0
90552,2009,2009-03-17 00:00:00.000,2009-03-17 00:00:00.000,1,Jharkhand,Giridih,2,1,1,Clear,1,1,1,0,1,0,0
90553,2009,2009-03-24 00:00:00.000,2009-03-24 00:00:00.000,1,Chhattisgarh,Narayanpur,3,1,1,Clear,1,1,1,0,1,0,0
90554,2009,2009-03-30 00:00:00.000,2009-03-30 00:00:00.000,1,West Bengal,West Midnapore,2,1,1,Clear,4,4,4,0,0,0,4
90555,2009,2009-03-24 00:00:00.000,2009-03-24 00:00:00.000,1,Odisha,Kandhamal,3,1,1,Clear,1,1,1,0,0,1,0
90556,2009,2009-04-06 00:00:00.000,2009-04-06 00:00:00.000,1,Maharashtra,Gadchiroli,1,1,1,Clear,17,17,17,0,3,14,0
90557,2009,2009-04-06 00:00:00.000,2009-04-06 00:00:00.000,1,Chhattisgarh,Narayanpur,3,1,1,Clear,1,1,1,0,0,1,0
90558,2009,2009-04-09 00:00:00.000,2009-04-09 00:00:00.000,1,Chhattisgarh,Narayanpur,3,1,1,Clear,1,1,1,0,0,1,0
90559,2009,2009-04-07 00:00:00.000,2009-04-07 00:00:00.000,1,Chhattisgarh,Bijapur,2,1,1,Clear,2,2,2,0,2,0,0
90560,2009,2009-04-10 00:00:00.000,2009-04-10 00:00:00.000,1,Chhattisgarh,Dantewada,2,1,1,Clear,13,40,13,0,10,3,0
90561,2009,2009-04-11 00:00:00.000,2009-04-11 00:00:00.000,1,Jharkhand,Khunti,3,1,1,Clear,6,7,6,0,5,1,0
90562,2009,2009-04-12 00:00:00.000,2009-04-13 00:00:00.000,1,Odisha,Koraput,1,2,1,Clear,16,16,16,0,11,5,0
90563,2009,2009-04-16 00:00:00.000,2009-04-16 00:00:00.000,1,Bihar,Gaya,3,1,1,Clear,2,2,2,0,2,0,0
90564,2009,2009-04-12 00:00:00.000,2009-04-12 00:00:00.000,1,Chhattisgarh,Bijapur,3,1,1,Clear,4,4,4,1,2,0,1
90565,2009,2009-04-12 00:00:00.000,2009-04-12 00:00:00.000,1,Chhattisgarh,Dantewada,3,1,1,Clear,3,3,3,0,0,3,0
90566,2009,2009-04-12 00:00:00.000,2009-04-12 00:00:00.000,1,Chhattisgarh,Kanker,2,1,1,Clear,3,3,3,0,0,3,0
90567,2009,2009-04-15 00:00:00.000,2009-04-15 00:00:00.000,1,Bihar,Rohtas,3,1,1,Clear,11,11,11,0,0,11,0
90568,2009,2009-04-15 00:00:00.000,2009-04-15 00:00:00.000,1,Jharkhand,Latehar,1,1,1,Clear,2,2,2,0,2,0,0
90569,2009,2009-04-16 00:00:00.000,2009-04-16 00:00:00.000,1,Jharkhand,Latehar,1,1,1,Clear,9,9,9,2,7,0,0
90570,2009,2009-04-16 00:00:00.000,2009-04-16 00:00:00.000,1,Maharashtra,Gadchiroli,2,1,1,Clear,0,2,0,0,0,0,0
90571,2009,2009-04-16 00:00:00.000,2009-04-16 00:00:00.000,1,Chhattisgarh,Rajnandgaon,2,1,1,Clear,5,5,5,0,1,0,4
90572,2009,2009-04-25 00:00:00.000,2009-04-25 00:00:00.000,1,Chhattisgarh,Bijapur,2,1,1,Clear,2,2,2,0,0,2,0
90573,2009,2009-04-23 00:00:00.000,2009-04-23 00:00:00.000,1,Bihar,Muzaffarpur,2,1,1,Clear,5,5,5,1,4,0,0
90574,2009,2009-05-01 00:00:00.000,2009-05-01 00:00:00.000,1,West Bengal,West Midnapore,3,1,1,Clear,3,3,3,0,3,0,0
90575,2009,2009-05-07 00:00:00.000,2009-05-07 00:00:00.000,1,Chhattisgarh,Narayanpur,3,1,1,Clear,1,1,1,0,1,0,0
90576,2009,2009-05-09 00:00:00.000,2009-05-09 00:00:00.000,1,Chhattisgarh,Bijapur,2,1,1,Clear,0,4,0,0,0,0,0
90577,2009,2009-05-06 00:00:00.000,2009-05-06 00:00:00.000,1,Chhattisgarh,Dantewada,3,1,1,Clear,11,11,11,0,11,0,0
90578,2009,2009-05-09 00:00:00.000,2009-05-09 00:00:00.000,1,Chhattisgarh,Narayanpur,3,1,1,Clear,1,1,1,0,1,0,0
90579,2009,2009-05-16 00:00:00.000,2009-05-16 00:00:00.000,1,Chhattisgarh,Dantewada,3,1,1,Clear,3,11,3,0,3,0,0
90580,2009,2009-05-19 00:00:00.000,2009-05-19 00:00:00.000,1,Jharkhand,West Singhbhum,3,1,1,Clear,1,1,1,1,0,0,0
90581,2009,2009-05-11 00:00:00.000,2009-05-11 00:00:00.000,1,Chhattisgarh,Dhamtari,1,1,1,Clear,13,14,13,1,12,0,0
90582,2009,2009-06-06 00:00:00.000,2009-06-06 00:00:00.000,1,Chhattisgarh,Narayanpur,1,1,1,Clear,1,1,1,0,1,0,0
90583,2009,2009-05-21 00:00:00.000,2009-05-21 00:00:00.000,1,Maharashtra,Nagpur,2,1,1,Clear,16,16,16,0,16,0,0
90584,2009,2009-05-31 00:00:00.000,2009-05-31 00:00:00.000,1,Chhattisgarh,Surguja,3,1,1,Clear,1,1,1,0,0,1,0
90585,2009,2009-05-24 00:00:00.000,2009-05-24 00:00:00.000,1,Andhra Pradesh,Warangal,2,1,1,Clear,2,2,2,0,0,2,0
90586,2009,2009-05-24 00:00:00.000,2009-05-24 00:00:00.000,1,Jharkhand,Hazaribagh,2,1,1,Clear,1,1,1,0,0,1,0
90587,2009,2009-05-31 00:00:00.000,2009-05-31 00:00:00.000,1,Jharkhand,Ranchi,1,1,1,Clear,0,1,0,0,0,0,0
90588,2009,2009-06-08 00:00:00.000,2009-06-08 00:00:00.000,1,Chhattisgarh,Narayanpur,1,1,1,Clear,1,1,1,0,1,0,0
90589,2009,2009-06-10 00:00:00.000,2009-06-10 00:00:00.000,1,Jharkhand,West Singhbhum,1,1,1,Clear,11,11,9,0,11,0,0
90590,2009,2009-06-12 00:00:00.000,2009-06-12 00:00:00.000,1,Jharkhand,Bokaro,3,1,1,Clear,11,11,9,0,11,0,0
90591,2009,2009-06-12 00:00:00.000,2009-06-12 00:00:00.000,1,Jharkhand,Bokaro,3,1,1,Clear,2,3,2,0,2,0,0
90592,2009,2009-06-16 00:00:00.000,2009-06-16 00:00:00.000,1,Jharkhand,Palamu,3,1,1,Clear,4,4,4,0,4,0,0
90593,2009,2009-06-18 00:00:00.000,2009-06-18 00:00:00.000,1,Odisha,Koraput,1,1,1,Clear,10,10,10,0,9,0,1
90594,2009,2009-06-19 00:00:00.000,2009-06-19 00:00:00.000,1,Chhattisgarh,Bastar,2,1,1,Clear,1,1,1,1,0,0,0
90595,2009,2009-06-20 00:00:00.000,2009-06-20 00:00:00.000,1,Chhattisgarh,Dantewada,3,1,1,Clear,12,12,12,0,12,0,0
90596,2009,2009-06-22 00:00:00.000,2009-06-22 00:00:00.000,1,Odisha,Malkangiri,2,1,1,Clear,2,2,2,0,0,2,0
90597,2009,2009-06-28 00:00:00.000,2009-06-28 00:00:00.000,1,Chhattisgarh,Bijapur,2,1,1,Clear,1,1,1,0,1,0,0
90598,2009,2009-06-23 00:00:00.000,2009-06-23 00:00:00.000,1,Bihar,Lakhisarai,1,1,1,Clear,1,1,1,0,1,0,0
90599,2009,2009-06-29 00:00:00.000,2009-06-29 00:00:00.000,1,Bihar,Muzaffarpur,3,1,1,Clear,1,1,1,1,0,0,0
90600,2009,2009-07-01 00:00:00.000,2009-07-01 00:00:00.000,1,Chhattisgarh,Dantewada,2,1,1,Clear,1,1,1,0,1,0,0
90601,2009,2009-07-04 00:00:00.000,2009-07-04 00:00:00.000,1,Jharkhand,Dumka,2,1,1,Clear,1,1,1,0,0,1,0
90602,2009,2009-07-06 00:00:00.000,2009-07-06 00:00:00.000,1,Chhattisgarh,Narayanpur,3,1,1,Clear,2,2,2,0,0,2,0
90603,2009,2009-07-09 00:00:00.000,2009-07-09 00:00:00.000,1,Chhattisgarh,Bijapur,1,1,1,Clear,2,2,2,0,1,0,1
90604,2009,2009-07-12 00:00:00.000,2009-07-12 00:00:00.000,1,Chhattisgarh,Rajnandgaon,3,1,1,Clear,2,2,2,0,2,0,0
90605,2009,2009-07-17 00:00:00.000,2009-07-17 00:00:00.000,1,Odisha,Sundergarh,3,1,1,Clear,0,1,0,0,0,0,0
90606,2009,2009-07-29 00:00:00.000,2009-07-29 00:00:00.000,1,Odisha,Keonjhar,2,1,1,Clear,2,2,2,0,2,0,0
90607,2009,2009-07-12 00:00:00.000,2009-07-12 00:00:00.000,1,Chhattisgarh,Rajnandgaon,1,1,1,Clear,24,30,24,0,24,0,0
90608,2009,2009-07-12 00:00:00.000,2009-07-12 00:00:00.000,1,Chhattisgarh,Rajnandgaon,3,1,1,Clear,4,4,4,0,4,0,0
90609,2009,2009-07-16 00:00:00.000,2009-07-17 00:00:00.000,1,Odisha,Sundergarh,3,2,1,Clear,1,1,1,0,1,0,0
90610,2009,2009-07-22 00:00:00.000,2009-07-22 00:00:00.000,1,Jharkhand,Simdega,3,1,1,Clear,0,6,0,0,0,0,0
90611,2009,2009-07-30 00:00:00.000,2009-07-30 00:00:00.000,1,Chhattisgarh,Bijapur,2,1,1,Clear,1,1,1,0,1,0,0
90612,2009,2009-07-26 00:00:00.000,2009-07-26 00:00:00.000,1,Chhattisgarh,Dantewada,2,1,1,Clear,6,6,6,0,6,0,0
90613,2009,2009-07-31 00:00:00.000,2009-07-31 00:00:00.000,1,West Bengal,West Midnapore,2,1,1,Clear,0,2,0,0,0,0,0
90614,2009,2009-08-11 00:00:00.000,2009-08-11 00:00:00.000,1,Chhattisgarh,Dantewada,2,1,1,Clear,6,6,6,0,0,6,0
90615,2009,2009-08-22 00:00:00.000,2009-08-23 00:00:00.000,1,Bihar,Jamui,3,2,1,Clear,6,6,6,0,5,1,0
90616,2009,2009-08-12 00:00:00.000,2009-08-12 00:00:00.000,1,Odisha,Rayagada,2,1,1,Clear,3,3,3,0,0,3,0
90617,2009,2009-08-25 00:00:00.000,2009-08-25 00:00:00.000,1,Jharkhand,Ranchi,1,1,1,Clear,1,1,1,0,0,1,0
90618,2009,2009-09-01 00:00:00.000,2009-09-01 00:00:00.000,1,Bihar,Kaimur (Bhabhua),3,1,1,Clear,0,1,0,0,0,0,0
90619,2009,2009-09-01 00:00:00.000,2009-09-01 00:00:00.000,1,Jharkhand,Gumla,3,1,1,Clear,2,2,2,0,0,2,0
90620,2009,2009-09-02 00:00:00.000,2009-09-02 00:00:00.000,1,West Bengal,West Midnapore,2,1,1,Clear,2,2,2,0,0,2,0
90621,2009,2009-09-02 00:00:00.000,2009-09-02 00:00:00.000,1,Jharkhand,Bokaro,1,1,1,Clear,1,1,1,0,1,0,0
90622,2009,2009-09-07 00:00:00.000,2009-09-07 00:00:00.000,1,Chhattisgarh,Dantewada,3,1,1,Clear,1,1,1,0,0,1,0
90623,2009,2009-09-17 00:00:00.000,2009-09-17 00:00:00.000,1,Chhattisgarh,Bijapur,2,1,1,Clear,2,2,2,0,0,2,0
90624,2009,2009-09-18 00:00:00.000,2009-09-18 00:00:00.000,1,Chhattisgarh,Dantewada,3,1,1,Clear,15,36,15,0,6,9,0
90625,2009,2009-10-01 00:00:00.000,2009-10-01 00:00:00.000,1,Chhattisgarh,Dantewada,3,1,1,Clear,2,2,2,0,0,2,0
90626,2009,2009-10-21 00:00:00.000,2009-10-21 00:00:00.000,1,Andhra Pradesh,Warangal,3,1,1,Clear,1,1,1,0,0,1,0
90627,2009,2009-09-18 00:00:00.000,2009-09-20 00:00:00.000,1,Chhattisgarh,Dantewada,3,2,1,Clear,6,6,6,0,6,0,0
90628,2009,2009-09-24 00:00:00.000,2009-09-25 00:00:00.000,1,Chhattisgarh,Bijapur,1,2,1,Clear,0,12,0,0,0,0,0
90629,2009,2009-10-04 00:00:00.000,2009-10-04 00:00:00.000,1,Maharashtra,Gadchiroli,1,1,1,Clear,0,6,0,0,0,0,0
90630,2009,2009-10-06 00:00:00.000,2009-10-06 00:00:00.000,1,Maharashtra,Gadchiroli,2,1,1,Clear,1,1,1,0,0,1,0
90631,2009,2009-10-06 00:00:00.000,2009-10-06 00:00:00.000,1,Jharkhand,Unspecified,5,1,1,Clear,1,1,1,0,1,0,0
90632,2009,2009-10-08 00:00:00.000,2009-10-08 00:00:00.000,1,West Bengal,West Midnapore,2,1,1,Clear,0,1,0,0,0,0,0
90633,2009,2009-10-08 00:00:00.000,2009-10-08 00:00:00.000,1,Maharashtra,Gadchiroli,1,1,1,Clear,18,33,17,0,18,0,0
90634,2009,2009-01-01 00:00:00.000,2009-10-08 00:00:00.000,1,Jharkhand,Simdega,1,5,1,Clear,0,6,0,0,0,0,0
90635,2009,2009-10-13 00:00:00.000,2009-10-13 00:00:00.000,1,Odisha,Mayurbhanj,2,1,1,Clear,3,3,3,0,3,0,0
90636,2009,2009-10-24 00:00:00.000,2009-10-24 00:00:00.000,1,Chhattisgarh,Bijapur,3,1,1,Clear,1,1,1,0,0,1,0
90637,2009,2009-10-20 00:00:00.000,2009-10-20 00:00:00.000,1,West Bengal,West Midnapore,2,1,1,Clear,2,2,2,0,2,0,0
90638,2009,2009-10-25 00:00:00.000,2009-10-25 00:00:00.000,1,Jharkhand,Ranchi,2,1,1,Clear,4,4,4,0,0,4,0
90639,2009,2009-10-25 00:00:00.000,2009-10-25 00:00:00.000,1,Chhattisgarh,Kanker,3,1,1,Clear,1,1,1,0,0,1,0
90640,2009,2009-10-29 00:00:00.000,2009-10-29 00:00:00.000,1,Chhattisgarh,Rajnandgaon,1,1,1,Clear,1,1,1,0,1,0,0
90641,2009,2009-11-09 00:00:00.000,2009-11-09 00:00:00.000,1,Uttar Pradesh,Sonbhadra,1,1,1,Clear,1,1,1,0,0,1,0
90642,2009,2009-10-25 00:00:00.000,2009-10-25 00:00:00.000,1,Chhattisgarh,Dantewada,1,1,1,Clear,4,4,4,0,4,0,0
90643,2009,2009-10-27 00:00:00.000,2009-10-27 00:00:00.000,1,West Bengal,West Midnapore,1,1,1,Clear,2,2,2,0,0,2,0
90644,2009,2009-10-31 00:00:00.000,2009-10-31 00:00:00.000,1,Andhra Pradesh,Warangal,1,1,1,Clear,2,2,2,0,0,2,0
90645,2009,2009-10-31 00:00:00.000,2009-10-31 00:00:00.000,1,Jharkhand,Hazaribagh,2,1,1,Clear,7,7,7,0,0,7,0
90646,2009,2009-11-10 00:00:00.000,2009-11-10 00:00:00.000,1,Chhattisgarh,Dantewada,2,1,1,Clear,7,7,7,0,0,7,0
90647,2009,2009-11-09 00:00:00.000,2009-11-09 00:00:00.000,1,West Bengal,West Midnapore,2,1,1,Clear,4,4,4,0,4,0,0
90648,2009,2009-11-13 00:00:00.000,2009-11-13 00:00:00.000,1,Odisha,Unspecified,4,1,1,Clear,3,3,0,0,3,0,0
90649,2009,2009-11-15 00:00:00.000,2009-11-15 00:00:00.000,1,Chhattisgarh,Kanker,3,1,1,Clear,1,1,1,0,0,1,0
90650,2009,2009-11-16 00:00:00.000,2009-11-16 00:00:00.000,1,Bihar,Munger,3,1,1,Clear,1,1,1,0,1,0,0
90651,2009,2009-11-19 00:00:00.000,2009-11-19 00:00:00.000,1,Andhra Pradesh,Cuddapah,2,1,1,Clear,1,1,1,0,0,1,0
90652,2009,2009-11-24 00:00:00.000,2009-11-24 00:00:00.000,1,Chhattisgarh,Bijapur,3,1,1,Clear,1,1,1,0,0,1,0
90653,2009,2009-11-27 00:00:00.000,2009-11-27 00:00:00.000,1,Chhattisgarh,Dantewada,3,1,1,Clear,1,1,1,0,0,1,0
90654,2009,2009-11-19 00:00:00.000,2009-11-19 00:00:00.000,1,Andhra Pradesh,Saran,2,1,1,Clear,2,2,2,0,1,0,1
90655,2009,2009-11-22 00:00:00.000,2009-11-22 00:00:00.000,1,Jharkhand,Gumla,3,1,1,Clear,3,3,3,0,3,0,0
90656,2009,2009-11-27 00:00:00.000,2009-11-27 00:00:00.000,1,West Bengal,West Midnapore,2,1,1,Clear,1,1,1,0,1,0,0
90657,2009,2009-11-29 00:00:00.000,2009-11-29 00:00:00.000,1,Jharkhand,East Singhbhum,2,1,1,Clear,0,3,0,0,0,0,0
90658,2009,2009-12-02 00:00:00.000,2009-12-02 00:00:00.000,1,Jharkhand,Giridih,3,1,1,Clear,1,1,1,0,1,0,0
90659,2009,2009-12-18 00:00:00.000,2009-12-18 00:00:00.000,1,Jharkhand,Palamu,1,1,1,Clear,1,1,1,0,1,0,0
90660,2009,2009-11-28 00:00:00.000,2009-11-28 00:00:00.000,1,West Bengal,West Midnapore,1,1,1,Clear,2,2,2,0,2,0,0
90661,2009,2009-11-30 00:00:00.000,2009-11-30 00:00:00.000,1,Jharkhand,East Singhbhum,3,1,1,Clear,3,3,3,0,0,3,0
90662,2009,2009-12-02 00:00:00.000,2009-12-02 00:00:00.000,1,Andhra Pradesh,Adilabad,2,1,1,Clear,3,3,3,0,0,3,0
90663,2009,2009-12-04 00:00:00.000,2009-12-04 00:00:00.000,1,Jharkhand,East Singhbhum,3,1,1,Clear,1,1,0,0,1,0,0
90664,2009,2009-12-10 00:00:00.000,2009-12-10 00:00:00.000,1,West Bengal,West Midnapore,3,1,1,Clear,0,1,0,0,0,0,0
90665,2009,2009-12-11 00:00:00.000,2009-12-11 00:00:00.000,1,Chhattisgarh,Dantewada,2,1,1,Clear,7,7,7,0,0,7,0
90666,2009,2009-12-08 00:00:00.000,2009-12-08 00:00:00.000,1,Jharkhand,Dumka,2,1,1,Clear,2,2,2,0,2,0,0
90667,2009,2009-12-11 00:00:00.000,2009-12-11 00:00:00.000,1,Jharkhand,Ranchi,3,1,1,Clear,1,2,1,0,0,1,0
90668,2009,2009-12-13 00:00:00.000,2009-12-13 00:00:00.000,1,Andhra Pradesh,Khammam,2,1,1,Clear,1,1,1,0,0,1,0
90669,2009,2009-12-14 00:00:00.000,2009-12-14 00:00:00.000,1,Jharkhand,Chatra,1,1,1,Clear,1,1,1,0,1,0,0
90670,2009,2009-12-15 00:00:00.000,2009-12-15 00:00:00.000,1,Chhattisgarh,Bijapur,3,1,1,Clear,2,2,2,0,0,2,0
90671,2009,2009-12-18 00:00:00.000,2009-12-18 00:00:00.000,1,Jharkhand,West Singhbhum,2,1,1,Clear,1,1,1,0,1,0,0
90672,2009,2009-12-18 00:00:00.000,2009-12-18 00:00:00.000,1,Jharkhand,Palamu,3,1,1,Clear,1,1,1,0,1,0,0
90673,2009,2009-12-19 00:00:00.000,2009-12-19 00:00:00.000,1,Chhattisgarh,Bijapur,3,1,1,Clear,1,1,1,0,1,0,0
90674,2009,2009-12-22 00:00:00.000,2009-12-22 00:00:00.000,1,Chhattisgarh,Bijapur,3,1,1,Clear,3,3,3,0,0,3,0
90675,2009,2009-12-24 00:00:00.000,2009-12-24 00:00:00.000,1,Odisha,Koraput,3,1,1,Clear,1,3,1,0,0,1,0
90676,2009,2009-12-24 00:00:00.000,2009-12-24 00:00:00.000,1,Odisha,Koraput,3,1,1,Clear,1,1,1,0,1,0,0
84128,2010,2010-02-06 00:00:00.000,2010-02-06 00:00:00.000,3,Odisha,Sundergarh,3,1,1,Clear,1,1,1,1,0,0,0
84129,2010,2010-03-31 00:00:00.000,2010-03-31 00:00:00.000,3,Jharkhand,East Singhbhum,3,1,1,Clear,1,1,1,1,0,0,0
84130,2010,2010-05-26 00:00:00.000,2010-05-26 00:00:00.000,3,West Bengal,West Midnapore,2,1,1,Clear,1,1,1,1,0,0,0
84131,2010,2010-08-13 00:00:00.000,2010-08-13 00:00:00.000,3,West Bengal,West Midnapore,2,1,1,Clear,1,1,1,1,0,0,0
84223,2010,2010-04-01 00:00:00.000,2010-04-01 00:00:00.000,3,Bihar,Rohtas,1,1,1,Clear,1,1,0,1,0,0,0
84224,2010,2010-04-08 00:00:00.000,2010-04-08 00:00:00.000,3,Bihar,Rohtas,1,1,1,Clear,2,2,2,2,0,0,0
84225,2010,2010-04-10 00:00:00.000,2010-04-10 00:00:00.000,3,West Bengal,West Midnapore,3,1,1,Clear,2,2,0,2,0,0,0
84226,2010,2010-02-06 00:00:00.000,2010-02-06 00:00:00.000,3,West Bengal,Birbhum,3,1,1,Clear,1,1,0,1,0,0,0
84227,2010,2010-03-07 00:00:00.000,2010-03-07 00:00:00.000,3,Jharkhand,East Singhbhum,1,1,1,Clear,1,1,1,1,0,0,0
84230,2010,2010-05-26 00:00:00.000,2010-05-26 00:00:00.000,3,Chhattisgarh,Dantewada,1,1,1,Clear,1,1,1,1,0,0,0
84232,2010,2010-08-14 00:00:00.000,2010-08-14 00:00:00.000,3,Chhattisgarh,Kanker,3,1,1,Clear,2,2,2,2,0,0,0
84240,2010,2010-05-26 00:00:00.000,2010-05-26 00:00:00.000,3,West Bengal,West Midnapore,2,1,1,Clear,0,1,0,0,0,0,0
84241,2010,2010-05-26 00:00:00.000,2010-05-26 00:00:00.000,3,West Bengal,West Midnapore,2,1,1,Clear,0,1,0,0,0,0,0
84257,2010,2010-02-11 00:00:00.000,2010-02-11 00:00:00.000,3,West Bengal,West Midnapore,2,1,1,Clear,1,1,1,1,0,0,0
84261,2010,2010-08-31 00:00:00.000,2010-08-31 00:00:00.000,3,Jharkhand,Latehar,1,1,1,Clear,1,1,1,1,0,0,0
84272,2010,2010-02-17 00:00:00.000,2010-02-17 00:00:00.000,3,Jharkhand,East Singhbhum,1,1,1,Clear,1,1,1,1,0,0,0
84273,2010,2010-04-20 00:00:00.000,2010-04-20 00:00:00.000,3,Chhattisgarh,Bijapur,1,1,1,Clear,1,1,1,1,0,0,0
84274,2010,2010-05-27 00:00:00.000,2010-05-27 00:00:00.000,3,West Bengal,West Midnapore,1,1,1,Clear,1,1,1,1,0,0,0
84275,2010,2010-09-21 00:00:00.000,2010-09-21 00:00:00.000,3,Jharkhand,Khunti,3,1,1,Clear,2,2,2,2,0,0,0
84820,2010,2010-06-06 00:00:00.000,2010-06-06 00:00:00.000,3,West Bengal,West Midnapore,3,1,1,Clear,1,1,0,1,0,0,0
84823,2010,2010-09-24 00:00:00.000,2010-09-24 00:00:00.000,3,Jharkhand,Gumla,3,1,1,Clear,2,2,2,2,0,0,0
84824,2010,2010-09-24 00:00:00.000,2010-09-24 00:00:00.000,3,West Bengal,West Midnapore,2,1,1,Clear,1,1,1,1,0,0,0
84842,2010,2010-02-17 00:00:00.000,2010-02-17 00:00:00.000,3,Chhattisgarh,Kanker,3,1,1,Clear,2,2,2,2,0,0,0
84843,2010,2010-02-21 00:00:00.000,2010-02-21 00:00:00.000,3,Odisha,Sundergarh,3,1,1,Clear,1,1,0,1,0,0,0
84844,2010,2010-04-21 00:00:00.000,2010-04-21 00:00:00.000,3,West Bengal,West Midnapore,2,1,1,Clear,1,1,0,1,0,0,0
84868,2010,2010-02-21 00:00:00.000,2010-02-21 00:00:00.000,3,West Bengal,Purulia,2,1,1,Clear,2,2,2,2,0,0,0
84869,2010,2010-04-22 00:00:00.000,2010-04-22 00:00:00.000,3,Jharkhand,West Singhbhum,3,1,1,Clear,2,2,2,2,0,0,0
84870,2010,2010-06-02 00:00:00.000,2010-06-08 00:00:00.000,3,West Bengal,West Midnapore,2,3,1,Clear,2,2,0,2,0,0,0
84871,2010,2010-09-26 00:00:00.000,2010-09-26 00:00:00.000,3,Andhra Pradesh,Visakhapatnam,2,1,1,Clear,2,2,2,2,0,0,0
85302,2010,2010-09-29 00:00:00.000,2010-09-29 00:00:00.000,3,Odisha,Sundergarh,2,1,1,Clear,1,1,1,1,0,0,0
85316,2010,2010-04-22 00:00:00.000,2010-04-22 00:00:00.000,3,Jharkhand,Garhwa,3,1,1,Clear,1,1,1,1,0,0,0
85323,2010,2010-01-02 00:00:00.000,2010-01-02 00:00:00.000,3,West Bengal,West Midnapore,1,1,1,Clear,2,2,2,2,0,0,0
85325,2010,2010-02-23 00:00:00.000,2010-02-23 00:00:00.000,3,Bihar,East Champaran,2,1,1,Clear,1,1,1,1,0,0,0
85339,2010,2010-06-19 00:00:00.000,2010-06-19 00:00:00.000,3,Jharkhand,East Singhbhum,1,1,1,Clear,1,1,1,1,0,0,0
85347,2010,2010-01-02 00:00:00.000,2010-01-03 00:00:00.000,3,West Bengal,West Midnapore,3,2,1,Clear,3,3,0,2,0,0,1
85348,2010,2010-02-23 00:00:00.000,2010-02-23 00:00:00.000,3,Bihar,East Champaran,2,1,1,Clear,1,1,1,1,0,0,0
85349,2010,2010-04-23 00:00:00.000,2010-04-23 00:00:00.000,3,West Bengal,Unspecified,4,1,1,Clear,1,1,1,1,0,0,0
85350,2010,2010-06-18 00:00:00.000,2010-06-19 00:00:00.000,3,West Bengal,West Midnapore,2,2,1,Clear,2,2,2,2,0,0,0
85351,2010,2010-10-02 00:00:00.000,2010-10-02 00:00:00.000,3,Maharashtra,Gadchiroli,2,1,1,Clear,1,1,1,1,0,0,0
85412,2010,2010-03-01 00:00:00.000,2010-03-01 00:00:00.000,3,Bihar,Banka,2,1,1,Clear,1,1,1,1,0,0,0
85413,2010,2010-03-02 00:00:00.000,2010-03-02 00:00:00.000,3,Bihar,Munger,2,1,1,Clear,1,1,1,1,0,0,0
85414,2010,2010-01-03 00:00:00.000,2010-01-03 00:00:00.000,3,Bihar,Gaya,3,1,1,Clear,1,1,1,1,0,0,0
85415,2010,2010-01-03 00:00:00.000,2010-01-04 00:00:00.000,3,West Bengal,West Midnapore,2,2,1,Clear,1,1,0,1,0,0,0
85418,2010,2010-10-13 00:00:00.000,2010-10-13 00:00:00.000,3,West Bengal,West Midnapore,2,1,1,Clear,1,1,1,1,0,0,0
85419,2010,2010-04-25 00:00:00.000,2010-04-25 00:00:00.000,3,West Bengal,West Midnapore,3,1,1,Clear,1,1,1,1,0,0,0
85420,2010,2010-03-07 00:00:00.000,2010-03-07 00:00:00.000,3,West Bengal,West Midnapore,1,1,1,Clear,1,1,1,1,0,0,0
85421,2010,2010-10-03 00:00:00.000,2010-10-03 00:00:00.000,3,West Bengal,Purulia,3,1,1,Clear,3,3,3,3,0,0,0
85422,2010,2010-10-04 00:00:00.000,2010-10-04 00:00:00.000,3,Jharkhand,Bokaro,1,1,1,Clear,0,1,0,0,0,0,0
85423,2010,2010-06-20 00:00:00.000,2010-06-20 00:00:00.000,3,West Bengal,Bankura,3,1,1,Clear,1,1,1,1,0,0,0
85424,2010,2010-04-25 00:00:00.000,2010-04-25 00:00:00.000,3,West Bengal,Bankura,3,1,1,Clear,1,1,1,1,0,0,0
85425,2010,2010-06-22 00:00:00.000,2010-06-22 00:00:00.000,3,Odisha,Keonjhar,1,1,1,Clear,1,1,1,1,0,0,0
85430,2010,2010-01-05 00:00:00.000,2010-01-06 00:00:00.000,3,Chhattisgarh,Dantewada,3,2,1,Clear,1,1,1,1,0,0,0
85450,2010,2010-01-06 00:00:00.000,2010-01-07 00:00:00.000,3,West Bengal,Bankura,3,2,1,Clear,1,1,1,1,0,0,0
85451,2010,2010-03-09 00:00:00.000,2010-03-09 00:00:00.000,3,Jharkhand,Garhwa,3,1,1,Clear,1,1,1,1,0,0,0
85452,2010,2010-04-26 00:00:00.000,2010-04-26 00:00:00.000,3,West Bengal,West Midnapore,1,1,1,Clear,1,1,1,1,0,0,0
85453,2010,2010-06-23 00:00:00.000,2010-06-23 00:00:00.000,3,Maharashtra,Gadchiroli,2,1,1,Clear,2,2,2,2,0,0,0
85454,2010,2010-10-15 00:00:00.000,2010-10-15 00:00:00.000,3,West Bengal,West Midnapore,1,1,1,Clear,0,1,0,0,0,0,0
85950,2010,2010-03-09 00:00:00.000,2010-03-09 00:00:00.000,3,Jharkhand,Simdega,2,1,1,Clear,1,1,1,1,0,0,0
85951,2010,2010-03-10 00:00:00.000,2010-03-10 00:00:00.000,3,Odisha,Koraput,3,1,1,Clear,1,1,1,1,0,0,0
85956,2010,2010-01-07 00:00:00.000,2010-01-07 00:00:00.000,3,West Bengal,West Midnapore,1,1,1,Clear,2,2,2,2,0,0,0
85957,2010,2010-10-17 00:00:00.000,2010-10-17 00:00:00.000,3,Jharkhand,Garhwa,1,1,1,Clear,1,1,1,1,0,0,0
85964,2010,2010-04-28 00:00:00.000,2010-04-28 00:00:00.000,3,West Bengal,West Midnapore,2,1,1,Clear,1,1,0,1,0,0,0
85965,2010,2010-04-30 00:00:00.000,2010-04-30 00:00:00.000,3,Odisha,Malkangiri,2,1,1,Clear,1,1,1,1,0,0,0
85969,2010,2010-06-23 00:00:00.000,2010-06-23 00:00:00.000,3,Chhattisgarh,Bijapur,3,1,1,Clear,2,2,2,2,0,0,0
85970,2010,2010-06-24 00:00:00.000,2010-06-24 00:00:00.000,3,West Bengal,West Midnapore,2,1,1,Clear,1,1,1,1,0,0,0
85985,2010,2010-01-10 00:00:00.000,2010-01-11 00:00:00.000,3,West Bengal,Bankura,2,2,1,Clear,1,1,0,1,0,0,0
85986,2010,2010-03-16 00:00:00.000,2010-03-16 00:00:00.000,3,West Bengal,West Midnapore,2,1,1,Clear,1,1,0,1,0,0,0
85987,2010,2010-05-01 00:00:00.000,2010-05-01 00:00:00.000,3,West Bengal,West Midnapore,3,1,1,Clear,1,1,0,1,0,0,0
85988,2010,2010-06-26 00:00:00.000,2010-06-27 00:00:00.000,3,Chhattisgarh,Bastar,3,2,1,Clear,3,3,3,3,0,0,0
85989,2010,2010-11-18 00:00:00.000,2010-11-18 00:00:00.000,3,Jharkhand,Ranchi,1,1,1,Clear,4,4,4,4,0,0,0
86602,2010,2010-05-02 00:00:00.000,2010-05-02 00:00:00.000,3,Jharkhand,East Singhbhum,2,1,1,Clear,1,1,0,1,0,0,0
86603,2010,2010-11-21 00:00:00.000,2010-11-21 00:00:00.000,3,West Bengal,West Midnapore,2,1,1,Clear,2,2,0,2,0,0,0
86609,2010,2010-01-14 00:00:00.000,2010-01-14 00:00:00.000,3,Maharashtra,Gadchiroli,3,1,1,Clear,1,1,1,1,0,0,0
86614,2010,2010-03-18 00:00:00.000,2010-03-18 00:00:00.000,3,Andhra Pradesh,Khammam,3,1,1,Clear,1,1,1,1,0,0,0
86615,2010,2010-05-13 00:00:00.000,2010-05-13 00:00:00.000,3,West Bengal,Purulia,1,1,1,Clear,1,1,0,1,0,0,0
86617,2010,2010-06-28 00:00:00.000,2010-06-28 00:00:00.000,3,West Bengal,West Midnapore,2,1,1,Clear,1,1,0,1,0,0,0
86619,2010,2010-06-27 00:00:00.000,2010-06-27 00:00:00.000,3,West Bengal,Purulia,1,1,1,Clear,1,1,0,1,0,0,0
86621,2010,2010-01-11 00:00:00.000,2010-01-11 00:00:00.000,3,Odisha,Koraput,1,1,1,Clear,2,2,0,2,0,0,0
86622,2010,2010-11-23 00:00:00.000,2010-11-23 00:00:00.000,3,Maharashtra,Gadchiroli,1,1,1,Clear,1,1,1,1,0,0,0
86633,2010,2010-03-20 00:00:00.000,2010-03-20 00:00:00.000,3,Odisha,Malkangiri,1,1,1,Clear,1,1,1,1,0,0,0
86649,2010,2010-01-17 00:00:00.000,2010-01-17 00:00:00.000,3,Odisha,Malkangiri,3,1,1,Clear,1,1,1,1,0,0,0
86650,2010,2010-03-21 00:00:00.000,2010-03-21 00:00:00.000,3,Odisha,Koraput,1,1,1,Clear,1,1,1,1,0,0,0
86651,2010,2010-05-13 00:00:00.000,2010-05-14 00:00:00.000,3,West Bengal,West Midnapore,2,2,1,Clear,4,4,4,4,0,0,0
86652,2010,2010-06-29 00:00:00.000,2010-06-29 00:00:00.000,3,Jharkhand,Garhwa,3,1,1,Clear,1,1,1,1,0,0,0
86653,2010,2010-12-01 00:00:00.000,2010-12-01 00:00:00.000,3,West Bengal,Purulia,3,1,1,Clear,1,1,0,1,0,0,0
87142,2010,2010-06-29 00:00:00.000,2010-06-29 00:00:00.000,3,West Bengal,West Midnapore,3,1,1,Clear,1,1,1,1,0,0,0
87144,2010,2010-12-01 00:00:00.000,2010-12-01 00:00:00.000,3,Jharkhand,Jamtara,2,1,1,Clear,1,1,1,1,0,0,0
87145,2010,2010-12-02 00:00:00.000,2010-12-02 00:00:00.000,3,Andhra Pradesh,Warangal,1,1,1,Clear,1,1,1,1,0,0,0
87148,2010,2010-01-17 00:00:00.000,2010-01-17 00:00:00.000,3,Odisha,Malkangiri,1,1,1,Clear,0,1,0,0,0,0,0
87156,2010,2010-03-21 00:00:00.000,2010-03-21 00:00:00.000,3,Jharkhand,Gumla,1,1,1,Clear,1,1,1,1,0,0,0
87158,2010,2010-05-14 00:00:00.000,2010-05-14 00:00:00.000,3,Chhattisgarh,Kanker,1,1,1,Clear,1,1,1,1,0,0,0
87170,2010,2010-01-19 00:00:00.000,2010-01-19 00:00:00.000,3,Jharkhand,East Singhbhum,3,1,1,Clear,1,1,1,1,0,0,0
87171,2010,2010-03-22 00:00:00.000,2010-03-22 00:00:00.000,3,West Bengal,West Midnapore,1,1,1,Clear,1,1,1,1,0,0,0
87172,2010,2010-05-15 00:00:00.000,2010-05-15 00:00:00.000,3,Maharashtra,Gadchiroli,2,1,1,Clear,1,1,0,1,0,0,0
87173,2010,2010-06-30 00:00:00.000,2010-06-30 00:00:00.000,3,Jharkhand,Khunti,3,1,1,Clear,1,1,1,1,0,0,0
87174,2010,2010-12-02 00:00:00.000,2010-12-02 00:00:00.000,3,Andhra Pradesh,Karimnagar,1,1,1,Clear,1,1,1,1,0,0,0
87709,2010,2010-01-25 00:00:00.000,2010-01-25 00:00:00.000,3,West Bengal,West Midnapore,2,1,1,Clear,1,1,1,1,0,0,0
87726,2010,2010-03-23 00:00:00.000,2010-03-23 00:00:00.000,3,West Bengal,West Midnapore,2,1,1,Clear,1,1,1,1,0,0,0
87727,2010,2010-03-23 00:00:00.000,2010-03-23 00:00:00.000,3,Jharkhand,Dumka,3,1,1,Clear,1,1,1,1,0,0,0
87732,2010,2010-05-15 00:00:00.000,2010-05-15 00:00:00.000,3,Chhattisgarh,Unspecified,4,1,1,Clear,1,1,1,1,0,0,0
87737,2010,2010-06-30 00:00:00.000,2010-06-30 00:00:00.000,3,Bihar,Unspecified,4,1,1,Clear,1,1,1,1,0,0,0
87738,2010,2010-06-30 00:00:00.000,2010-06-30 00:00:00.000,3,Chhattisgarh,Unspecified,4,1,1,Clear,3,3,0,3,0,0,0
87741,2010,2010-12-07 00:00:00.000,2010-12-07 00:00:00.000,3,Maharashtra,Gadchiroli,1,1,1,Clear,1,1,1,1,0,0,0
87742,2010,2010-12-09 00:00:00.000,2010-12-09 00:00:00.000,3,West Bengal,Birbhum,1,1,1,Clear,1,1,1,1,0,0,0
87752,2010,2010-01-27 00:00:00.000,2010-01-27 00:00:00.000,3,West Bengal,Bankura,3,1,1,Clear,1,1,1,1,0,0,0
87753,2010,2010-03-24 00:00:00.000,2010-03-24 00:00:00.000,3,West Bengal,West Midnapore,3,1,1,Clear,2,2,2,2,0,0,0
87754,2010,2010-05-16 00:00:00.000,2010-05-16 00:00:00.000,3,West Bengal,West Midnapore,3,1,1,Clear,1,1,1,1,0,0,0
87755,2010,2010-07-01 00:00:00.000,2010-07-01 00:00:00.000,3,Chhattisgarh,Narayanpur,3,1,1,Clear,0,3,0,0,0,0,0
87756,2010,2010-12-18 00:00:00.000,2010-12-18 00:00:00.000,3,Jharkhand,Seraikela-Kharsawan,1,1,1,Clear,1,1,0,1,0,0,0
87775,2010,2010-04-28 00:00:00.000,2010-04-28 00:00:00.000,1,Odisha,Nuapada,1,1,1,Clear,1,1,1,0,1,0,0
88187,2010,2010-10-24 00:00:00.000,2010-11-04 00:00:00.000,1,Chhattisgarh,Bijapur,3,4,1,Clear,1,1,1,0,1,0,0
88229,2010,2010-01-27 00:00:00.000,2010-01-27 00:00:00.000,3,West Bengal,West Midnapore,2,1,1,Clear,1,1,1,1,0,0,0
88247,2010,2010-12-19 00:00:00.000,2010-12-19 00:00:00.000,3,West Bengal,West Midnapore,2,1,1,Clear,1,1,1,1,0,0,0
88248,2010,2010-12-21 00:00:00.000,2010-12-21 00:00:00.000,3,Chhattisgarh,Dantewada,3,1,1,Clear,1,1,1,1,0,0,0
88270,2010,2010-03-24 00:00:00.000,2010-03-25 00:00:00.000,3,Jharkhand,Latehar,3,2,1,Clear,1,1,1,1,0,0,0
88273,2010,2010-05-17 00:00:00.000,2010-05-17 00:00:00.000,3,Jharkhand,Simdega,3,1,1,Clear,1,1,1,1,0,0,0
88276,2010,2010-07-02 00:00:00.000,2010-07-02 00:00:00.000,3,Bihar,Unspecified,4,1,1,Clear,1,1,1,1,0,0,0
88300,2010,2010-01-27 00:00:00.000,2010-01-27 00:00:00.000,3,Jharkhand,East Singhbhum,2,1,1,Clear,1,1,1,1,0,0,0
88301,2010,2010-03-25 00:00:00.000,2010-03-25 00:00:00.000,3,Jharkhand,Latehar,3,1,1,Clear,1,1,1,1,0,0,0
88302,2010,2010-03-25 00:00:00.000,2010-03-25 00:00:00.000,3,Odisha,Malkangiri,3,1,1,Clear,1,1,1,1,0,0,0
88303,2010,2010-05-19 00:00:00.000,2010-05-20 00:00:00.000,3,West Bengal,Unspecified,4,2,1,Clear,1,1,0,1,0,0,0
88305,2010,2010-07-02 00:00:00.000,2010-07-02 00:00:00.000,3,Odisha,Keonjhar,3,1,1,Clear,2,2,2,2,0,0,0
88306,2010,2010-07-04 00:00:00.000,2010-07-04 00:00:00.000,3,West Bengal,West Midnapore,2,1,1,Clear,1,1,1,1,0,0,0
88307,2010,2010-07-08 00:00:00.000,2010-07-08 00:00:00.000,3,West Bengal,West Midnapore,2,1,1,Clear,1,1,1,1,0,0,0
88308,2010,2010-12-22 00:00:00.000,2010-12-22 00:00:00.000,3,Bihar,Aurangabad,2,1,1,Clear,1,1,1,1,0,0,0
88309,2010,2010-12-24 00:00:00.000,2010-12-24 00:00:00.000,3,West Bengal,West Midnapore,1,1,1,Clear,1,1,1,1,0,0,0
88358,2010,2010-01-25 00:00:00.000,2010-01-29 00:00:00.000,3,Odisha,Sundergarh,2,2,1,Clear,1,1,1,1,0,0,0
88381,2010,2010-01-29 00:00:00.000,2010-01-29 00:00:00.000,3,West Bengal,West Midnapore,1,1,1,Clear,1,1,1,1,0,0,0
88383,2010,2010-03-26 00:00:00.000,2010-03-26 00:00:00.000,3,West Bengal,Purulia,1,1,1,Clear,1,1,0,1,0,0,0
88384,2010,2010-05-15 00:00:00.000,2010-05-21 00:00:00.000,3,West Bengal,Bankura,3,3,1,Clear,3,3,0,3,0,0,0
88387,2010,2010-07-25 00:00:00.000,2010-08-01 00:00:00.000,3,West Bengal,West Midnapore,2,4,1,Clear,1,1,1,1,0,0,0
88604,2010,2010-01-29 00:00:00.000,2010-01-30 00:00:00.000,3,Odisha,Sundergarh,3,2,1,Clear,1,1,1,1,0,0,0
88605,2010,2010-02-01 00:00:00.000,2010-02-01 00:00:00.000,3,West Bengal,West Midnapore,3,1,1,Clear,1,1,1,1,0,0,0
88606,2010,2010-02-04 00:00:00.000,2010-02-04 00:00:00.000,3,Jharkhand,Gumla,3,1,1,Clear,3,3,0,3,0,0,0
88769,2010,2010-08-02 00:00:00.000,2010-08-02 00:00:00.000,3,Maharashtra,Gondia,1,1,1,Clear,1,1,1,1,0,0,0
88776,2010,2010-01-01 00:00:00.000,2010-01-01 00:00:00.000,3,West Bengal,West Midnapore,3,1,1,Clear,1,1,1,1,0,0,0
88777,2010,2010-03-30 00:00:00.000,2010-03-30 00:00:00.000,3,West Bengal,West Midnapore,1,1,1,Clear,1,1,1,1,0,0,0
88778,2010,2010-02-17 00:00:00.000,2010-02-17 00:00:00.000,3,Bihar,Jamui,1,1,1,Clear,11,12,11,11,0,0,0
88779,2010,2010-03-21 00:00:00.000,2010-03-21 00:00:00.000,3,Odisha,Koraput,1,1,1,Clear,1,1,1,1,0,0,0
88780,2010,2010-04-04 00:00:00.000,2010-04-04 00:00:00.000,3,West Bengal,West Midnapore,1,1,1,Clear,1,1,0,1,0,0,0
88781,2010,2010-05-17 00:00:00.000,2010-05-23 00:00:00.000,3,West Bengal,West Midnapore,2,3,1,Clear,2,2,2,2,0,0,0
88782,2010,2010-04-12 00:00:00.000,2010-04-12 00:00:00.000,3,West Bengal,West Midnapore,2,1,1,Clear,2,2,0,2,0,0,0
88783,2010,2010-04-09 00:00:00.000,2010-04-15 00:00:00.000,3,West Bengal,West Midnapore,1,3,1,Clear,0,1,0,0,0,0,0
88784,2010,2010-04-11 00:00:00.000,2010-04-11 00:00:00.000,3,Maharashtra,Gadchiroli,2,1,1,Clear,1,1,1,1,0,0,0
88785,2010,2010-04-12 00:00:00.000,2010-04-12 00:00:00.000,3,Jharkhand,Bokaro,1,1,1,Clear,1,1,1,1,0,0,0
88786,2010,2010-04-12 00:00:00.000,2010-04-12 00:00:00.000,3,Odisha,Mayurbhanj,1,1,1,Clear,1,1,1,1,0,0,0
88787,2010,2010-05-04 00:00:00.000,2010-05-04 00:00:00.000,3,West Bengal,West Midnapore,1,1,1,Clear,1,1,0,1,0,0,0
88788,2010,2010-05-04 00:00:00.000,2010-05-04 00:00:00.000,3,West Bengal,West Midnapore,1,1,1,Clear,1,1,0,1,0,0,0
88789,2010,2010-05-04 00:00:00.000,2010-05-04 00:00:00.000,3,West Bengal,West Midnapore,1,1,1,Clear,1,1,0,1,0,0,0
88790,2010,2010-05-08 00:00:00.000,2010-05-08 00:00:00.000,3,West Bengal,West Midnapore,1,1,1,Clear,1,1,1,1,0,0,0
88791,2010,2010-05-12 00:00:00.000,2010-05-12 00:00:00.000,3,Odisha,Gajapati,3,1,1,Clear,2,2,2,2,0,0,0
88792,2010,2010-05-05 00:00:00.000,2010-05-05 00:00:00.000,3,Andhra Pradesh,Khammam,1,1,1,Clear,1,1,1,1,0,0,0
88793,2010,2010-05-26 00:00:00.000,2010-05-27 00:00:00.000,3,West Bengal,West Midnapore,2,2,1,Clear,1,1,1,1,0,0,0
88794,2010,2010-06-23 00:00:00.000,2010-06-23 00:00:00.000,3,Andhra Pradesh,Khammam,2,1,1,Clear,1,1,1,1,0,0,0
88796,2010,2010-06-23 00:00:00.000,2010-06-23 00:00:00.000,3,West Bengal,Bankura,1,1,1,Clear,2,2,2,2,0,0,0
88802,2010,2010-06-26 00:00:00.000,2010-06-26 00:00:00.000,3,Odisha,Nabarangpur,1,1,1,Clear,2,2,2,2,0,0,0
88803,2010,2010-06-28 00:00:00.000,2010-06-28 00:00:00.000,3,Jharkhand,Simdega,3,1,1,Clear,2,2,2,2,0,0,0
88804,2010,2010-06-01 00:00:00.000,2010-06-30 00:00:00.000,3,Chhattisgarh,Unspecified,4,4,2,Clear,0,15,0,0,0,0,0
88806,2010,2010-07-05 00:00:00.000,2010-07-11 00:00:00.000,3,West Bengal,West Midnapore,2,3,1,Clear,1,1,0,1,0,0,0
88807,2010,2010-07-12 00:00:00.000,2010-07-12 00:00:00.000,3,West Bengal,Purulia,1,1,1,Clear,1,1,0,1,0,0,0
88808,2010,2010-07-13 00:00:00.000,2010-07-13 00:00:00.000,3,West Bengal,West Midnapore,3,1,1,Clear,1,1,0,1,0,0,0
88809,2010,2010-07-14 00:00:00.000,2010-07-14 00:00:00.000,3,Odisha,Mayurbhanj,1,1,1,Clear,1,1,1,1,0,0,0
88810,2010,2010-07-13 00:00:00.000,2010-07-14 00:00:00.000,3,West Bengal,West Midnapore,2,2,1,Clear,1,1,0,1,0,0,0
88811,2010,2010-07-13 00:00:00.000,2010-07-14 00:00:00.000,3,West Bengal,West Midnapore,3,2,1,Clear,1,1,1,1,0,0,0
88813,2010,2010-07-15 00:00:00.000,2010-07-15 00:00:00.000,3,West Bengal,Bankura,1,1,1,Clear,1,1,1,1,0,0,0
88814,2010,2010-07-15 00:00:00.000,2010-07-15 00:00:00.000,3,West Bengal,West Midnapore,1,1,1,Clear,1,1,1,1,0,0,0
88815,2010,2010-07-15 00:00:00.000,2010-07-15 00:00:00.000,3,West Bengal,West Midnapore,2,1,1,Clear,1,1,0,1,0,0,0
88819,2010,2010-07-16 00:00:00.000,2010-07-16 00:00:00.000,3,West Bengal,West Midnapore,3,1,1,Clear,1,1,1,1,0,0,0
88820,2010,2010-07-26 00:00:00.000,2010-07-30 00:00:00.000,3,West Bengal,Purulia,2,2,1,Clear,1,1,1,1,0,0,0
88821,2010,2010-07-30 00:00:00.000,2010-07-30 00:00:00.000,3,West Bengal,West Midnapore,3,1,1,Clear,1,1,1,1,0,0,0
88822,2010,2010-07-17 00:00:00.000,2010-07-17 00:00:00.000,3,West Bengal,West Midnapore,2,1,1,Clear,1,1,1,1,0,0,0
88823,2010,2010-07-17 00:00:00.000,2010-07-17 00:00:00.000,3,Chhattisgarh,Dantewada,1,1,1,Clear,1,1,1,1,0,0,0
88824,2010,2010-07-18 00:00:00.000,2010-07-18 00:00:00.000,3,Odisha,Malkangiri,1,1,1,Clear,1,1,1,1,0,0,0
88825,2010,2010-07-19 00:00:00.000,2010-07-19 00:00:00.000,3,West Bengal,Purulia,3,1,1,Clear,2,2,2,2,0,0,0
88826,2010,2010-07-22 00:00:00.000,2010-07-22 00:00:00.000,3,West Bengal,West Midnapore,2,1,1,Clear,1,1,1,1,0,0,0
88828,2010,2010-07-23 00:00:00.000,2010-07-23 00:00:00.000,3,West Bengal,West Midnapore,1,1,1,Clear,1,1,1,1,0,0,0
88829,2010,2010-07-23 00:00:00.000,2010-07-23 00:00:00.000,3,West Bengal,Purulia,1,1,1,Clear,1,1,1,1,0,0,0
88830,2010,2010-07-21 00:00:00.000,2010-07-21 00:00:00.000,3,West Bengal,West Midnapore,1,1,1,Clear,1,1,1,1,0,0,0
88831,2010,2010-07-24 00:00:00.000,2010-07-24 00:00:00.000,3,West Bengal,West Midnapore,2,1,1,Clear,0,1,0,0,0,0,0
88832,2010,2010-07-29 00:00:00.000,2010-07-29 00:00:00.000,3,West Bengal,Purulia,2,1,1,Clear,1,1,0,1,0,0,0
88833,2010,2010-07-28 00:00:00.000,2010-07-28 00:00:00.000,3,West Bengal,Purulia,2,1,1,Clear,1,1,1,1,0,0,0
88834,2010,2010-01-01 00:00:00.000,2010-08-12 00:00:00.000,3,West Bengal,West Midnapore,2,5,2,Clear,4,4,4,4,0,0,0
88837,2010,2010-08-13 00:00:00.000,2010-08-14 00:00:00.000,3,West Bengal,West Midnapore,3,2,1,Clear,1,1,1,1,0,0,0
88838,2010,2010-08-14 00:00:00.000,2010-08-15 00:00:00.000,3,West Bengal,West Midnapore,3,2,1,Clear,2,2,2,2,0,0,0
88841,2010,2010-08-15 00:00:00.000,2010-08-15 00:00:00.000,3,Odisha,Koraput,2,1,1,Clear,1,1,1,1,0,0,0
88842,2010,2010-08-16 00:00:00.000,2010-08-16 00:00:00.000,3,Bihar,Munger,3,1,1,Clear,1,1,0,1,0,0,0
88843,2010,2010-08-17 00:00:00.000,2010-08-17 00:00:00.000,3,Jharkhand,East Singhbhum,1,1,1,Clear,1,1,1,1,0,0,0
88844,2010,2010-08-24 00:00:00.000,2010-08-24 00:00:00.000,3,Odisha,Malkangiri,2,1,1,Clear,2,2,2,2,0,0,0
88845,2010,2010-08-25 00:00:00.000,2010-08-25 00:00:00.000,3,Bihar,Gaya,3,1,1,Clear,1,1,1,1,0,0,0
88846,2010,2010-08-23 00:00:00.000,2010-08-23 00:00:00.000,3,Odisha,Koraput,1,1,1,Clear,1,1,1,1,0,0,0
88847,2010,2010-08-24 00:00:00.000,2010-08-24 00:00:00.000,3,Chhattisgarh,Unspecified,4,1,1,Clear,1,1,1,1,0,0,0
88852,2010,2010-08-29 00:00:00.000,2010-08-29 00:00:00.000,3,Odisha,Koraput,1,1,1,Clear,0,1,0,0,0,0,0
88853,2010,2010-08-29 00:00:00.000,2010-08-29 00:00:00.000,3,Andhra Pradesh,Khammam,3,1,1,Clear,1,1,0,1,0,0,0
88854,2010,2010-08-29 00:00:00.000,2010-08-30 00:00:00.000,3,West Bengal,West Midnapore,2,2,1,Clear,1,1,1,1,0,0,0
88855,2010,2010-08-30 00:00:00.000,2010-08-30 00:00:00.000,3,Jharkhand,Khunti,2,1,1,Clear,1,1,1,1,0,0,0
88856,2010,2010-09-01 00:00:00.000,2010-09-02 00:00:00.000,3,West Bengal,West Midnapore,2,2,1,Clear,2,2,2,2,0,0,0
88857,2010,2010-09-01 00:00:00.000,2010-09-01 00:00:00.000,3,West Bengal,West Midnapore,1,1,1,Clear,2,2,2,2,0,0,0
88858,2010,2010-09-20 00:00:00.000,2010-09-20 00:00:00.000,3,Chhattisgarh,Bijapur,1,1,1,Clear,1,1,1,1,0,0,0
88859,2010,2010-09-08 00:00:00.000,2010-09-08 00:00:00.000,3,Jharkhand,Garhwa,1,1,1,Clear,1,1,1,1,0,0,0
88860,2010,2010-09-13 00:00:00.000,2010-09-13 00:00:00.000,3,West Bengal,Unspecified,4,1,1,Clear,5,5,5,5,0,0,0
88861,2010,2010-09-20 00:00:00.000,2010-09-20 00:00:00.000,3,West Bengal,West Midnapore,1,1,1,Clear,1,1,1,1,0,0,0
88863,2010,2010-09-17 00:00:00.000,2010-09-17 00:00:00.000,3,Maharashtra,Gadchiroli,1,1,1,Clear,1,1,1,1,0,0,0
88864,2010,2010-09-17 00:00:00.000,2010-09-17 00:00:00.000,3,Maharashtra,Gadchiroli,1,1,1,Clear,1,1,1,1,0,0,0
88866,2010,2010-09-18 00:00:00.000,2010-09-18 00:00:00.000,3,Odisha,Koraput,1,1,1,Clear,2,2,2,2,0,0,0
88867,2010,2010-09-20 00:00:00.000,2010-09-20 00:00:00.000,3,Jharkhand,Ranchi,2,1,1,Clear,0,2,0,0,0,0,0
88870,2010,2010-09-22 00:00:00.000,2010-09-22 00:00:00.000,3,Andhra Pradesh,Karimnagar,1,1,1,Clear,1,1,1,1,0,0,0
88871,2010,2010-09-23 00:00:00.000,2010-09-23 00:00:00.000,3,West Bengal,West Midnapore,3,1,1,Clear,1,1,1,1,0,0,0
88872,2010,2010-09-25 00:00:00.000,2010-09-25 00:00:00.000,3,Odisha,Koraput,1,1,1,Clear,1,1,1,1,0,0,0
88875,2010,2010-10-06 00:00:00.000,2010-10-07 00:00:00.000,3,West Bengal,West Midnapore,2,2,1,Clear,1,1,1,1,0,0,0
88876,2010,2010-10-08 00:00:00.000,2010-10-08 00:00:00.000,3,West Bengal,West Midnapore,2,1,1,Clear,1,1,1,1,0,0,0
88877,2010,2010-10-09 00:00:00.000,2010-10-09 00:00:00.000,3,Andhra Pradesh,Khammam,1,1,1,Clear,1,1,1,1,0,0,0
88878,2010,2010-10-09 00:00:00.000,2010-10-09 00:00:00.000,3,Andhra Pradesh,Visakhapatnam,2,1,1,Clear,1,1,1,1,0,0,0
88879,2010,2010-10-10 00:00:00.000,2010-10-10 00:00:00.000,3,West Bengal,Purulia,1,1,1,Clear,2,2,2,2,0,0,0
88880,2010,2010-10-19 00:00:00.000,2010-10-19 00:00:00.000,3,West Bengal,Purulia,1,1,1,Clear,1,1,1,1,0,0,0
88881,2010,2010-10-21 00:00:00.000,2010-10-21 00:00:00.000,3,Chhattisgarh,Narayanpur,3,1,1,Clear,1,1,1,1,0,0,0
88882,2010,2010-10-21 00:00:00.000,2010-10-22 00:00:00.000,3,Bihar,Gaya,2,2,1,Clear,1,1,1,1,0,0,0
88883,2010,2010-10-22 00:00:00.000,2010-10-22 00:00:00.000,3,Jharkhand,Khunti,3,1,1,Clear,1,1,1,1,0,0,0
88884,2010,2010-10-25 00:00:00.000,2010-10-25 00:00:00.000,3,Odisha,Nabarangpur,1,1,1,Clear,1,1,1,1,0,0,0
88885,2010,2010-10-25 00:00:00.000,2010-10-25 00:00:00.000,3,Chhattisgarh,Kanker,1,1,1,Clear,1,1,1,1,0,0,0
88886,2010,2010-11-04 00:00:00.000,2010-11-04 00:00:00.000,3,Chhattisgarh,Rajnandgaon,3,1,1,Clear,2,2,2,2,0,0,0
88887,2010,2010-11-05 00:00:00.000,2010-11-05 00:00:00.000,3,Bihar,Banka,1,1,1,Clear,2,2,2,2,0,0,0
88888,2010,2010-11-03 00:00:00.000,2010-11-03 00:00:00.000,3,West Bengal,West Midnapore,1,1,1,Clear,1,1,1,1,0,0,0
88889,2010,2010-11-07 00:00:00.000,2010-11-07 00:00:00.000,3,West Bengal,West Midnapore,2,1,1,Clear,2,2,2,2,0,0,0
88890,2010,2010-11-08 00:00:00.000,2010-11-08 00:00:00.000,3,West Bengal,West Midnapore,1,1,1,Clear,1,1,1,1,0,0,0
88891,2010,2010-11-11 00:00:00.000,2010-11-11 00:00:00.000,3,Jharkhand,Giridih,3,1,1,Clear,1,1,1,1,0,0,0
88892,2010,2010-11-17 00:00:00.000,2010-11-17 00:00:00.000,3,Odisha,Malkangiri,2,1,1,Clear,1,1,1,1,0,0,0
88893,2010,2010-11-08 00:00:00.000,2010-11-08 00:00:00.000,3,West Bengal,West Midnapore,1,1,1,Clear,3,3,3,3,0,0,0
88894,2010,2010-11-08 00:00:00.000,2010-11-08 00:00:00.000,3,Odisha,Nabarangpur,1,1,1,Clear,2,2,2,2,0,0,0
88898,2010,2010-11-03 00:00:00.000,2010-11-10 00:00:00.000,3,Chhattisgarh,Unspecified,4,4,1,Clear,1,1,1,1,0,0,0
88904,2010,2010-11-20 00:00:00.000,2010-11-20 00:00:00.000,3,West Bengal,West Midnapore,3,1,1,Clear,1,1,0,1,0,0,0
88905,2010,2010-11-21 00:00:00.000,2010-11-21 00:00:00.000,3,West Bengal,West Midnapore,2,1,1,Clear,1,1,1,1,0,0,0
88909,2010,2010-11-23 00:00:00.000,2010-11-23 00:00:00.000,3,Andhra Pradesh,Visakhapatnam,2,1,1,Clear,3,3,3,3,0,0,0
88910,2010,2010-11-25 00:00:00.000,2010-11-25 00:00:00.000,3,Bihar,East Champaran,3,1,1,Clear,2,2,2,2,0,0,0
88911,2010,2010-11-25 00:00:00.000,2010-11-25 00:00:00.000,3,Odisha,Kandhamal,1,1,1,Clear,1,1,1,1,0,0,0
88912,2010,2010-11-27 00:00:00.000,2010-11-27 00:00:00.000,3,Odisha,Kandhamal,2,1,1,Clear,5,5,5,5,0,0,0
88913,2010,2010-11-25 00:00:00.000,2010-12-01 00:00:00.000,3,West Bengal,West Midnapore,3,3,1,Clear,1,1,1,1,0,0,0
88914,2010,2010-12-06 00:00:00.000,2010-12-06 00:00:00.000,3,Odisha,Sundergarh,1,1,1,Clear,3,3,3,3,0,0,0
88915,2010,2010-11-03 00:00:00.000,2010-11-07 00:00:00.000,3,Bihar,Saran,1,2,1,Clear,0,2,0,0,0,0,0
88916,2010,2010-12-08 00:00:00.000,2010-12-09 00:00:00.000,3,Odisha,Koraput,1,2,1,Clear,1,1,1,1,0,0,0
88918,2010,2010-12-09 00:00:00.000,2010-12-09 00:00:00.000,3,Odisha,Sundergarh,1,1,1,Clear,2,2,2,2,0,0,0
88919,2010,2010-12-19 00:00:00.000,2010-12-19 00:00:00.000,3,West Bengal,West Midnapore,1,1,1,Clear,1,1,1,1,0,0,0
88920,2010,2010-12-24 00:00:00.000,2010-12-24 00:00:00.000,3,West Bengal,West Midnapore,1,1,1,Clear,1,1,1,1,0,0,0
88922,2010,2010-12-05 00:00:00.000,2010-12-05 00:00:00.000,3,West Bengal,West Midnapore,3,1,1,Clear,1,1,1,1,0,0,0
88923,2010,2010-12-10 00:00:00.000,2010-12-10 00:00:00.000,3,West Bengal,West Midnapore,2,1,1,Clear,2,2,0,2,0,0,0
88924,2010,2010-12-24 00:00:00.000,2010-12-24 00:00:00.000,3,West Bengal,West Midnapore,1,1,1,Clear,1,1,0,1,0,0,0
88930,2010,2010-12-24 00:00:00.000,2010-12-25 00:00:00.000,3,Maharashtra,Gadchiroli,1,2,1,Clear,1,1,1,1,0,0,0
88931,2010,2010-12-27 00:00:00.000,2010-12-27 00:00:00.000,3,Maharashtra,Gadchiroli,1,1,1,Clear,1,1,1,1,0,0,0
88932,2010,2010-04-01 00:00:00.000,2010-04-30 00:00:00.000,3,Chhattisgarh,Rajnandgaon,3,4,1,Clear,0,6,0,0,0,0,0
88934,2010,2010-05-26 00:00:00.000,2010-05-26 00:00:00.000,3,West Bengal,West Midnapore,2,1,1,Clear,1,1,1,1,0,0,0
88935,2010,2010-05-26 00:00:00.000,2010-05-26 00:00:00.000,3,West Bengal,West Midnapore,2,1,1,Clear,1,1,1,1,0,0,0
88938,2010,2010-05-25 00:00:00.000,2010-06-06 00:00:00.000,3,Jharkhand,East Singhbhum,2,4,1,Clear,1,1,0,1,0,0,0
88939,2010,2010-06-02 00:00:00.000,2010-06-08 00:00:00.000,3,West Bengal,West Midnapore,2,3,1,Clear,0,2,0,0,0,0,0
88940,2010,2010-08-06 00:00:00.000,2010-08-06 00:00:00.000,3,West Bengal,Unspecified,4,1,1,Clear,1,1,1,1,0,0,0
90677,2010,2010-10-20 00:00:00.000,2010-10-21 00:00:00.000,1,Jharkhand,Gumla,2,2,1,Clear,1,1,1,0,1,0,0
90678,2010,2010-03-02 00:00:00.000,2010-03-02 00:00:00.000,1,Bihar,Munger,2,1,1,Clear,1,1,1,0,1,0,0
90684,2010,2010-10-22 00:00:00.000,2010-10-22 00:00:00.000,1,Chhattisgarh,Kanker,2,1,1,Clear,1,1,1,0,0,1,0
90685,2010,2010-10-29 00:00:00.000,2010-10-29 00:00:00.000,1,Chhattisgarh,Unspecified,4,1,1,Clear,1,1,1,0,1,0,0
90686,2010,2010-04-13 00:00:00.000,2010-04-13 00:00:00.000,1,Bihar,Jamui,1,1,1,Clear,2,2,2,0,0,2,0
90687,2010,2010-06-22 00:00:00.000,2010-06-22 00:00:00.000,3,Odisha,Ganjam,2,1,1,Clear,0,1,0,0,0,0,0
90689,2010,2010-05-14 00:00:00.000,2010-05-14 00:00:00.000,1,Chhattisgarh,Rajnandgaon,3,1,1,Clear,6,6,6,0,2,0,4
90690,2010,2010-07-04 00:00:00.000,2010-07-04 00:00:00.000,1,Chhattisgarh,Bijapur,2,1,1,Clear,3,3,3,0,3,0,0
90691,2010,2010-07-11 00:00:00.000,2010-07-11 00:00:00.000,1,West Bengal,West Midnapore,3,1,1,Clear,2,2,2,0,1,0,1
90693,2010,2010-09-20 00:00:00.000,2010-09-20 00:00:00.000,1,Chhattisgarh,Rajnandgaon,1,1,1,Clear,1,1,1,0,1,0,0
90694,2010,2010-09-20 00:00:00.000,2010-09-20 00:00:00.000,1,Odisha,Koraput,2,1,1,Clear,2,2,2,0,1,0,1
90695,2010,2010-10-19 00:00:00.000,2010-10-19 00:00:00.000,1,West Bengal,Purulia,1,1,1,Clear,1,1,1,0,1,0,0
90696,2010,2010-11-21 00:00:00.000,2010-11-21 00:00:00.000,1,West Bengal,West Midnapore,2,1,1,Clear,1,1,1,0,1,0,0
90697,2010,2010-10-22 00:00:00.000,2010-10-22 00:00:00.000,1,Bihar,Sheohar,1,1,1,Clear,5,5,5,0,5,0,0
90700,2010,2010-11-21 00:00:00.000,2010-11-21 00:00:00.000,1,Bihar,Aurangabad,1,1,1,Clear,8,8,8,8,0,0,0
90701,2010,2010-12-17 00:00:00.000,2010-12-17 00:00:00.000,1,West Bengal,Purulia,1,1,1,Clear,7,7,7,0,7,0,0
90702,2010,2010-10-28 00:00:00.000,2010-10-28 00:00:00.000,1,Jharkhand,Chatra,3,1,1,Clear,2,2,2,0,0,2,0
108177,2010,2010-07-06 00:00:00.000,2010-07-07 00:00:00.000,1,Unspecified,Unspecified,5,2,2,Clear,0,6,0,0,0,0,0
108185,2010,2010-01-19 00:00:00.000,2010-01-19 00:00:00.000,1,Chhattisgarh,Bijapur,3,1,1,Clear,14,14,14,0,0,14,0
108186,2010,2010-03-29 00:00:00.000,2010-03-29 00:00:00.000,1,Jharkhand,East Singhbhum,3,1,1,Clear,1,1,1,0,0,1,0
108190,2010,2010-03-30 00:00:00.000,2010-03-30 00:00:00.000,1,Odisha,Sundergarh,1,1,1,Clear,1,1,1,0,0,1,0
108200,2010,2010-04-04 00:00:00.000,2010-04-04 00:00:00.000,1,Maharashtra,Gadchiroli,2,1,1,Clear,1,1,1,0,0,1,0
108201,2010,2010-04-14 00:00:00.000,2010-04-14 00:00:00.000,1,Chhattisgarh,Narayanpur,3,1,1,Clear,1,1,1,0,0,1,0
108202,2010,2010-08-24 00:00:00.000,2010-08-24 00:00:00.000,1,West Bengal,West Midnapore,2,1,1,Clear,1,1,1,0,0,1,0
108203,2010,2010-08-29 00:00:00.000,2010-08-29 00:00:00.000,1,Chhattisgarh,Bijapur,2,1,1,Clear,1,1,1,0,0,1,0
108204,2010,2010-03-03 00:00:00.000,2010-03-03 00:00:00.000,1,Jharkhand,East Singhbhum,1,1,1,Clear,1,1,1,0,0,1,0
108208,2010,2010-08-21 00:00:00.000,2010-08-22 00:00:00.000,1,West Bengal,Purulia,1,2,1,Clear,1,1,1,0,0,1,0
108218,2010,2010-09-03 00:00:00.000,2010-09-03 00:00:00.000,1,Chhattisgarh,Dantewada,2,1,1,Clear,1,1,1,0,1,0,0
108220,2010,2010-07-08 00:00:00.000,2010-07-08 00:00:00.000,1,Chhattisgarh,Bijapur,3,1,1,Clear,1,1,1,0,1,0,0
108227,2010,2010-04-27 00:00:00.000,2010-04-27 00:00:00.000,1,Jharkhand,Latehar,1,1,1,Clear,2,2,2,1,0,1,0
108229,2010,2010-09-12 00:00:00.000,2010-09-13 00:00:00.000,1,Unspecified,Unspecified,6,2,2,Clear,0,1,0,0,0,0,0
108231,2010,2010-04-23 00:00:00.000,2010-04-23 00:00:00.000,1,Jharkhand,West Singhbhum,3,1,1,Clear,1,1,1,0,0,1,0
108233,2010,2010-09-25 00:00:00.000,2010-09-25 00:00:00.000,1,West Bengal,West Midnapore,2,1,1,Clear,2,2,2,0,1,1,0
108238,2010,2010-01-27 00:00:00.000,2010-01-27 00:00:00.000,1,West Bengal,West Midnapore,2,1,1,Clear,1,1,1,0,0,1,0
108244,2010,2010-10-08 00:00:00.000,2010-10-09 00:00:00.000,1,Chhattisgarh,Unspecified,4,2,1,Clear,0,3,0,0,0,0,0
108245,2010,2010-10-12 00:00:00.000,2010-10-12 00:00:00.000,1,Chhattisgarh,Bijapur,2,1,1,Clear,2,2,2,0,2,0,0
108246,2010,2010-05-16 00:00:00.000,2010-05-16 00:00:00.000,1,Chhattisgarh,Dantewada,2,1,1,Clear,2,2,2,0,0,2,0
108250,2010,2010-10-19 00:00:00.000,2010-10-19 00:00:00.000,1,Chhattisgarh,Bijapur,3,1,1,Clear,2,2,2,0,0,2,0
108251,2010,2010-05-12 00:00:00.000,2010-05-12 00:00:00.000,1,Odisha,Sundergarh,3,1,1,Clear,1,1,1,0,0,1,0
108262,2010,2010-04-17 00:00:00.000,2010-04-17 00:00:00.000,1,West Bengal,West Midnapore,2,1,1,Clear,1,1,1,0,0,1,0
108266,2010,2010-09-10 00:00:00.000,2010-09-10 00:00:00.000,1,Jharkhand,Dumka,2,1,1,Clear,1,1,1,0,1,0,0
108269,2010,2010-10-20 00:00:00.000,2010-10-20 00:00:00.000,1,Jharkhand,Gumla,2,1,1,Clear,2,2,2,0,0,2,0
108270,2010,2010-10-31 00:00:00.000,2010-10-31 00:00:00.000,1,Chhattisgarh,Bijapur,1,1,1,Clear,1,1,1,0,1,0,0
108284,2010,2010-12-24 00:00:00.000,2010-12-24 00:00:00.000,1,Jharkhand,West Singhbhum,2,1,1,Clear,1,1,1,0,1,0,0
108285,2010,2010-04-01 00:00:00.000,2010-04-30 00:00:00.000,1,West Bengal,West Midnapore,1,4,2,Clear,6,6,6,0,6,0,0
108290,2010,2010-05-16 00:00:00.000,2010-05-16 00:00:00.000,1,Odisha,Malkangiri,3,1,1,Clear,1,1,1,0,1,0,0
108292,2010,2010-05-28 00:00:00.000,2010-05-28 00:00:00.000,1,Jharkhand,Palamu,3,1,1,Clear,1,1,1,0,1,0,0
108293,2010,2010-06-03 00:00:00.000,2010-06-03 00:00:00.000,1,Chhattisgarh,Kanker,3,1,1,Clear,1,1,1,0,0,1,0
108294,2010,2010-06-03 00:00:00.000,2010-06-03 00:00:00.000,1,Bihar,Munger,3,1,1,Clear,2,2,2,0,0,2,0
108295,2010,2010-12-26 00:00:00.000,2010-12-26 00:00:00.000,1,Chhattisgarh,Dantewada,2,1,1,Clear,1,1,1,0,1,0,0
108296,2010,2010-02-03 00:00:00.000,2010-02-03 00:00:00.000,1,Jharkhand,Seraikela-Kharsawan,3,1,1,Clear,1,1,1,0,1,0,0
108318,2010,2010-02-07 00:00:00.000,2010-02-07 00:00:00.000,1,Chhattisgarh,Narayanpur,3,1,1,Clear,5,5,5,0,0,5,0
108323,2010,2010-06-10 00:00:00.000,2010-06-10 00:00:00.000,1,Chhattisgarh,Dantewada,3,1,1,Clear,1,1,1,0,0,1,0
108327,2010,2010-05-27 00:00:00.000,2010-05-27 00:00:00.000,1,Maharashtra,Gadchiroli,2,1,1,Clear,2,2,2,0,2,0,0
108328,2010,2010-06-14 00:00:00.000,2010-06-14 00:00:00.000,1,Jharkhand,West Singhbhum,2,1,1,Clear,1,1,1,0,1,0,0
108332,2010,2010-02-14 00:00:00.000,2010-02-14 00:00:00.000,1,Jharkhand,East Singhbhum,1,1,1,Clear,1,1,1,0,0,1,0
108336,2010,2010-02-13 00:00:00.000,2010-02-13 00:00:00.000,1,Bihar,Gaya,1,1,1,Clear,4,4,4,0,1,3,0
108337,2010,2010-06-12 00:00:00.000,2010-06-12 00:00:00.000,1,Chhattisgarh,Kanker,3,1,1,Clear,1,1,1,0,1,0,0
108349,2010,2010-02-24 00:00:00.000,2010-02-24 00:00:00.000,1,West Bengal,Bankura,3,1,1,Clear,1,1,1,0,1,0,0
108355,2010,2010-03-07 00:00:00.000,2010-03-07 00:00:00.000,1,Jharkhand,Latehar,3,1,1,Clear,0,6,0,0,0,0,0
108365,2010,2010-02-22 00:00:00.000,2010-02-22 00:00:00.000,1,West Bengal,West Midnapore,3,1,1,Clear,3,3,3,0,0,3,0
108368,2010,2010-06-23 00:00:00.000,2010-06-23 00:00:00.000,1,Chhattisgarh,Dantewada,1,1,1,Clear,3,3,3,0,3,0,0
108375,2010,2010-01-01 00:00:00.000,2010-07-31 00:00:00.000,1,Bihar,Gaya,1,5,1,Clear,0,1,0,0,0,0,0
108386,2010,2010-03-07 00:00:00.000,2010-03-07 00:00:00.000,1,West Bengal,West Midnapore,2,1,1,Clear,1,1,1,0,0,1,0
108387,2010,2010-06-19 00:00:00.000,2010-06-19 00:00:00.000,1,Chhattisgarh,Narayanpur,2,1,1,Clear,2,2,2,0,0,2,0
108399,2010,2010-01-01 00:00:00.000,2010-07-31 00:00:00.000,1,Bihar,Nawada,3,5,1,Clear,0,1,0,0,0,0,0
108401,2010,2010-03-23 00:00:00.000,2010-03-23 00:00:00.000,1,Odisha,Malkangiri,2,1,1,Clear,1,1,1,0,1,0,0
108402,2010,2010-06-24 00:00:00.000,2010-06-24 00:00:00.000,1,Chhattisgarh,Bijapur,3,1,1,Clear,2,2,2,1,1,0,0
108409,2010,2010-06-04 00:00:00.000,2010-06-04 00:00:00.000,1,Chhattisgarh,Bijapur,1,1,1,Clear,1,1,1,0,0,1,0
108652,2010,2010-07-16 00:00:00.000,2010-07-16 00:00:00.000,1,Jharkhand,Latehar,3,1,1,Clear,5,5,5,0,5,0,0
108683,2010,2010-07-07 00:00:00.000,2010-07-07 00:00:00.000,1,Jharkhand,Latehar,1,1,1,Clear,1,1,1,0,1,0,0
108744,2010,2010-07-08 00:00:00.000,2010-07-08 00:00:00.000,1,Chhattisgarh,Dantewada,1,1,1,Clear,7,7,7,2,2,3,0
108761,2010,2010-07-26 00:00:00.000,2010-07-26 00:00:00.000,1,West Bengal,West Midnapore,2,1,1,Clear,7,7,7,0,1,6,0
108770,2010,2010-08-11 00:00:00.000,2010-08-11 00:00:00.000,1,Chhattisgarh,Dantewada,3,1,1,Clear,2,2,2,0,0,2,0
108783,2010,2010-08-30 00:00:00.000,2010-08-30 00:00:00.000,1,Jharkhand,Khunti,3,1,1,Clear,1,1,1,0,0,1,0
108848,2010,2010-07-16 00:00:00.000,2010-07-16 00:00:00.000,1,West Bengal,West Midnapore,1,1,1,Clear,1,1,1,0,0,1,0
108849,2010,2010-08-01 00:00:00.000,2010-08-01 00:00:00.000,1,Jharkhand,Ranchi,2,1,1,Clear,1,1,1,0,0,1,0
108884,2010,2010-07-26 00:00:00.000,2010-07-26 00:00:00.000,1,Jharkhand,Khunti,3,1,1,Clear,2,2,2,0,0,2,0
108896,2010,2010-08-04 00:00:00.000,2010-08-04 00:00:00.000,1,Chhattisgarh,Dantewada,2,1,1,Clear,0,5,0,0,0,0,0
108897,2010,2010-01-01 00:00:00.000,2010-07-31 00:00:00.000,1,Bihar,Jamui,3,5,1,Clear,0,1,0,0,0,0,0
108912,2010,2010-01-01 00:00:00.000,2010-07-31 00:00:00.000,1,Bihar,Jamui,3,5,1,Clear,0,1,0,0,0,0,0
108914,2010,2010-08-11 00:00:00.000,2010-08-11 00:00:00.000,1,Chhattisgarh,Dantewada,1,1,1,Clear,1,1,1,0,0,1,0
108926,2010,2010-08-29 00:00:00.000,2010-08-29 00:00:00.000,1,Chhattisgarh,Kanker,1,1,1,Clear,5,5,5,0,5,0,0
108985,2010,2010-07-01 00:00:00.000,2010-07-01 00:00:00.000,1,Chhattisgarh,Unspecified,4,1,1,Clear,3,3,3,0,0,3,0
108986,2010,2010-01-15 00:00:00.000,2010-01-15 00:00:00.000,1,Jharkhand,Gumla,3,1,1,Clear,7,8,7,1,6,0,0
108999,2010,2010-07-08 00:00:00.000,2010-07-08 00:00:00.000,1,Chhattisgarh,Dantewada,1,1,1,Clear,0,6,0,0,0,0,0
109040,2010,2010-07-02 00:00:00.000,2010-07-02 00:00:00.000,1,Andhra Pradesh,Adilabad,2,1,1,Clear,0,2,0,0,0,0,0
110314,2010,2010-01-23 00:00:00.000,2010-01-23 00:00:00.000,1,Odisha,Koraput,1,1,1,Clear,4,4,4,4,0,0,0
110329,2010,2010-09-02 00:00:00.000,2010-09-03 00:00:00.000,1,Bihar,Lakhisarai,2,2,1,Clear,1,1,1,0,1,0,0
110330,2010,2010-08-29 00:00:00.000,2010-08-29 00:00:00.000,1,Bihar,Lakhisarai,2,1,1,Clear,8,11,8,0,7,1,0
110352,2010,2010-09-13 00:00:00.000,2010-09-13 00:00:00.000,1,Chhattisgarh,Dantewada,3,1,1,Clear,2,2,2,0,2,0,0
110368,2010,2010-09-22 00:00:00.000,2010-09-22 00:00:00.000,1,Madhya Pradesh,Bhopal,2,1,1,Clear,1,1,1,0,1,0,0
110369,2010,2010-09-19 00:00:00.000,2010-09-21 00:00:00.000,1,Chhattisgarh,Bijapur,2,2,1,Clear,3,3,3,0,3,0,0
110386,2010,2010-09-21 00:00:00.000,2010-09-21 00:00:00.000,1,Chhattisgarh,Bijapur,2,1,1,Clear,1,1,1,0,1,0,0
110387,2010,2010-09-25 00:00:00.000,2010-09-25 00:00:00.000,1,Jharkhand,West Singhbhum,3,1,1,Clear,3,3,3,0,2,1,0
110388,2010,2010-09-26 00:00:00.000,2010-09-26 00:00:00.000,1,Jharkhand,West Singhbhum,3,1,1,Clear,3,3,3,0,1,2,0
110403,2010,2010-10-02 00:00:00.000,2010-10-02 00:00:00.000,1,Maharashtra,Gadchiroli,1,1,1,Clear,1,1,1,0,0,1,0
110404,2010,2010-09-27 00:00:00.000,2010-09-27 00:00:00.000,1,Jharkhand,West Singhbhum,2,1,1,Clear,7,7,7,0,0,7,0
110405,2010,2010-10-04 00:00:00.000,2010-10-04 00:00:00.000,1,Maharashtra,Gadchiroli,1,1,1,Clear,5,5,4,0,5,0,0
110421,2010,2010-10-08 00:00:00.000,2010-10-08 00:00:00.000,1,Unspecified,Unspecified,5,1,1,Clear,3,3,3,0,3,0,0
110422,2010,2010-10-08 00:00:00.000,2010-10-08 00:00:00.000,1,Maharashtra,Gadchiroli,2,1,1,Clear,4,6,4,4,0,0,0
110437,2010,2010-10-09 00:00:00.000,2010-10-09 00:00:00.000,1,Chhattisgarh,Mahasamund,3,1,1,Clear,8,8,8,2,0,6,0
110438,2010,2010-10-15 00:00:00.000,2010-10-15 00:00:00.000,1,Chhattisgarh,Durg,3,1,1,Clear,2,2,2,0,0,2,0
110439,2010,2010-02-01 00:00:00.000,2010-02-01 00:00:00.000,1,West Bengal,Bankura,3,1,1,Clear,2,2,2,0,0,0,2
110456,2010,2010-11-04 00:00:00.000,2010-11-04 00:00:00.000,1,Odisha,Malkangiri,3,1,1,Clear,4,4,4,0,0,4,0
110457,2010,2010-11-07 00:00:00.000,2010-11-07 00:00:00.000,1,Jharkhand,Bokaro,2,1,1,Clear,1,1,1,0,1,0,0
110479,2010,2010-11-12 00:00:00.000,2010-11-12 00:00:00.000,1,West Bengal,Purulia,1,1,1,Clear,2,2,2,0,0,2,0
110480,2010,2010-01-29 00:00:00.000,2010-01-29 00:00:00.000,1,Chhattisgarh,Dantewada,1,1,1,Clear,1,1,1,0,1,0,0
110481,2010,2010-11-14 00:00:00.000,2010-11-14 00:00:00.000,1,Bihar,Rohtas,1,1,1,Clear,1,1,1,0,0,1,0
110498,2010,2010-11-15 00:00:00.000,2010-11-15 00:00:00.000,1,Odisha,Malkangiri,3,1,1,Clear,1,1,1,0,0,0,1
110499,2010,2010-11-19 00:00:00.000,2010-11-19 00:00:00.000,1,Andhra Pradesh,Visakhapatnam,2,1,1,Clear,2,2,2,0,0,2,0
110500,2010,2010-11-21 00:00:00.000,2010-11-21 00:00:00.000,1,Jharkhand,Unspecified,4,1,1,Clear,1,1,1,0,0,1,0
110516,2010,2010-12-24 00:00:00.000,2010-12-24 00:00:00.000,1,Jharkhand,Godda,3,1,1,Clear,2,2,2,0,2,0,0
110517,2010,2010-11-23 00:00:00.000,2010-11-23 00:00:00.000,1,Chhattisgarh,Dantewada,3,1,1,Clear,20,25,9,0,0,20,0
110533,2010,2010-11-28 00:00:00.000,2010-11-28 00:00:00.000,1,Maharashtra,Gadchiroli,1,1,1,Clear,2,2,2,1,1,0,0
110534,2010,2010-11-23 00:00:00.000,2010-11-23 00:00:00.000,1,Chhattisgarh,Bijapur,3,1,1,Clear,2,2,2,0,2,0,0
110535,2010,2010-11-28 00:00:00.000,2010-11-28 00:00:00.000,1,Jharkhand,Khunti,1,1,1,Clear,2,2,2,0,0,2,0
110553,2010,2010-12-17 00:00:00.000,2010-12-17 00:00:00.000,1,Andhra Pradesh,Visakhapatnam,2,1,1,Clear,4,5,4,0,0,4,0
110555,2010,2010-12-18 00:00:00.000,2010-12-18 00:00:00.000,1,Andhra Pradesh,Visakhapatnam,1,1,1,Clear,1,1,1,0,0,1,0
110556,2010,2010-12-18 00:00:00.000,2010-12-18 00:00:00.000,1,Jharkhand,Khunti,3,1,1,Clear,1,1,1,0,0,1,0
110565,2010,2010-12-21 00:00:00.000,2010-12-21 00:00:00.000,1,Maharashtra,Gadchiroli,2,1,1,Clear,4,4,4,0,4,0,0
110566,2010,2010-12-15 00:00:00.000,2010-12-16 00:00:00.000,1,Bihar,Rohtas,1,2,1,Clear,1,1,1,0,1,0,0
110567,2010,2010-12-18 00:00:00.000,2010-12-18 00:00:00.000,1,Odisha,Sundergarh,1,1,1,Clear,2,3,2,0,0,2,0
110568,2010,2010-12-24 00:00:00.000,2010-12-24 00:00:00.000,1,Odisha,Koraput,1,1,1,Clear,3,3,3,0,0,3,0
110584,2010,2010-12-25 00:00:00.000,2010-12-25 00:00:00.000,1,Andhra Pradesh,Khammam,2,1,1,Clear,0,2,0,0,0,0,0
110585,2010,2010-12-25 00:00:00.000,2010-12-25 00:00:00.000,1,West Bengal,Purulia,2,1,1,Clear,1,1,1,0,1,0,0
110599,2010,2010-02-03 00:00:00.000,2010-02-03 00:00:00.000,1,Chhattisgarh,Bijapur,2,1,1,Clear,7,7,7,0,0,7,0
110600,2010,2010-02-03 00:00:00.000,2010-02-03 00:00:00.000,1,Chhattisgarh,Bijapur,3,1,1,Clear,1,1,1,0,0,1,0
110603,2010,2010-02-15 00:00:00.000,2010-02-15 00:00:00.000,1,West Bengal,West Midnapore,1,1,1,Clear,29,31,29,0,24,5,0
110605,2010,2010-01-02 00:00:00.000,2010-01-02 00:00:00.000,1,West Bengal,West Midnapore,1,1,1,Clear,2,2,2,0,0,2,0
110654,2010,2010-02-12 00:00:00.000,2010-02-12 00:00:00.000,1,Chhattisgarh,Bijapur,2,1,1,Clear,2,2,2,0,0,2,0
110655,2010,2010-02-20 00:00:00.000,2010-02-20 00:00:00.000,1,Odisha,Malkangiri,3,1,1,Clear,0,1,0,0,0,0,0
110668,2010,2010-01-01 00:00:00.000,2010-01-02 00:00:00.000,1,West Bengal,West Midnapore,2,2,1,Clear,3,3,3,0,0,0,3
110688,2010,2010-03-12 00:00:00.000,2010-03-12 00:00:00.000,1,Andhra Pradesh,Prakasam,2,1,1,Clear,1,1,1,0,0,1,0
110689,2010,2010-03-12 00:00:00.000,2010-03-12 00:00:00.000,1,Andhra Pradesh,Warangal,2,1,1,Clear,1,1,1,0,0,1,0
110690,2010,2010-03-19 00:00:00.000,2010-03-19 00:00:00.000,1,Andhra Pradesh,Khammam,2,1,1,Clear,2,2,2,0,0,2,0
110691,2010,2010-03-18 00:00:00.000,2010-03-18 00:00:00.000,1,Chhattisgarh,Dantewada,2,1,1,Clear,2,2,2,0,2,0,0
110693,2010,2010-03-22 00:00:00.000,2010-03-22 00:00:00.000,1,Chhattisgarh,Bijapur,3,1,1,Clear,0,1,0,0,0,0,0
110694,2010,2010-03-22 00:00:00.000,2010-03-22 00:00:00.000,1,Chhattisgarh,Narayanpur,3,1,1,Clear,0,1,0,0,0,0,0
110696,2010,2010-03-22 00:00:00.000,2010-03-22 00:00:00.000,1,Jharkhand,Seraikela-Kharsawan,2,1,1,Clear,1,1,1,0,1,0,0
110697,2010,2010-03-22 00:00:00.000,2010-03-22 00:00:00.000,1,Chhattisgarh,Bastar,2,1,1,Clear,0,2,0,0,0,0,0
110698,2010,2010-03-23 00:00:00.000,2010-03-23 00:00:00.000,1,Odisha,Gajapati,2,1,1,Clear,3,3,3,0,3,0,0
110699,2010,2010-03-25 00:00:00.000,2010-03-25 00:00:00.000,1,West Bengal,West Midnapore,2,1,1,Clear,0,8,0,0,0,0,0
110700,2010,2010-03-25 00:00:00.000,2010-03-25 00:00:00.000,1,West Bengal,West Midnapore,1,1,1,Clear,4,4,4,0,0,4,0
110703,2010,2010-03-27 00:00:00.000,2010-03-27 00:00:00.000,1,West Bengal,West Midnapore,2,1,1,Clear,0,1,0,0,0,0,0
110704,2010,2010-04-04 00:00:00.000,2010-04-04 00:00:00.000,1,Odisha,Koraput,1,1,1,Clear,10,11,10,0,10,0,0
110705,2010,2010-01-09 00:00:00.000,2010-01-09 00:00:00.000,1,Chhattisgarh,Dantewada,2,1,1,Clear,4,4,4,0,0,4,0
110711,2010,2010-04-06 00:00:00.000,2010-04-06 00:00:00.000,1,Chhattisgarh,Dantewada,2,1,1,Clear,84,84,83,0,76,8,0
110712,2010,2010-05-03 00:00:00.000,2010-05-03 00:00:00.000,1,Bihar,Aurangabad,2,1,1,Clear,4,4,4,0,4,0,0
110713,2010,2010-05-04 00:00:00.000,2010-05-04 00:00:00.000,1,Chhattisgarh,Narayanpur,3,1,1,Clear,2,2,2,0,0,2,0
110717,2010,2010-01-11 00:00:00.000,2010-01-11 00:00:00.000,1,Chhattisgarh,Bijapur,3,1,1,Clear,3,3,3,0,0,3,0
110718,2010,2010-05-04 00:00:00.000,2010-05-04 00:00:00.000,1,Chhattisgarh,Bijapur,3,1,1,Clear,1,1,1,0,0,1,0
110719,2010,2010-05-08 00:00:00.000,2010-05-08 00:00:00.000,1,Odisha,Koraput,2,1,1,Clear,10,10,10,0,0,10,0
110720,2010,2010-05-08 00:00:00.000,2010-05-08 00:00:00.000,1,Chhattisgarh,Bijapur,2,1,1,Clear,8,8,8,0,8,0,0
110725,2010,2010-05-17 00:00:00.000,2010-05-17 00:00:00.000,1,Chhattisgarh,Dantewada,1,1,1,Clear,35,44,35,24,11,0,0
110729,2010,2010-05-19 00:00:00.000,2010-05-19 00:00:00.000,1,West Bengal,West Midnapore,2,1,1,Clear,4,5,4,0,4,0,0
110730,2010,2010-01-03 00:00:00.000,2010-06-12 00:00:00.000,1,Odisha,Koraput,1,5,1,Clear,1,1,1,0,1,0,0
110731,2010,2010-06-13 00:00:00.000,2010-06-14 00:00:00.000,1,Jharkhand,West Singhbhum,2,2,1,Clear,11,11,11,0,1,10,0
110732,2010,2010-06-15 00:00:00.000,2010-06-15 00:00:00.000,1,West Bengal,West Midnapore,3,1,1,Clear,8,8,8,0,0,8,0
110735,2010,2010-06-16 00:00:00.000,2010-06-16 00:00:00.000,1,Odisha,Malkangiri,3,1,1,Clear,1,1,1,0,1,0,0
110736,2010,2010-06-15 00:00:00.000,2010-06-16 00:00:00.000,1,West Bengal,West Midnapore,2,2,1,Clear,5,12,5,0,0,5,0
110740,2010,2010-06-23 00:00:00.000,2010-06-24 00:00:00.000,1,Jharkhand,Unspecified,4,2,1,Clear,0,11,0,0,0,0,0
110741,2010,2010-06-27 00:00:00.000,2010-06-27 00:00:00.000,1,West Bengal,West Midnapore,1,1,1,Clear,2,4,2,0,1,1,0
110746,2010,2010-06-29 00:00:00.000,2010-06-29 00:00:00.000,1,Chhattisgarh,Narayanpur,1,1,1,Clear,27,27,27,0,27,0,0
110894,2010,2010-07-07 00:00:00.000,2010-07-07 00:00:00.000,1,Maharashtra,Gadchiroli,3,1,1,Clear,1,1,1,0,0,1,0
84132,2011,2011-01-25 00:00:00.000,2011-01-25 00:00:00.000,3,Odisha,Kandhamal,1,1,1,Clear,1,1,1,1,0,0,0
84133,2011,2011-06-30 00:00:00.000,2011-06-30 00:00:00.000,3,Maharashtra,Gadchiroli,1,1,1,Clear,2,2,2,2,0,0,0
84134,2011,2011-09-20 00:00:00.000,2011-09-20 00:00:00.000,3,Maharashtra,Gadchiroli,3,1,1,Clear,2,2,2,2,0,0,0
84135,2011,2011-02-02 00:00:00.000,2011-02-02 00:00:00.000,3,Chhattisgarh,Bijapur,3,1,1,Clear,1,1,1,0,0,0,1
84151,2011,2011-05-19 00:00:00.000,2011-05-19 00:00:00.000,1,Chhattisgarh,Bijapur,1,1,1,Clear,1,1,1,0,1,0,0
84170,2011,2011-06-06 00:00:00.000,2011-06-06 00:00:00.000,1,Chhattisgarh,Narayanpur,2,1,1,Clear,2,2,2,0,0,2,0
84189,2011,2011-05-21 00:00:00.000,2011-05-21 00:00:00.000,1,Chhattisgarh,Dantewada,3,1,1,Clear,1,1,1,1,0,0,0
84190,2011,2011-06-02 00:00:00.000,2011-06-02 00:00:00.000,1,Chhattisgarh,Dantewada,3,1,1,Clear,1,1,1,0,1,0,0
84213,2011,2011-09-20 00:00:00.000,2011-09-20 00:00:00.000,3,Maharashtra,Gadchiroli,3,1,1,Clear,1,1,1,1,0,0,0
84214,2011,2011-09-24 00:00:00.000,2011-09-24 00:00:00.000,3,Odisha,Nabarangpur,2,1,1,Clear,1,1,1,0,0,0,1
84215,2011,2011-07-07 00:00:00.000,2011-07-07 00:00:00.000,3,Odisha,Koraput,3,1,1,Clear,2,2,2,2,0,0,0
84216,2011,2011-07-07 00:00:00.000,2011-07-07 00:00:00.000,3,Maharashtra,Gadchiroli,1,1,1,Clear,1,1,1,1,0,0,0
84217,2011,2011-01-26 00:00:00.000,2011-01-26 00:00:00.000,1,Bihar,East Champaran,1,1,1,Clear,1,1,1,0,1,0,0
84218,2011,2011-07-07 00:00:00.000,2011-07-07 00:00:00.000,3,Odisha,Rayagada,3,1,1,Clear,2,2,2,2,0,0,0
84228,2011,2011-01-30 00:00:00.000,2011-01-30 00:00:00.000,3,Jharkhand,Dumka,1,1,1,Clear,1,1,1,1,0,0,0
84229,2011,2011-02-03 00:00:00.000,2011-02-03 00:00:00.000,3,Jharkhand,Chatra,3,1,1,Clear,1,1,1,1,0,0,0
84276,2011,2011-02-09 00:00:00.000,2011-02-09 00:00:00.000,3,West Bengal,Purulia,2,1,1,Clear,1,1,1,1,0,0,0
84277,2011,2011-07-07 00:00:00.000,2011-07-07 00:00:00.000,3,Maharashtra,Gadchiroli,3,1,1,Clear,2,2,2,2,0,0,0
84278,2011,2011-10-01 00:00:00.000,2011-10-01 00:00:00.000,3,Jharkhand,Khunti,3,1,1,Clear,1,1,1,1,0,0,0
84295,2011,2011-07-06 00:00:00.000,2011-07-06 00:00:00.000,1,Chhattisgarh,Unspecified,4,1,1,Clear,1,1,1,0,0,1,0
84832,2011,2011-07-06 00:00:00.000,2011-07-06 00:00:00.000,1,Chhattisgarh,Surguja,3,1,1,Clear,1,1,1,1,0,0,0
84833,2011,2011-07-07 00:00:00.000,2011-07-07 00:00:00.000,1,Odisha,Koraput,1,1,1,Clear,2,2,2,0,0,2,0
84836,2011,2011-07-07 00:00:00.000,2011-07-07 00:00:00.000,3,Maharashtra,Gadchiroli,2,1,1,Clear,2,2,2,2,0,0,0
84837,2011,2011-07-08 00:00:00.000,2011-07-08 00:00:00.000,3,Odisha,Malkangiri,3,1,1,Clear,1,1,1,1,0,0,0
84845,2011,2011-02-12 00:00:00.000,2011-02-12 00:00:00.000,3,Odisha,Sundergarh,3,1,1,Clear,2,2,2,2,0,0,0
84851,2011,2011-10-03 00:00:00.000,2011-10-03 00:00:00.000,3,Jharkhand,Latehar,3,1,1,Clear,1,1,1,1,0,0,0
84872,2011,2011-02-16 00:00:00.000,2011-02-16 00:00:00.000,3,Odisha,Koraput,1,1,1,Clear,1,1,1,1,0,0,0
84873,2011,2011-07-08 00:00:00.000,2011-07-08 00:00:00.000,3,Maharashtra,Gadchiroli,1,1,1,Clear,1,1,1,1,0,0,0
84874,2011,2011-10-03 00:00:00.000,2011-10-03 00:00:00.000,3,Maharashtra,Gadchiroli,1,1,1,Clear,1,1,1,1,0,0,0
84891,2011,2011-07-15 00:00:00.000,2011-07-15 00:00:00.000,1,West Bengal,Purulia,3,1,1,Clear,1,1,1,1,0,0,0
85296,2011,2011-07-22 00:00:00.000,2011-07-22 00:00:00.000,1,Chhattisgarh,Bastar,3,1,1,Clear,1,1,1,0,0,0,1
85314,2011,2011-02-20 00:00:00.000,2011-02-20 00:00:00.000,3,West Bengal,West Midnapore,1,1,1,Clear,1,1,1,1,0,0,0
85315,2011,2011-03-12 00:00:00.000,2011-03-12 00:00:00.000,3,Maharashtra,Gadchiroli,2,1,1,Clear,1,1,1,1,0,0,0
85321,2011,2011-07-16 00:00:00.000,2011-07-16 00:00:00.000,3,Bihar,East Champaran,3,1,1,Clear,1,1,1,1,0,0,0
85322,2011,2011-07-17 00:00:00.000,2011-07-17 00:00:00.000,1,Maharashtra,Gadchiroli,2,1,1,Clear,1,1,1,0,1,0,0
85324,2011,2011-10-06 00:00:00.000,2011-10-06 00:00:00.000,3,Chhattisgarh,Kanker,1,1,1,Clear,1,1,1,1,0,0,0
85352,2011,2011-03-13 00:00:00.000,2011-03-13 00:00:00.000,1,Maharashtra,Gadchiroli,3,1,1,Clear,1,1,1,0,1,0,0
85353,2011,2011-07-18 00:00:00.000,2011-07-18 00:00:00.000,3,Jharkhand,Simdega,3,1,1,Clear,1,1,1,1,0,0,0
85354,2011,2011-10-13 00:00:00.000,2011-10-13 00:00:00.000,3,Bihar,Aurangabad,1,1,1,Clear,1,1,1,1,0,0,0
85375,2011,2011-07-22 00:00:00.000,2011-07-22 00:00:00.000,1,Chhattisgarh,Bijapur,1,1,1,Clear,1,1,1,0,1,0,0
85376,2011,2011-07-31 00:00:00.000,2011-07-31 00:00:00.000,1,Jharkhand,Latehar,1,1,1,Clear,4,4,4,0,0,4,0
85396,2011,2011-10-15 00:00:00.000,2011-10-15 00:00:00.000,3,Jharkhand,Latehar,3,1,1,Clear,2,2,2,2,0,0,0
85401,2011,2011-08-01 00:00:00.000,2011-08-01 00:00:00.000,1,Chhattisgarh,Bijapur,3,1,1,Clear,2,2,2,0,0,2,0
85407,2011,2011-03-19 00:00:00.000,2011-03-20 00:00:00.000,3,Chhattisgarh,Rajnandgaon,1,2,1,Clear,1,1,1,1,0,0,0
85408,2011,2011-03-20 00:00:00.000,2011-03-20 00:00:00.000,3,Maharashtra,Gadchiroli,3,1,1,Clear,1,1,1,1,0,0,0
85409,2011,2011-03-20 00:00:00.000,2011-03-20 00:00:00.000,3,Bihar,Gaya,1,1,1,Clear,2,2,2,2,0,0,0
85411,2011,2011-07-20 00:00:00.000,2011-07-20 00:00:00.000,3,Chhattisgarh,Unspecified,4,1,1,Clear,3,7,3,3,0,0,0
85417,2011,2011-07-21 00:00:00.000,2011-07-21 00:00:00.000,3,Jharkhand,Latehar,1,1,1,Clear,2,2,2,2,0,0,0
85428,2011,2011-10-14 00:00:00.000,2011-10-14 00:00:00.000,3,Maharashtra,Gadchiroli,1,1,1,Clear,1,1,1,1,0,0,0
85446,2011,2011-01-26 00:00:00.000,2011-01-26 00:00:00.000,3,West Bengal,West Midnapore,1,1,1,Clear,2,2,2,0,0,0,2
85455,2011,2011-03-24 00:00:00.000,2011-03-24 00:00:00.000,3,Chhattisgarh,Rajnandgaon,1,1,1,Clear,1,1,1,1,0,0,0
85456,2011,2011-07-22 00:00:00.000,2011-07-22 00:00:00.000,3,Chhattisgarh,Bastar,3,1,1,Clear,1,1,1,1,0,0,0
85457,2011,2011-10-30 00:00:00.000,2011-10-30 00:00:00.000,3,Jharkhand,Khunti,3,1,1,Clear,1,1,1,1,0,0,0
85474,2011,2011-08-16 00:00:00.000,2011-08-16 00:00:00.000,1,Chhattisgarh,Narayanpur,2,1,1,Clear,5,5,5,0,1,4,0
85915,2011,2011-08-22 00:00:00.000,2011-08-22 00:00:00.000,1,Jharkhand,West Singhbhum,2,1,1,Clear,1,1,1,0,0,1,0
85929,2011,2011-11-04 00:00:00.000,2011-11-04 00:00:00.000,3,West Bengal,West Midnapore,1,1,1,Clear,0,1,0,0,0,0,0
85930,2011,2011-11-04 00:00:00.000,2011-11-04 00:00:00.000,3,Jharkhand,West Singhbhum,1,1,1,Clear,2,2,2,2,0,0,0
85942,2011,2011-07-23 00:00:00.000,2011-07-23 00:00:00.000,3,Odisha,Koraput,2,1,1,Clear,1,1,1,1,0,0,0
85943,2011,2011-07-23 00:00:00.000,2011-07-23 00:00:00.000,3,Odisha,Koraput,2,1,1,Clear,0,1,0,0,0,0,0
85944,2011,2011-07-24 00:00:00.000,2011-07-24 00:00:00.000,3,Chhattisgarh,Bijapur,3,1,1,Clear,1,1,1,1,0,0,0
85972,2011,2011-03-29 00:00:00.000,2011-03-29 00:00:00.000,3,Jharkhand,Palamu,3,1,1,Clear,1,1,1,1,0,0,0
85973,2011,2011-02-04 00:00:00.000,2011-02-04 00:00:00.000,3,West Bengal,West Midnapore,3,1,1,Clear,1,1,1,0,0,0,1
85974,2011,2011-02-18 00:00:00.000,2011-02-18 00:00:00.000,3,West Bengal,West Midnapore,3,1,1,Clear,1,1,1,0,0,0,1
85990,2011,2011-04-19 00:00:00.000,2011-04-19 00:00:00.000,3,Odisha,Malkangiri,2,1,1,Clear,1,1,1,1,0,0,0
85991,2011,2011-08-04 00:00:00.000,2011-08-04 00:00:00.000,3,Chhattisgarh,Bijapur,2,1,1,Clear,1,1,1,1,0,0,0
85992,2011,2011-11-06 00:00:00.000,2011-11-06 00:00:00.000,3,Maharashtra,Gadchiroli,2,1,1,Clear,1,1,1,1,0,0,0
86009,2011,2011-09-02 00:00:00.000,2011-09-02 00:00:00.000,1,Jharkhand,West Singhbhum,2,1,1,Clear,2,2,2,0,0,2,0
86563,2011,2011-09-18 00:00:00.000,2011-09-18 00:00:00.000,1,Chhattisgarh,Bijapur,3,1,1,Clear,1,1,1,0,1,0,0
86564,2011,2011-09-25 00:00:00.000,2011-09-25 00:00:00.000,1,Andhra Pradesh,Khammam,1,1,1,Clear,2,2,2,0,0,2,0
86572,2011,2011-09-27 00:00:00.000,2011-09-27 00:00:00.000,1,Jharkhand,Bokaro,2,1,1,Clear,1,1,1,0,1,0,0
86600,2011,2011-04-25 00:00:00.000,2011-04-25 00:00:00.000,3,Jharkhand,Khunti,3,1,1,Clear,1,1,1,1,0,0,0
86605,2011,2011-08-04 00:00:00.000,2011-08-04 00:00:00.000,3,Chhattisgarh,Bijapur,2,1,1,Clear,1,1,1,1,0,0,0
86606,2011,2011-11-14 00:00:00.000,2011-11-14 00:00:00.000,3,West Bengal,Purulia,1,1,1,Clear,2,2,2,2,0,0,0
86616,2011,2011-08-04 00:00:00.000,2011-08-04 00:00:00.000,3,Chhattisgarh,Bijapur,2,1,1,Clear,1,1,1,1,0,0,0
86620,2011,2011-04-20 00:00:00.000,2011-04-20 00:00:00.000,3,Bihar,Jamui,1,1,1,Clear,1,1,1,1,0,0,0
86628,2011,2011-11-14 00:00:00.000,2011-11-14 00:00:00.000,3,Odisha,Bolangir,1,1,1,Clear,1,1,1,0,0,0,1
86654,2011,2011-04-25 00:00:00.000,2011-04-25 00:00:00.000,3,Jharkhand,Khunti,3,1,1,Clear,2,2,2,2,0,0,0
86655,2011,2011-08-22 00:00:00.000,2011-08-22 00:00:00.000,3,West Bengal,West Midnapore,2,1,1,Clear,1,1,1,1,0,0,0
86656,2011,2011-11-16 00:00:00.000,2011-11-16 00:00:00.000,3,Odisha,Malkangiri,1,1,1,Clear,1,1,1,0,0,0,1
86673,2011,2011-09-27 00:00:00.000,2011-09-27 00:00:00.000,1,Jharkhand,Bokaro,2,1,1,Clear,0,6,0,0,0,0,0
87113,2011,2011-10-08 00:00:00.000,2011-10-08 00:00:00.000,1,Karnataka,Dakshina Kannada,1,1,1,Clear,1,1,1,0,1,0,0
87114,2011,2011-10-11 00:00:00.000,2011-10-11 00:00:00.000,1,Chhattisgarh,Narayanpur,2,1,1,Clear,1,1,1,0,0,1,0
87137,2011,2011-08-22 00:00:00.000,2011-08-22 00:00:00.000,3,Jharkhand,Ranchi,3,1,1,Clear,1,1,1,1,0,0,0
87139,2011,2011-11-18 00:00:00.000,2011-11-20 00:00:00.000,3,Odisha,Nuapada,2,2,1,Clear,1,1,1,0,0,0,1
87150,2011,2011-04-25 00:00:00.000,2011-04-25 00:00:00.000,3,Jharkhand,Latehar,1,1,1,Clear,1,1,1,1,0,0,0
87175,2011,2011-04-28 00:00:00.000,2011-04-28 00:00:00.000,3,Jharkhand,Gumla,1,1,1,Clear,1,1,1,1,0,0,0
87176,2011,2011-08-24 00:00:00.000,2011-08-24 00:00:00.000,3,Chhattisgarh,Dantewada,2,1,1,Clear,1,1,1,1,0,0,0
87177,2011,2011-11-27 00:00:00.000,2011-11-27 00:00:00.000,3,Andhra Pradesh,Visakhapatnam,3,1,1,Clear,2,2,2,2,0,0,0
87722,2011,2011-04-30 00:00:00.000,2011-04-30 00:00:00.000,3,Odisha,Koraput,2,1,1,Clear,1,1,1,1,0,0,0
87723,2011,2011-08-25 00:00:00.000,2011-08-25 00:00:00.000,3,Chhattisgarh,Rajnandgaon,2,1,1,Clear,1,1,1,1,0,0,0
87724,2011,2011-09-02 00:00:00.000,2011-09-02 00:00:00.000,3,Bihar,Banka,2,1,1,Clear,1,1,1,1,0,0,0
87725,2011,2011-12-04 00:00:00.000,2011-12-04 00:00:00.000,3,Bihar,Muzaffarpur,3,1,1,Clear,1,1,1,1,0,0,0
87757,2011,2011-05-13 00:00:00.000,2011-05-13 00:00:00.000,3,Maharashtra,Gadchiroli,3,1,1,Clear,1,1,1,1,0,0,0
87758,2011,2011-09-03 00:00:00.000,2011-09-03 00:00:00.000,3,Odisha,Malkangiri,3,1,1,Clear,1,1,1,0,0,0,1
87759,2011,2011-12-10 00:00:00.000,2011-12-10 00:00:00.000,3,Chhattisgarh,Kanker,1,1,1,Clear,1,1,1,1,0,0,0
88250,2011,2011-05-15 00:00:00.000,2011-05-15 00:00:00.000,3,Jharkhand,East Singhbhum,2,1,1,Clear,2,2,2,2,0,0,0
88251,2011,2011-05-16 00:00:00.000,2011-05-16 00:00:00.000,3,Andhra Pradesh,Warangal,2,1,1,Clear,1,1,1,1,0,0,0
88268,2011,2011-09-09 00:00:00.000,2011-09-09 00:00:00.000,3,Odisha,Koraput,3,1,1,Clear,2,2,2,2,0,0,0
88269,2011,2011-09-13 00:00:00.000,2011-09-13 00:00:00.000,3,Bihar,East Champaran,3,1,1,Clear,1,1,1,1,0,0,0
88272,2011,2011-12-27 00:00:00.000,2011-12-27 00:00:00.000,1,Chhattisgarh,Bijapur,2,1,1,Clear,1,1,1,0,1,0,0
88310,2011,2011-06-17 00:00:00.000,2011-06-17 00:00:00.000,3,Chhattisgarh,Narayanpur,3,1,1,Clear,1,1,1,1,0,0,0
88311,2011,2011-06-25 00:00:00.000,2011-06-25 00:00:00.000,3,Maharashtra,Gadchiroli,1,1,1,Clear,1,1,1,1,0,0,0
88312,2011,2011-09-14 00:00:00.000,2011-09-14 00:00:00.000,1,Chhattisgarh,Bijapur,3,1,1,Clear,1,1,1,0,1,0,0
88313,2011,2011-09-18 00:00:00.000,2011-09-18 00:00:00.000,3,Bihar,East Champaran,1,1,1,Clear,1,1,1,1,0,0,0
88314,2011,2011-12-18 00:00:00.000,2011-12-18 00:00:00.000,3,Chhattisgarh,Bastar,3,1,1,Clear,4,4,4,4,0,0,0
88315,2011,2011-12-23 00:00:00.000,2011-12-23 00:00:00.000,3,Jharkhand,Palamu,3,1,1,Clear,1,1,1,1,0,0,0
88391,2011,2011-06-26 00:00:00.000,2011-06-26 00:00:00.000,3,Maharashtra,Gadchiroli,1,1,1,Clear,1,1,1,1,0,0,0
88392,2011,2011-09-19 00:00:00.000,2011-09-19 00:00:00.000,3,Odisha,Bargarh,2,1,1,Clear,1,1,1,1,0,0,0
88393,2011,2011-12-29 00:00:00.000,2011-12-29 00:00:00.000,3,Jharkhand,Latehar,3,1,1,Clear,1,1,1,1,0,0,0
88423,2011,2011-01-18 00:00:00.000,2011-01-18 00:00:00.000,1,Bihar,Gaya,3,1,1,Clear,1,1,1,0,1,0,0
88473,2011,2011-01-21 00:00:00.000,2011-01-21 00:00:00.000,3,West Bengal,West Midnapore,1,1,1,Clear,1,1,1,0,0,0,1
88483,2011,2011-01-06 00:00:00.000,2011-01-06 00:00:00.000,3,West Bengal,West Midnapore,3,1,1,Clear,1,1,1,0,0,0,1
88491,2011,2011-01-23 00:00:00.000,2011-01-23 00:00:00.000,3,West Bengal,West Midnapore,1,1,1,Clear,3,3,3,0,0,0,3
88495,2011,2011-02-13 00:00:00.000,2011-02-13 00:00:00.000,3,West Bengal,West Midnapore,1,1,1,Clear,1,1,1,0,0,0,1
88496,2011,2011-04-04 00:00:00.000,2011-04-04 00:00:00.000,3,West Bengal,West Midnapore,1,1,1,Clear,1,1,1,1,0,0,0
88868,2011,2011-09-19 00:00:00.000,2011-09-19 00:00:00.000,3,West Bengal,West Midnapore,2,1,1,Clear,1,1,1,1,0,0,0
88869,2011,2011-09-20 00:00:00.000,2011-09-20 00:00:00.000,3,West Bengal,West Midnapore,2,1,1,Clear,0,1,0,0,0,0,0
88873,2011,2011-12-29 00:00:00.000,2011-12-29 00:00:00.000,3,Bihar,Jamui,1,1,1,Clear,3,3,3,3,0,0,0
88874,2011,2011-12-29 00:00:00.000,2011-12-30 00:00:00.000,3,Bihar,Banka,3,2,1,Clear,4,4,4,4,0,0,0
88908,2011,2011-01-01 00:00:00.000,2011-01-01 00:00:00.000,3,Odisha,Kandhamal,1,1,1,Clear,1,1,1,1,0,0,0
88921,2011,2011-06-28 00:00:00.000,2011-06-28 00:00:00.000,3,Jharkhand,Giridih,3,1,1,Clear,1,1,1,1,0,0,0
88949,2011,2011-01-06 00:00:00.000,2011-01-06 00:00:00.000,1,Jharkhand,Khunti,3,1,1,Clear,1,1,1,0,1,0,0
88950,2011,2011-01-09 00:00:00.000,2011-01-09 00:00:00.000,3,West Bengal,West Midnapore,1,1,1,Clear,1,1,1,1,0,0,0
88951,2011,2011-01-12 00:00:00.000,2011-01-12 00:00:00.000,3,Jharkhand,Bokaro,3,1,1,Clear,1,1,1,1,0,0,0
88952,2011,2011-01-18 00:00:00.000,2011-01-18 00:00:00.000,3,West Bengal,West Midnapore,2,1,1,Clear,1,1,1,1,0,0,0
88953,2011,2011-01-20 00:00:00.000,2011-01-20 00:00:00.000,3,Chhattisgarh,Kanker,1,1,1,Clear,1,1,1,1,0,0,0
88954,2011,2011-03-02 00:00:00.000,2011-03-02 00:00:00.000,3,Jharkhand,Latehar,1,1,1,Clear,1,1,1,1,0,0,0
88955,2011,2011-03-20 00:00:00.000,2011-03-20 00:00:00.000,3,Chhattisgarh,Rajnandgaon,3,1,1,Clear,1,1,1,1,0,0,0
88956,2011,2011-03-21 00:00:00.000,2011-03-21 00:00:00.000,3,Chhattisgarh,Raipur,2,1,1,Clear,1,1,1,1,0,0,0
88958,2011,2011-03-30 00:00:00.000,2011-03-30 00:00:00.000,3,Maharashtra,Gadchiroli,2,1,1,Clear,1,1,1,1,0,0,0
88959,2011,2011-04-02 00:00:00.000,2011-04-02 00:00:00.000,3,West Bengal,West Midnapore,3,1,1,Clear,1,1,1,1,0,0,0
88960,2011,2011-04-02 00:00:00.000,2011-04-02 00:00:00.000,3,Odisha,Malkangiri,1,1,1,Clear,2,2,2,2,0,0,0
88961,2011,2011-04-18 00:00:00.000,2011-04-18 00:00:00.000,3,Bihar,Jamui,3,1,1,Clear,1,1,1,1,0,0,0
88962,2011,2011-04-04 00:00:00.000,2011-04-04 00:00:00.000,3,West Bengal,West Midnapore,1,1,1,Clear,1,1,1,1,0,0,0
88963,2011,2011-04-12 00:00:00.000,2011-04-12 00:00:00.000,3,Jharkhand,Latehar,3,1,1,Clear,2,2,2,2,0,0,0
88964,2011,2011-04-13 00:00:00.000,2011-04-13 00:00:00.000,3,Jharkhand,Latehar,1,1,1,Clear,2,2,2,2,0,0,0
88966,2011,2011-04-13 00:00:00.000,2011-04-13 00:00:00.000,3,Jharkhand,Bokaro,3,1,1,Clear,1,1,1,1,0,0,0
88967,2011,2011-04-20 00:00:00.000,2011-04-20 00:00:00.000,3,Chhattisgarh,Bijapur,3,1,1,Clear,2,2,2,2,0,0,0
88968,2011,2011-05-01 00:00:00.000,2011-05-01 00:00:00.000,3,Odisha,Malkangiri,2,1,1,Clear,1,1,1,1,0,0,0
88970,2011,2011-05-15 00:00:00.000,2011-05-15 00:00:00.000,3,Bihar,Jamui,3,1,1,Clear,1,1,1,1,0,0,0
88973,2011,2011-05-15 00:00:00.000,2011-05-15 00:00:00.000,3,Bihar,Jamui,3,1,1,Clear,2,2,2,2,0,0,0
88974,2011,2011-05-27 00:00:00.000,2011-05-27 00:00:00.000,3,Odisha,Nuapada,3,1,1,Clear,1,1,1,1,0,0,0
88976,2011,2011-06-02 00:00:00.000,2011-06-02 00:00:00.000,3,Bihar,Rohtas,3,1,1,Clear,1,1,1,1,0,0,0
88977,2011,2011-06-05 00:00:00.000,2011-06-05 00:00:00.000,3,West Bengal,West Midnapore,2,1,1,Clear,1,1,1,0,0,0,1
88978,2011,2011-06-08 00:00:00.000,2011-06-08 00:00:00.000,3,Bihar,Aurangabad,3,1,1,Clear,1,1,1,1,0,0,0
88979,2011,2011-06-13 00:00:00.000,2011-06-13 00:00:00.000,3,Maharashtra,Gadchiroli,1,1,1,Clear,1,1,1,1,0,0,0
88980,2011,2011-06-13 00:00:00.000,2011-06-13 00:00:00.000,3,Bihar,Jamui,3,1,1,Clear,1,1,1,1,0,0,0
88981,2011,2011-06-09 00:00:00.000,2011-06-09 00:00:00.000,3,Odisha,Nuapada,1,1,1,Clear,1,1,1,1,0,0,0
88982,2011,2011-06-09 00:00:00.000,2011-06-09 00:00:00.000,3,Maharashtra,Gadchiroli,5,1,1,Clear,1,1,1,1,0,0,0
88983,2011,2011-06-09 00:00:00.000,2011-06-09 00:00:00.000,3,Maharashtra,Unspecified,1,1,1,Clear,1,1,1,1,0,0,0
88986,2011,2011-06-13 00:00:00.000,2011-06-13 00:00:00.000,3,Odisha,Malkangiri,3,1,1,Clear,1,1,1,1,0,0,0
88987,2011,2011-06-22 00:00:00.000,2011-06-22 00:00:00.000,3,Bihar,Gaya,2,1,1,Clear,1,1,1,1,0,0,0
88992,2011,2011-07-01 00:00:00.000,2011-07-01 00:00:00.000,3,Bihar,Munger,3,1,1,Clear,6,6,6,6,0,0,0
88993,2011,2011-07-27 00:00:00.000,2011-07-27 00:00:00.000,3,Odisha,Rayagada,2,1,1,Clear,1,1,1,1,0,0,0
88995,2011,2011-07-27 00:00:00.000,2011-07-27 00:00:00.000,3,Odisha,Kalahandi,2,1,1,Clear,1,1,1,1,0,0,0
88996,2011,2011-07-30 00:00:00.000,2011-07-30 00:00:00.000,3,Bihar,Rohtas,1,1,1,Clear,3,3,3,3,0,0,0
88997,2011,2011-07-31 00:00:00.000,2011-07-31 00:00:00.000,3,Odisha,Kandhamal,1,1,1,Clear,1,1,1,1,0,0,0
88998,2011,2011-08-01 00:00:00.000,2011-08-01 00:00:00.000,3,Bihar,Banka,1,1,1,Clear,2,2,2,2,0,0,0
88999,2011,2011-08-04 00:00:00.000,2011-08-04 00:00:00.000,3,Odisha,Kandhamal,1,1,1,Clear,2,2,2,2,0,0,0
89000,2011,2011-08-11 00:00:00.000,2011-08-11 00:00:00.000,3,Chhattisgarh,Bijapur,2,1,1,Clear,1,1,1,1,0,0,0
89001,2011,2011-08-14 00:00:00.000,2011-08-14 00:00:00.000,3,Odisha,Bolangir,1,1,1,Clear,1,1,1,0,0,0,1
89002,2011,2011-08-15 00:00:00.000,2011-08-15 00:00:00.000,3,Chhattisgarh,Dantewada,1,1,1,Clear,1,1,1,1,0,0,0
89003,2011,2011-08-20 00:00:00.000,2011-08-20 00:00:00.000,3,Jharkhand,Seraikela-Kharsawan,3,1,1,Clear,1,1,1,1,0,0,0
89004,2011,2011-08-20 00:00:00.000,2011-08-20 00:00:00.000,3,Bihar,East Champaran,2,1,1,Clear,1,1,1,1,0,0,0
89005,2011,2011-08-24 00:00:00.000,2011-08-24 00:00:00.000,3,West Bengal,West Midnapore,1,1,1,Clear,1,1,1,0,0,0,1
89006,2011,2011-09-27 00:00:00.000,2011-09-27 00:00:00.000,3,Odisha,Koraput,2,1,1,Clear,1,1,1,1,0,0,0
89007,2011,2011-09-28 00:00:00.000,2011-09-28 00:00:00.000,3,Andhra Pradesh,Visakhapatnam,3,1,1,Clear,1,1,1,1,0,0,0
89008,2011,2011-10-01 00:00:00.000,2011-10-01 00:00:00.000,3,Jharkhand,West Singhbhum,2,1,1,Clear,1,1,1,1,0,0,0
89010,2011,2011-10-16 00:00:00.000,2011-10-16 00:00:00.000,3,Jharkhand,West Singhbhum,1,1,1,Clear,1,1,1,1,0,0,0
89011,2011,2011-10-19 00:00:00.000,2011-10-19 00:00:00.000,3,Odisha,Koraput,2,1,1,Clear,1,1,1,1,0,0,0
89012,2011,2011-10-24 00:00:00.000,2011-10-24 00:00:00.000,3,Andhra Pradesh,Visakhapatnam,2,1,1,Clear,1,1,1,1,0,0,0
89013,2011,2011-10-30 00:00:00.000,2011-10-30 00:00:00.000,3,Jharkhand,Khunti,3,1,1,Clear,1,1,1,1,0,0,0
89014,2011,2011-10-30 00:00:00.000,2011-10-30 00:00:00.000,3,Jharkhand,Khunti,3,1,1,Clear,1,1,1,1,0,0,0
89015,2011,2011-12-03 00:00:00.000,2011-12-03 00:00:00.000,3,Odisha,Koraput,2,1,1,Clear,1,1,1,1,0,0,0
89016,2011,2011-12-23 00:00:00.000,2011-12-23 00:00:00.000,3,Andhra Pradesh,Visakhapatnam,2,1,1,Clear,1,1,1,1,0,0,0
89485,2011,2011-01-18 00:00:00.000,2011-01-18 00:00:00.000,1,Chhattisgarh,Bijapur,3,1,1,Clear,1,1,1,0,0,1,0
89486,2011,2011-01-23 00:00:00.000,2011-01-23 00:00:00.000,1,Andhra Pradesh,Khammam,2,1,1,Clear,1,1,1,0,0,1,0
89605,2011,2011-04-20 00:00:00.000,2011-04-20 00:00:00.000,1,Bihar,Jamui,1,1,1,Clear,2,2,2,1,1,0,0
89967,2011,2011-04-24 00:00:00.000,2011-04-24 00:00:00.000,1,Odisha,Malkangiri,1,1,1,Clear,1,1,1,0,0,1,0
89968,2011,2011-04-30 00:00:00.000,2011-04-30 00:00:00.000,1,Andhra Pradesh,Khammam,1,1,1,Clear,1,1,1,0,0,1,0
90099,2011,2011-05-08 00:00:00.000,2011-05-08 00:00:00.000,1,Chhattisgarh,Dantewada,1,1,1,Clear,1,1,1,0,1,0,0
90688,2011,2011-05-17 00:00:00.000,2011-05-17 00:00:00.000,1,Chhattisgarh,Dantewada,3,1,1,Clear,1,1,1,0,1,0,0
90692,2011,2011-01-04 00:00:00.000,2011-01-04 00:00:00.000,1,West Bengal,West Midnapore,2,1,1,Clear,1,1,1,0,0,1,0
90698,2011,2011-01-01 00:00:00.000,2011-01-01 00:00:00.000,1,Odisha,Jajpur,3,1,1,Clear,5,5,5,0,0,5,0
90699,2011,2011-01-04 00:00:00.000,2011-01-04 00:00:00.000,1,Chhattisgarh,Narayanpur,2,1,1,Clear,2,2,2,0,0,2,0
90703,2011,2011-02-08 00:00:00.000,2011-02-08 00:00:00.000,1,West Bengal,Darjeeling,1,1,1,Clear,1,1,1,0,0,0,1
90704,2011,2011-02-08 00:00:00.000,2011-02-08 00:00:00.000,1,West Bengal,Darjeeling,1,1,1,Clear,1,1,1,0,0,0,1
90705,2011,2011-01-09 00:00:00.000,2011-01-09 00:00:00.000,1,Odisha,Khordha,1,1,1,Clear,9,13,9,0,0,9,0
90706,2011,2011-01-09 00:00:00.000,2011-01-09 00:00:00.000,1,Jharkhand,Hazaribagh,3,1,1,Clear,3,3,3,0,0,3,0
90707,2011,2011-01-11 00:00:00.000,2011-01-11 00:00:00.000,1,Chhattisgarh,Bijapur,3,1,1,Clear,1,1,1,0,1,0,0
90708,2011,2011-01-12 00:00:00.000,2011-01-12 00:00:00.000,1,Odisha,Keonjhar,2,1,1,Clear,2,2,2,0,0,2,0
90709,2011,2011-01-28 00:00:00.000,2011-01-28 00:00:00.000,1,Jharkhand,Latehar,3,1,1,Clear,9,9,9,0,0,9,0
90710,2011,2011-01-28 00:00:00.000,2011-01-28 00:00:00.000,1,Chhattisgarh,Rajnandgaon,3,1,1,Clear,1,1,1,0,1,0,0
90711,2011,2011-02-07 00:00:00.000,2011-02-07 00:00:00.000,1,Odisha,Sundergarh,3,1,1,Clear,1,1,1,0,0,1,0
90712,2011,2011-02-11 00:00:00.000,2011-02-11 00:00:00.000,1,Odisha,Sundergarh,3,1,1,Clear,3,3,3,0,0,3,0
90713,2011,2011-02-11 00:00:00.000,2011-02-11 00:00:00.000,1,Odisha,Kandhamal,3,1,1,Clear,1,1,1,0,0,1,0
90714,2011,2011-02-14 00:00:00.000,2011-02-14 00:00:00.000,1,Chhattisgarh,Dantewada,1,1,1,Clear,1,1,1,0,1,0,0
90715,2011,2011-02-28 00:00:00.000,2011-02-28 00:00:00.000,1,Jharkhand,Chatra,3,1,1,Clear,3,3,3,0,0,3,0
90716,2011,2011-02-26 00:00:00.000,2011-02-26 00:00:00.000,1,Bihar,Banka,3,1,1,Clear,6,6,6,0,0,6,0
90717,2011,2011-03-06 00:00:00.000,2011-03-07 00:00:00.000,1,Bihar,Aurangabad,3,2,1,Clear,1,1,1,0,0,1,0
90718,2011,2011-03-10 00:00:00.000,2011-03-10 00:00:00.000,1,West Bengal,West Midnapore,2,1,1,Clear,1,1,1,0,0,1,0
90719,2011,2011-03-13 00:00:00.000,2011-03-13 00:00:00.000,1,Bihar,East Champaran,1,1,1,Clear,7,7,7,0,1,6,0
90720,2011,2011-03-14 00:00:00.000,2011-03-14 00:00:00.000,1,Chhattisgarh,Dantewada,3,1,1,Clear,3,33,3,0,3,0,0
90721,2011,2011-03-15 00:00:00.000,2011-03-15 00:00:00.000,1,Jharkhand,Khunti,3,1,1,Clear,5,5,5,0,0,5,0
90722,2011,2011-03-16 00:00:00.000,2011-03-16 00:00:00.000,1,Chhattisgarh,Bijapur,1,1,1,Clear,2,2,2,0,0,2,0
90723,2011,2011-03-17 00:00:00.000,2011-03-19 00:00:00.000,1,West Bengal,West Midnapore,2,2,1,Clear,1,1,1,0,1,0,0
90724,2011,2011-03-23 00:00:00.000,2011-03-23 00:00:00.000,1,Chhattisgarh,Narayanpur,3,1,1,Clear,2,2,2,0,0,2,0
90725,2011,2011-04-19 00:00:00.000,2011-04-19 00:00:00.000,1,Bihar,Gaya,3,1,1,Clear,1,1,1,0,1,0,0
90726,2011,2011-03-24 00:00:00.000,2011-03-24 00:00:00.000,1,Jharkhand,East Singhbhum,1,1,1,Clear,1,1,1,0,1,0,0
90727,2011,2011-03-31 00:00:00.000,2011-03-31 00:00:00.000,1,Bihar,Jamui,1,1,1,Clear,1,1,1,1,0,0,0
90728,2011,2011-04-08 00:00:00.000,2011-04-08 00:00:00.000,1,Maharashtra,Gadchiroli,2,1,1,Clear,1,1,1,0,1,0,0
90729,2011,2011-05-03 00:00:00.000,2011-05-03 00:00:00.000,1,Jharkhand,Lohardaga,3,1,1,Clear,11,11,11,0,11,0,0
90730,2011,2011-05-17 00:00:00.000,2011-05-17 00:00:00.000,1,Chhattisgarh,Dantewada,3,1,1,Clear,7,7,7,0,7,0,0
90731,2011,2011-05-17 00:00:00.000,2011-05-17 00:00:00.000,1,Chhattisgarh,Dantewada,1,1,1,Clear,5,5,5,0,5,0,0
90732,2011,2011-05-19 00:00:00.000,2011-05-19 00:00:00.000,1,Maharashtra,Gadchiroli,3,1,1,Clear,14,14,14,0,1,13,0
90733,2011,2011-05-19 00:00:00.000,2011-05-19 00:00:00.000,1,Maharashtra,Gadchiroli,1,1,1,Clear,11,11,11,0,3,8,0
90734,2011,2011-05-23 00:00:00.000,2011-05-23 00:00:00.000,1,Odisha,Nuapada,2,1,1,Clear,9,9,9,0,9,0,0
90735,2011,2011-05-24 00:00:00.000,2011-05-24 00:00:00.000,1,Odisha,Nuapada,3,1,1,Clear,0,9,0,0,0,0,0
90736,2011,2011-06-01 00:00:00.000,2011-06-01 00:00:00.000,1,Jharkhand,Ranchi,2,1,1,Clear,1,1,1,1,0,0,0
90737,2011,2011-06-02 00:00:00.000,2011-06-02 00:00:00.000,1,Jharkhand,Khunti,3,1,1,Clear,3,3,3,0,0,3,0
90738,2011,2011-06-06 00:00:00.000,2011-06-06 00:00:00.000,1,Chhattisgarh,Bijapur,1,1,1,Clear,1,1,1,0,0,1,0
90739,2011,2011-06-09 00:00:00.000,2011-06-09 00:00:00.000,1,Chhattisgarh,Narayanpur,3,1,1,Clear,5,5,5,0,5,0,0
90740,2011,2011-06-10 00:00:00.000,2011-06-10 00:00:00.000,1,Chhattisgarh,Unspecified,4,1,1,Clear,10,10,10,0,10,0,0
90741,2011,2011-06-11 00:00:00.000,2011-06-11 00:00:00.000,1,Chhattisgarh,Unspecified,4,1,1,Clear,3,3,3,0,3,0,0
90742,2011,2011-06-17 00:00:00.000,2011-06-17 00:00:00.000,1,Chhattisgarh,Narayanpur,3,1,1,Clear,1,1,1,1,0,0,0
90743,2011,2011-06-20 00:00:00.000,2011-06-20 00:00:00.000,1,Chhattisgarh,Bijapur,3,1,1,Clear,2,2,2,0,0,2,0
90744,2011,2011-07-01 00:00:00.000,2011-07-01 00:00:00.000,1,Odisha,Keonjhar,1,1,1,Clear,1,1,1,0,0,1,0
90745,2011,2011-06-20 00:00:00.000,2011-06-20 00:00:00.000,1,Jharkhand,Bokaro,3,1,1,Clear,1,1,1,0,1,0,0
90746,2011,2011-06-21 00:00:00.000,2011-06-21 00:00:00.000,1,Odisha,Bolangir,3,1,1,Clear,1,1,1,0,0,1,0
90747,2011,2011-06-25 00:00:00.000,2011-06-25 00:00:00.000,1,Odisha,Koraput,3,1,1,Clear,1,1,1,0,0,1,0
90748,2011,2011-06-30 00:00:00.000,2011-06-30 00:00:00.000,1,Chhattisgarh,Raipur,2,1,1,Clear,1,1,1,0,0,1,0
90749,2011,2011-06-26 00:00:00.000,2011-06-26 00:00:00.000,1,Chhattisgarh,Dantewada,1,1,1,Clear,10,10,10,0,2,8,0
90750,2011,2011-06-26 00:00:00.000,2011-06-26 00:00:00.000,1,Chhattisgarh,Dantewada,1,1,1,Clear,4,4,4,0,4,0,0
90751,2011,2011-07-01 00:00:00.000,2011-07-01 00:00:00.000,1,Jharkhand,Hazaribagh,2,1,1,Clear,3,3,3,0,0,3,0
90752,2011,2011-08-06 00:00:00.000,2011-08-06 00:00:00.000,1,Chhattisgarh,Dantewada,2,1,1,Clear,1,1,1,0,0,1,0
90753,2011,2011-08-20 00:00:00.000,2011-08-20 00:00:00.000,1,Maharashtra,Gadchiroli,2,1,1,Clear,4,4,4,0,3,1,0
90754,2011,2011-08-19 00:00:00.000,2011-08-19 00:00:00.000,1,Chhattisgarh,Bijapur,1,1,1,Clear,17,17,17,1,11,5,0
90755,2011,2011-09-16 00:00:00.000,2011-09-16 00:00:00.000,1,Chhattisgarh,Bijapur,1,1,1,Clear,1,1,1,0,1,0,0
90756,2011,2011-10-07 00:00:00.000,2011-10-07 00:00:00.000,1,Chhattisgarh,Dantewada,3,1,1,Clear,3,3,3,0,3,0,0
90757,2011,2011-10-19 00:00:00.000,2011-10-22 00:00:00.000,1,Jharkhand,Ranchi,2,2,1,Clear,3,3,3,0,3,0,0
90758,2011,2011-10-22 00:00:00.000,2011-10-22 00:00:00.000,1,Maharashtra,Gadchiroli,1,1,1,Clear,1,1,1,1,0,0,0
90759,2011,2011-11-14 00:00:00.000,2011-11-14 00:00:00.000,1,West Bengal,Purulia,1,1,1,Clear,2,2,2,0,0,2,0
90760,2011,2011-11-16 00:00:00.000,2011-11-16 00:00:00.000,1,Chhattisgarh,Bastar,3,1,1,Clear,2,2,2,0,2,0,0
90761,2011,2011-12-01 00:00:00.000,2011-12-01 00:00:00.000,1,Maharashtra,Gondia,2,1,1,Clear,1,1,1,0,1,0,0
90762,2011,2011-10-21 00:00:00.000,2011-10-21 00:00:00.000,1,Chhattisgarh,Bastar,3,1,1,Clear,9,9,9,0,6,3,0
90763,2011,2011-11-01 00:00:00.000,2011-11-30 00:00:00.000,1,Jharkhand,Unspecified,4,4,1,Clear,1,1,1,0,0,1,0
90764,2011,2011-11-24 00:00:00.000,2011-11-24 00:00:00.000,1,West Bengal,West Midnapore,2,1,1,Clear,1,1,1,0,0,1,0
90765,2011,2011-12-03 00:00:00.000,2011-12-04 00:00:00.000,1,Jharkhand,Latehar,3,2,1,Clear,12,12,12,0,11,0,1
90766,2011,2011-12-03 00:00:00.000,2011-12-03 00:00:00.000,1,Jharkhand,Unspecified,4,1,1,Clear,11,11,11,1,10,0,0
90769,2011,2011-12-22 00:00:00.000,2011-12-22 00:00:00.000,1,Jharkhand,West Singhbhum,2,1,1,Clear,1,1,1,0,1,0,0
90770,2011,2011-12-23 00:00:00.000,2011-12-23 00:00:00.000,1,Bihar,Gaya,3,1,1,Clear,1,1,1,0,0,1,0
378715,2011,2011-07-17 00:00:00.000,2011-07-17 00:00:00.000,3,Maharashtra,Gadchiroli,2,1,1,Clear,2,2,2,2,0,0,0
85355,2012,2012-04-29 00:00:00.000,2012-04-29 00:00:00.000,3,Chhattisgarh,Rajnandgaon,3,1,1,Clear,1,1,1,1,0,0,0
85426,2012,2012-05-04 00:00:00.000,2012-05-04 00:00:00.000,3,Maharashtra,Gadchiroli,2,1,1,Clear,2,2,2,2,0,0,0
85431,2012,2012-05-16 00:00:00.000,2012-05-16 00:00:00.000,3,Chhattisgarh,Bijapur,3,1,1,Clear,2,2,2,2,0,0,0
85458,2012,2012-05-23 00:00:00.000,2012-05-23 00:00:00.000,3,Odisha,Rayagada,1,1,1,Clear,1,1,1,1,0,0,0
85949,2012,2012-06-02 00:00:00.000,2012-06-02 00:00:00.000,3,Bihar,Munger,1,1,1,Clear,2,2,2,2,0,0,0
85993,2012,2012-06-02 00:00:00.000,2012-06-02 00:00:00.000,3,Jharkhand,Latehar,3,1,1,Clear,1,1,1,1,0,0,0
86618,2012,2012-10-21 00:00:00.000,2012-10-21 00:00:00.000,3,Odisha,Koraput,1,1,1,Clear,1,1,1,1,0,0,0
88240,2012,2012-08-24 00:00:00.000,2012-08-24 00:00:00.000,1,Chhattisgarh,Narayanpur,3,1,1,Clear,2,2,2,0,0,2,0
89020,2012,2012-10-16 00:00:00.000,2012-10-16 00:00:00.000,3,Andhra Pradesh,Khammam,2,1,1,Clear,1,1,1,1,0,0,0
89023,2012,2012-09-23 00:00:00.000,2012-10-05 00:00:00.000,3,Andhra Pradesh,Khammam,2,4,1,Clear,2,2,2,2,0,0,0
89024,2012,2012-05-16 00:00:00.000,2012-05-16 00:00:00.000,3,Chhattisgarh,Kanker,1,1,1,Clear,0,1,0,0,0,0,0
89025,2012,2012-10-06 00:00:00.000,2012-10-06 00:00:00.000,3,Andhra Pradesh,Khammam,2,1,1,Clear,1,1,1,1,0,0,0
89028,2012,2012-08-19 00:00:00.000,2012-08-19 00:00:00.000,3,Jharkhand,Gumla,3,1,1,Clear,1,1,1,1,0,0,0
89029,2012,2012-06-07 00:00:00.000,2012-06-07 00:00:00.000,3,Odisha,Koraput,1,1,1,Clear,1,1,1,1,0,0,0
89031,2012,2012-04-23 00:00:00.000,2012-04-29 00:00:00.000,3,West Bengal,West Midnapore,2,3,1,Clear,2,2,2,2,0,0,0
89032,2012,2012-04-24 00:00:00.000,2012-04-24 00:00:00.000,3,Jharkhand,Khunti,3,1,1,Clear,2,2,2,2,0,0,0
89033,2012,2012-04-13 00:00:00.000,2012-04-13 00:00:00.000,3,Maharashtra,Gadchiroli,2,1,1,Clear,1,1,1,1,0,0,0
89034,2012,2012-03-02 00:00:00.000,2012-03-02 00:00:00.000,3,Bihar,Gaya,3,1,1,Clear,2,2,2,2,0,0,0
89035,2012,2012-03-02 00:00:00.000,2012-03-02 00:00:00.000,3,Bihar,Sitamarhi,2,1,1,Clear,2,2,2,2,0,0,0
89036,2012,2012-01-03 00:00:00.000,2012-01-03 00:00:00.000,3,Bihar,Jamui,3,1,1,Clear,1,1,1,1,0,0,0
89037,2012,2012-01-07 00:00:00.000,2012-01-07 00:00:00.000,3,Odisha,Koraput,2,1,1,Clear,1,1,1,1,0,0,0
89038,2012,2012-01-11 00:00:00.000,2012-01-11 00:00:00.000,3,Jharkhand,Chatra,3,1,1,Clear,1,1,1,1,0,0,0
89039,2012,2012-01-01 00:00:00.000,2012-03-15 00:00:00.000,3,Andhra Pradesh,Visakhapatnam,1,5,1,Clear,1,1,1,1,0,0,0
89043,2012,2012-01-03 00:00:00.000,2012-01-03 00:00:00.000,3,Jharkhand,Khunti,1,1,1,Clear,1,1,1,1,0,0,0
89047,2012,2012-01-06 00:00:00.000,2012-01-06 00:00:00.000,3,Maharashtra,Gadchiroli,1,1,1,Clear,1,1,1,1,0,0,0
89051,2012,2012-01-16 00:00:00.000,2012-01-16 00:00:00.000,3,Jharkhand,Khunti,2,1,1,Clear,0,7,0,0,0,0,0
89052,2012,2012-01-25 00:00:00.000,2012-01-25 00:00:00.000,3,Jharkhand,Giridih,1,1,1,Clear,1,1,1,1,0,0,0
89054,2012,2012-01-18 00:00:00.000,2012-01-18 00:00:00.000,3,Odisha,Malkangiri,1,1,1,Clear,1,1,1,1,0,0,0
89055,2012,2012-01-23 00:00:00.000,2012-01-23 00:00:00.000,3,Odisha,Koraput,2,1,1,Clear,1,1,1,1,0,0,0
89057,2012,2012-01-30 00:00:00.000,2012-01-30 00:00:00.000,3,Bihar,Jamui,3,1,1,Clear,2,2,2,2,0,0,0
89059,2012,2012-01-30 00:00:00.000,2012-02-06 00:00:00.000,3,Bihar,Jamui,3,4,1,Clear,1,1,1,1,0,0,0
89063,2012,2012-02-01 00:00:00.000,2012-02-01 00:00:00.000,3,Andhra Pradesh,Visakhapatnam,2,1,1,Clear,1,1,0,1,0,0,0
89064,2012,2012-02-24 00:00:00.000,2012-02-24 00:00:00.000,3,Odisha,Koraput,2,1,1,Clear,1,1,1,1,0,0,0
89067,2012,2012-02-24 00:00:00.000,2012-02-24 00:00:00.000,3,Odisha,Nuapada,1,1,1,Clear,1,1,0,1,0,0,0
89069,2012,2012-03-15 00:00:00.000,2012-03-15 00:00:00.000,3,Maharashtra,Gondia,1,1,1,Clear,1,1,1,1,0,0,0
89070,2012,2012-03-18 00:00:00.000,2012-03-18 00:00:00.000,3,Odisha,Bargarh,1,1,1,Clear,1,1,1,1,0,0,0
89071,2012,2012-04-13 00:00:00.000,2012-04-13 00:00:00.000,3,Maharashtra,Gadchiroli,1,1,1,Clear,1,1,1,1,0,0,0
89072,2012,2012-03-19 00:00:00.000,2012-03-19 00:00:00.000,3,Chhattisgarh,Bijapur,2,1,1,Clear,1,1,1,1,0,0,0
89075,2012,2012-03-30 00:00:00.000,2012-03-30 00:00:00.000,3,Bihar,Gaya,1,1,1,Clear,1,1,1,1,0,0,0
89076,2012,2012-04-02 00:00:00.000,2012-04-02 00:00:00.000,1,Maharashtra,Gadchiroli,2,1,1,Clear,1,1,1,0,1,0,0
89080,2012,2012-04-18 00:00:00.000,2012-04-18 00:00:00.000,3,Andhra Pradesh,Khammam,2,1,1,Clear,1,1,1,1,0,0,0
89081,2012,2012-04-20 00:00:00.000,2012-04-20 00:00:00.000,3,Maharashtra,Gadchiroli,1,1,1,Clear,1,1,1,1,0,0,0
89082,2012,2012-04-24 00:00:00.000,2012-04-24 00:00:00.000,1,Maharashtra,Gadchiroli,1,1,1,Clear,1,1,1,0,1,0,0
89083,2012,2012-04-22 00:00:00.000,2012-04-22 00:00:00.000,1,Maharashtra,Gadchiroli,1,1,1,Clear,1,1,1,0,1,0,0
89084,2012,2012-04-26 00:00:00.000,2012-04-26 00:00:00.000,3,Maharashtra,Gadchiroli,3,1,1,Clear,2,2,2,2,0,0,0
89086,2012,2012-04-30 00:00:00.000,2012-04-30 00:00:00.000,3,Chhattisgarh,Unspecified,4,1,1,Clear,3,3,3,3,0,0,0
89087,2012,2012-05-20 00:00:00.000,2012-05-20 00:00:00.000,3,Andhra Pradesh,Khammam,1,1,1,Clear,1,1,1,1,0,0,0
89089,2012,2012-05-02 00:00:00.000,2012-05-02 00:00:00.000,3,Odisha,Bolangir,1,1,1,Clear,0,2,0,0,0,0,0
89090,2012,2012-05-02 00:00:00.000,2012-05-02 00:00:00.000,3,Odisha,Koraput,1,1,1,Clear,1,1,1,1,0,0,0
89092,2012,2012-05-04 00:00:00.000,2012-05-04 00:00:00.000,3,Odisha,Malkangiri,2,1,1,Clear,1,1,1,1,0,0,0
89093,2012,2012-05-07 00:00:00.000,2012-05-09 00:00:00.000,1,Maharashtra,Gondia,2,2,1,Clear,1,1,1,0,1,0,0
89094,2012,2012-05-11 00:00:00.000,2012-05-11 00:00:00.000,3,Odisha,Koraput,1,1,1,Clear,1,1,1,1,0,0,0
89095,2012,2012-05-19 00:00:00.000,2012-05-19 00:00:00.000,3,Odisha,Malkangiri,1,1,1,Clear,1,1,1,1,0,0,0
89096,2012,2012-06-04 00:00:00.000,2012-06-04 00:00:00.000,3,Bihar,Munger,2,1,1,Clear,3,3,3,3,0,0,0
89097,2012,2012-06-05 00:00:00.000,2012-06-05 00:00:00.000,3,Chhattisgarh,Bijapur,3,1,1,Clear,1,1,1,1,0,0,0
89099,2012,2012-06-06 00:00:00.000,2012-06-06 00:00:00.000,3,Jharkhand,West Singhbhum,3,1,1,Clear,1,1,1,1,0,0,0
89101,2012,2012-06-08 00:00:00.000,2012-06-08 00:00:00.000,3,Odisha,Koraput,1,1,1,Clear,1,1,1,1,0,0,0
89102,2012,2012-06-11 00:00:00.000,2012-06-11 00:00:00.000,3,Maharashtra,Gadchiroli,1,1,1,Clear,1,1,1,1,0,0,0
89103,2012,2012-06-12 00:00:00.000,2012-06-12 00:00:00.000,3,Maharashtra,Gadchiroli,2,1,1,Clear,1,1,1,1,0,0,0
89104,2012,2012-06-11 00:00:00.000,2012-06-11 00:00:00.000,3,Odisha,Koraput,1,1,1,Clear,1,1,1,1,0,0,0
89105,2012,2012-06-23 00:00:00.000,2012-06-23 00:00:00.000,3,Chhattisgarh,Sukma,1,1,1,Clear,1,1,1,1,0,0,0
89109,2012,2012-06-26 00:00:00.000,2012-06-26 00:00:00.000,3,Odisha,Koraput,1,1,1,Clear,1,1,1,1,0,0,0
89110,2012,2012-06-30 00:00:00.000,2012-06-30 00:00:00.000,3,Jharkhand,Gumla,1,1,1,Clear,3,3,3,3,0,0,0
89111,2012,2012-07-06 00:00:00.000,2012-07-06 00:00:00.000,3,Odisha,Malkangiri,2,1,1,Clear,1,1,1,1,0,0,0
89112,2012,2012-07-21 00:00:00.000,2012-07-21 00:00:00.000,3,Maharashtra,Gadchiroli,1,1,1,Clear,1,1,1,1,0,0,0
89114,2012,2012-07-23 00:00:00.000,2012-07-23 00:00:00.000,3,Jharkhand,Giridih,1,1,1,Clear,2,2,2,2,0,0,0
89115,2012,2012-10-07 00:00:00.000,2012-10-07 00:00:00.000,3,Jharkhand,Giridih,1,1,1,Clear,1,1,1,1,0,0,0
89116,2012,2012-07-23 00:00:00.000,2012-07-23 00:00:00.000,3,Maharashtra,Gadchiroli,1,1,1,Clear,2,2,2,2,0,0,0
89117,2012,2012-08-02 00:00:00.000,2012-08-02 00:00:00.000,3,Jharkhand,Simdega,1,1,1,Clear,0,1,0,0,0,0,0
89118,2012,2012-08-14 00:00:00.000,2012-08-14 00:00:00.000,3,Chhattisgarh,Gariaband,2,1,1,Clear,1,1,1,1,0,0,0
89120,2012,2012-08-20 00:00:00.000,2012-08-20 00:00:00.000,3,Bihar,Gaya,1,1,1,Clear,1,1,1,1,0,0,0
89121,2012,2012-09-22 00:00:00.000,2012-09-22 00:00:00.000,3,Bihar,Jamui,1,1,1,Clear,1,1,1,1,0,0,0
89122,2012,2012-08-21 00:00:00.000,2012-08-21 00:00:00.000,3,Odisha,Malkangiri,3,1,1,Clear,0,1,0,0,0,0,0
89124,2012,2012-09-16 00:00:00.000,2012-09-16 00:00:00.000,3,Bihar,Rohtas (Sasaram),2,1,1,Clear,1,1,1,1,0,0,0
89125,2012,2012-09-19 00:00:00.000,2012-09-19 00:00:00.000,3,Odisha,Nuapada,1,1,1,Clear,1,1,1,1,0,0,0
89128,2012,2012-09-28 00:00:00.000,2012-09-28 00:00:00.000,3,Bihar,Vaishali,1,1,1,Clear,1,1,1,1,0,0,0
89130,2012,2012-09-28 00:00:00.000,2012-09-28 00:00:00.000,3,West Bengal,West Midnapore,2,1,1,Clear,1,1,1,1,0,0,0
89131,2012,2012-10-28 00:00:00.000,2012-10-28 00:00:00.000,3,Chhattisgarh,Bijapur,1,1,1,Clear,1,1,1,1,0,0,0
89132,2012,2012-11-05 00:00:00.000,2012-11-05 00:00:00.000,3,Jharkhand,Gumla,3,1,1,Clear,1,1,1,1,0,0,0
89135,2012,2012-10-29 00:00:00.000,2012-10-29 00:00:00.000,3,Chhattisgarh,Sukma,2,1,1,Clear,1,1,1,1,0,0,0
89136,2012,2012-12-25 00:00:00.000,2012-12-25 00:00:00.000,3,Jharkhand,Gumla,3,1,1,Clear,1,1,1,1,0,0,0
89137,2012,2012-11-18 00:00:00.000,2012-11-18 00:00:00.000,3,Uttar Pradesh,Ballia,1,1,1,Clear,1,1,1,1,0,0,0
89138,2012,2012-11-03 00:00:00.000,2012-11-03 00:00:00.000,3,Odisha,Bolangir,1,1,1,Clear,1,1,1,1,0,0,0
89141,2012,2012-11-05 00:00:00.000,2012-11-05 00:00:00.000,3,Jharkhand,Gumla,3,1,1,Clear,1,1,1,1,0,0,0
89142,2012,2012-11-15 00:00:00.000,2012-11-15 00:00:00.000,3,Jharkhand,Khunti,3,1,1,Clear,1,1,1,1,0,0,0
89144,2012,2012-11-18 00:00:00.000,2012-11-18 00:00:00.000,3,Bihar,Aurangabad,3,1,1,Clear,1,1,1,1,0,0,0
89145,2012,2012-11-19 00:00:00.000,2012-11-19 00:00:00.000,3,Odisha,Malkangiri,2,1,1,Clear,1,1,1,1,0,0,0
89148,2012,2012-12-01 00:00:00.000,2012-12-01 00:00:00.000,3,Andhra Pradesh,Khammam,2,1,1,Clear,1,1,1,1,0,0,0
89150,2012,2012-12-05 00:00:00.000,2012-12-05 00:00:00.000,3,Chhattisgarh,Sukma,1,1,1,Clear,1,1,1,1,0,0,0
89151,2012,2012-12-19 00:00:00.000,2012-12-19 00:00:00.000,3,Jharkhand,Latehar,1,1,1,Clear,1,1,1,1,0,0,0
89152,2012,2012-12-07 00:00:00.000,2012-12-07 00:00:00.000,3,Chhattisgarh,Kanker,1,1,1,Clear,1,1,1,1,0,0,0
89154,2012,2012-10-30 00:00:00.000,2012-10-31 00:00:00.000,3,Jharkhand,East Singhbhum,2,2,1,Clear,0,1,0,0,0,0,0
89156,2012,2012-08-14 00:00:00.000,2012-08-14 00:00:00.000,3,Andhra Pradesh,Khammam,2,1,1,Clear,2,2,2,2,0,0,0
89158,2012,2012-11-09 00:00:00.000,2012-11-09 00:00:00.000,3,Jharkhand,Khunti,2,1,1,Clear,1,1,1,1,0,0,0
89159,2012,2012-11-14 00:00:00.000,2012-11-14 00:00:00.000,3,Jharkhand,Simdega,1,1,1,Clear,1,1,1,1,0,0,0
90105,2012,2012-08-19 00:00:00.000,2012-08-19 00:00:00.000,1,Odisha,Rayagada,2,1,1,Clear,1,1,1,0,0,1,0
90780,2012,2012-03-05 00:00:00.000,2012-03-05 00:00:00.000,1,Jharkhand,Chatra,2,1,1,Clear,2,4,2,0,0,2,0
90781,2012,2012-01-31 00:00:00.000,2012-01-31 00:00:00.000,1,Jharkhand,Latehar,2,1,1,Clear,1,1,1,1,0,0,0
90782,2012,2012-01-15 00:00:00.000,2012-01-15 00:00:00.000,1,Jharkhand,East Singhbhum,1,1,1,Clear,1,1,1,0,0,1,0
90783,2012,2012-01-12 00:00:00.000,2012-01-12 00:00:00.000,1,Maharashtra,Gadchiroli,2,1,1,Clear,1,1,1,0,0,1,0
90784,2012,2012-01-27 00:00:00.000,2012-01-27 00:00:00.000,1,Chhattisgarh,Raigarh,2,1,1,Clear,1,1,1,0,0,1,0
90785,2012,2012-01-12 00:00:00.000,2012-01-12 00:00:00.000,1,Jharkhand,Ranchi,1,1,1,Clear,1,1,1,0,1,0,0
90786,2012,2012-01-01 00:00:00.000,2012-03-15 00:00:00.000,1,Andhra Pradesh,Visakhapatnam,1,5,1,Clear,1,1,1,0,1,0,0
90787,2012,2012-01-02 00:00:00.000,2012-01-02 00:00:00.000,1,Bihar,Rohtas (Sasaram),3,1,1,Clear,3,3,3,0,0,3,0
90788,2012,2012-01-04 00:00:00.000,2012-01-04 00:00:00.000,1,Odisha,Kandhamal,3,1,1,Clear,1,1,1,0,0,1,0
90789,2012,2012-01-05 00:00:00.000,2012-01-05 00:00:00.000,1,Odisha,Kandhamal,2,1,1,Clear,3,3,3,0,3,0,0
90790,2012,2012-01-21 00:00:00.000,2012-01-21 00:00:00.000,1,Jharkhand,Garhwa,2,1,1,Clear,13,13,13,0,12,0,1
90791,2012,2012-01-16 00:00:00.000,2012-01-16 00:00:00.000,1,Jharkhand,Palamu,1,1,1,Clear,1,1,1,1,0,0,0
90792,2012,2012-01-21 00:00:00.000,2012-01-21 00:00:00.000,1,Odisha,Rayagada,2,1,1,Clear,1,1,1,0,0,1,0
90793,2012,2012-01-26 00:00:00.000,2012-01-26 00:00:00.000,1,Odisha,Koraput,2,1,1,Clear,2,2,2,0,0,2,0
90794,2012,2012-02-05 00:00:00.000,2012-02-05 00:00:00.000,1,West Bengal,West Midnapore,3,1,1,Clear,1,1,1,0,0,1,0
90795,2012,2012-01-22 00:00:00.000,2012-01-22 00:00:00.000,1,Chhattisgarh,Bastar,3,1,1,Clear,4,4,4,0,4,0,0
90796,2012,2012-01-28 00:00:00.000,2012-01-28 00:00:00.000,1,Maharashtra,Gadchiroli,1,1,1,Clear,1,1,1,0,1,0,0
90797,2012,2012-01-31 00:00:00.000,2012-02-26 00:00:00.000,1,Chhattisgarh,Bijapur,3,4,1,Clear,2,2,2,0,2,0,0
90798,2012,2012-02-01 00:00:00.000,2012-02-01 00:00:00.000,1,Jharkhand,Latehar,1,1,1,Clear,3,3,3,0,3,0,0
90799,2012,2012-02-02 00:00:00.000,2012-02-02 00:00:00.000,1,Jharkhand,Palamu,2,1,1,Clear,3,3,3,0,3,0,0
90800,2012,2012-03-22 00:00:00.000,2012-03-22 00:00:00.000,1,Odisha,Malkangiri,1,1,1,Clear,1,1,1,0,1,0,0
90801,2012,2012-02-09 00:00:00.000,2012-02-09 00:00:00.000,1,Chhattisgarh,Sukma,3,1,1,Clear,2,2,2,0,2,0,0
90802,2012,2012-02-10 00:00:00.000,2012-02-10 00:00:00.000,1,Odisha,Malkangiri,2,1,1,Clear,4,4,4,0,4,0,0
90803,2012,2012-02-20 00:00:00.000,2012-02-20 00:00:00.000,1,Andhra Pradesh,Khammam,2,1,1,Clear,1,1,1,0,0,1,0
90804,2012,2012-02-23 00:00:00.000,2012-02-23 00:00:00.000,1,Jharkhand,Latehar,1,1,1,Clear,1,1,1,1,0,0,0
90805,2012,2012-02-25 00:00:00.000,2012-02-25 00:00:00.000,1,Chhattisgarh,Bijapur,2,1,1,Clear,1,1,1,0,1,0,0
90806,2012,2012-03-14 00:00:00.000,2012-03-14 00:00:00.000,1,Chhattisgarh,Kanker,1,1,1,Clear,3,3,3,0,3,0,0
90807,2012,2012-03-18 00:00:00.000,2012-03-18 00:00:00.000,1,Odisha,Koraput,1,1,1,Clear,2,2,2,0,2,0,0
90808,2012,2012-03-22 00:00:00.000,2012-03-22 00:00:00.000,1,Chhattisgarh,Sukma,2,1,1,Clear,1,1,1,0,1,0,0
90809,2012,2012-03-26 00:00:00.000,2012-03-26 00:00:00.000,1,Chhattisgarh,Sukma,3,1,1,Clear,1,11,1,0,1,0,0
90810,2012,2012-03-27 00:00:00.000,2012-03-27 00:00:00.000,1,Maharashtra,Gadchiroli,2,1,1,Clear,13,13,13,0,13,0,0
90811,2012,2012-04-03 00:00:00.000,2012-04-03 00:00:00.000,1,Odisha,Keonjhar,2,1,1,Clear,1,1,1,0,0,1,0
90812,2012,2012-04-21 00:00:00.000,2012-04-21 00:00:00.000,1,Chhattisgarh,Sukma,2,1,1,Clear,2,2,2,0,2,0,0
90813,2012,2012-04-26 00:00:00.000,2012-04-26 00:00:00.000,1,Andhra Pradesh,Visakhapatnam,3,1,1,Clear,1,1,1,0,1,0,0
90814,2012,2012-04-05 00:00:00.000,2012-04-05 00:00:00.000,1,Chhattisgarh,Sukma,2,1,1,Clear,6,6,1,0,6,0,0
90815,2012,2012-04-20 00:00:00.000,2012-04-20 00:00:00.000,1,Chhattisgarh,Bijapur,3,1,1,Clear,3,3,3,3,0,0,0
90816,2012,2012-04-11 00:00:00.000,2012-04-11 00:00:00.000,1,Chhattisgarh,Sukma,2,1,1,Clear,2,2,2,2,0,0,0
90817,2012,2012-04-19 00:00:00.000,2012-04-19 00:00:00.000,1,Maharashtra,Gadchiroli,1,1,1,Clear,1,1,1,0,1,0,0
90818,2012,2012-04-26 00:00:00.000,2012-04-26 00:00:00.000,1,Andhra Pradesh,Visakhapatnam,1,1,1,Clear,1,1,1,0,1,0,0
90819,2012,2012-05-02 00:00:00.000,2012-05-02 00:00:00.000,1,Chhattisgarh,Dantewada,2,1,1,Clear,2,2,2,0,2,0,0
90820,2012,2012-05-08 00:00:00.000,2012-05-08 00:00:00.000,1,Odisha,Nuapada,3,1,1,Clear,1,1,1,0,1,0,0
90821,2012,2012-05-10 00:00:00.000,2012-05-10 00:00:00.000,1,Andhra Pradesh,Visakhapatnam,2,1,1,Clear,2,2,2,2,0,0,0
90822,2012,2012-05-23 00:00:00.000,2012-05-23 00:00:00.000,1,Maharashtra,Gadchiroli,3,1,1,Clear,1,1,1,0,0,1,0
90823,2012,2012-05-09 00:00:00.000,2012-05-09 00:00:00.000,1,Assam,Tinsukia,1,1,1,Clear,4,4,4,0,0,4,0
90824,2012,2012-04-05 00:00:00.000,2012-04-05 00:00:00.000,1,Jharkhand,Latehar,2,1,1,Clear,8,8,8,0,2,6,0
90825,2012,2012-05-13 00:00:00.000,2012-05-13 00:00:00.000,1,Chhattisgarh,Dantewada,1,1,1,Clear,7,7,7,1,6,0,0
90826,2012,2012-05-13 00:00:00.000,2012-05-13 00:00:00.000,1,Chhattisgarh,Kanker,2,1,1,Clear,1,1,1,0,1,0,0
90827,2012,2012-05-14 00:00:00.000,2012-05-14 00:00:00.000,1,Jharkhand,West Singhbhum,1,1,1,Clear,1,1,1,0,0,1,0
90828,2012,2012-05-15 00:00:00.000,2012-05-15 00:00:00.000,1,Odisha,Keonjhar,2,1,1,Clear,1,1,1,0,1,0,0
90829,2012,2012-05-22 00:00:00.000,2012-05-22 00:00:00.000,1,Chhattisgarh,Bijapur,3,1,1,Clear,1,1,1,0,1,0,0
90830,2012,2012-05-17 00:00:00.000,2012-05-17 00:00:00.000,1,Chhattisgarh,Kondagaon,1,1,1,Clear,1,1,1,0,1,0,0
90831,2012,2012-05-26 00:00:00.000,2012-05-26 00:00:00.000,1,Madhya Pradesh,Balaghat,3,1,1,Clear,1,1,1,0,0,1,0
90832,2012,2012-06-18 00:00:00.000,2012-06-18 00:00:00.000,1,Odisha,Bargarh,2,1,1,Clear,1,2,0,0,0,1,0
90833,2012,2012-06-02 00:00:00.000,2012-06-02 00:00:00.000,1,Chhattisgarh,Dhamtari,1,1,1,Clear,2,2,2,0,0,2,0
90834,2012,2012-06-02 00:00:00.000,2012-06-02 00:00:00.000,1,Chhattisgarh,Kondagaon,2,1,1,Clear,1,1,1,0,1,0,0
90835,2012,2012-06-06 00:00:00.000,2012-06-06 00:00:00.000,1,Jharkhand,West Singhbhum,3,1,1,Clear,1,1,1,0,1,0,0
90836,2012,2012-06-29 00:00:00.000,2012-06-29 00:00:00.000,1,Chhattisgarh,Sukma,2,1,1,Clear,2,2,2,0,0,2,0
90837,2012,2012-06-08 00:00:00.000,2012-06-08 00:00:00.000,1,Chhattisgarh,Kondagaon,1,1,1,Clear,1,1,1,1,0,0,0
90838,2012,2012-06-10 00:00:00.000,2012-06-10 00:00:00.000,1,Bihar,Gaya,2,1,1,Clear,4,4,3,0,2,0,2
90839,2012,2012-06-10 00:00:00.000,2012-06-10 00:00:00.000,1,Chhattisgarh,Bijapur,1,1,1,Clear,1,1,1,0,0,1,0
90840,2012,2012-06-23 00:00:00.000,2012-06-23 00:00:00.000,1,Chhattisgarh,Rajnandgaon,3,1,1,Clear,1,1,1,0,1,0,0
90841,2012,2012-07-22 00:00:00.000,2012-07-24 00:00:00.000,1,Jharkhand,Khunti,3,2,1,Clear,2,2,2,0,2,0,0
90842,2012,2012-06-26 00:00:00.000,2012-06-26 00:00:00.000,1,Jharkhand,Dhanbad,2,1,1,Clear,1,1,1,0,1,0,0
90843,2012,2012-06-28 00:00:00.000,2012-06-29 00:00:00.000,1,Chhattisgarh,Bijapur,1,2,1,Clear,17,17,17,12,0,2,3
90844,2012,2012-06-29 00:00:00.000,2012-06-29 00:00:00.000,1,Chhattisgarh,Bastar,3,1,1,Clear,2,2,2,0,0,2,0
90845,2012,2012-07-03 00:00:00.000,2012-07-03 00:00:00.000,1,Chhattisgarh,Dantewada,1,1,1,Clear,1,1,1,0,1,0,0
90846,2012,2012-07-20 00:00:00.000,2012-07-20 00:00:00.000,1,Jharkhand,Chatra,2,1,1,Clear,1,1,1,0,0,1,0
90847,2012,2012-08-03 00:00:00.000,2012-08-03 00:00:00.000,1,Jharkhand,Palamu,1,1,1,Clear,0,2,0,0,0,0,0
90848,2012,2012-07-18 00:00:00.000,2012-07-18 00:00:00.000,1,Chhattisgarh,Dhamtari,2,1,1,Clear,2,2,2,0,0,2,0
90849,2012,2012-07-23 00:00:00.000,2012-07-23 00:00:00.000,1,Jharkhand,Khunti,3,1,1,Clear,2,2,2,0,2,0,0
90850,2012,2012-08-06 00:00:00.000,2012-08-06 00:00:00.000,1,Chhattisgarh,Dantewada,3,1,1,Clear,1,1,1,0,1,0,0
90851,2012,2012-07-29 00:00:00.000,2012-07-29 00:00:00.000,1,Odisha,Malkangiri,1,1,1,Clear,1,1,1,0,1,0,0
90852,2012,2012-08-01 00:00:00.000,2012-08-01 00:00:00.000,1,Chhattisgarh,Narayanpur,1,1,1,Clear,1,1,1,0,1,0,0
90853,2012,2012-08-03 00:00:00.000,2012-08-03 00:00:00.000,1,Chhattisgarh,Kanker,2,1,1,Clear,1,1,1,0,0,1,0
90854,2012,2012-08-06 00:00:00.000,2012-08-06 00:00:00.000,1,Chhattisgarh,Dantewada,2,1,1,Clear,1,1,1,0,1,0,0
90855,2012,2012-08-13 00:00:00.000,2012-08-13 00:00:00.000,1,Odisha,Bargarh,1,1,1,Clear,1,1,1,0,1,0,0
90856,2012,2012-08-07 00:00:00.000,2012-08-07 00:00:00.000,1,Chhattisgarh,Bijapur,2,1,1,Clear,2,2,2,0,2,0,0
90857,2012,2012-09-05 00:00:00.000,2012-09-05 00:00:00.000,1,Karnataka,Dakshina Kannada,2,1,1,Clear,1,1,1,0,0,1,0
90858,2012,2012-10-31 00:00:00.000,2012-10-31 00:00:00.000,1,Chhattisgarh,Bijapur,2,1,1,Clear,1,1,1,0,0,1,0
90859,2012,2012-08-07 00:00:00.000,2012-08-07 00:00:00.000,1,Chhattisgarh,Dantewada,3,1,1,Clear,2,2,2,0,2,0,0
90860,2012,2012-08-30 00:00:00.000,2012-08-30 00:00:00.000,1,Odisha,Malkangiri,2,1,1,Clear,1,1,1,0,0,1,0
90861,2012,2012-08-29 00:00:00.000,2012-08-29 00:00:00.000,1,Chhattisgarh,Sukma,2,1,1,Clear,1,1,1,1,0,0,0
90862,2012,2012-09-01 00:00:00.000,2012-09-01 00:00:00.000,1,Odisha,Koraput,2,1,1,Clear,1,1,1,0,1,0,0
90863,2012,2012-09-09 00:00:00.000,2012-09-09 00:00:00.000,1,Bihar,Aurangabad,3,1,1,Clear,1,7,1,0,1,0,0
90864,2012,2012-09-09 00:00:00.000,2012-09-09 00:00:00.000,1,Bihar,Aurangabad,3,1,1,Clear,7,7,7,0,1,6,0
90865,2012,2012-09-18 00:00:00.000,2012-09-18 00:00:00.000,1,Jharkhand,Chatra,2,1,1,Clear,1,3,1,0,0,1,0
90866,2012,2012-09-24 00:00:00.000,2012-09-24 00:00:00.000,1,Chhattisgarh,Narayanpur,3,1,1,Clear,1,1,1,0,0,1,0
90867,2012,2012-09-19 00:00:00.000,2012-09-19 00:00:00.000,1,Bihar,Jamui,3,1,1,Clear,1,1,1,0,1,0,0
90868,2012,2012-09-19 00:00:00.000,2012-09-19 00:00:00.000,1,Chhattisgarh,Sukma,1,1,1,Clear,1,1,1,0,1,0,0
90869,2012,2012-09-20 00:00:00.000,2012-09-20 00:00:00.000,1,Odisha,Nabarangpur,1,1,1,Clear,1,1,1,0,1,0,0
90870,2012,2012-09-25 00:00:00.000,2012-09-25 00:00:00.000,1,Odisha,Malkangiri,2,1,1,Clear,2,2,2,0,2,0,0
90871,2012,2012-10-02 00:00:00.000,2012-10-02 00:00:00.000,1,Maharashtra,Gadchiroli,1,1,1,Clear,1,1,1,0,0,1,0
90872,2012,2012-09-28 00:00:00.000,2012-09-28 00:00:00.000,1,Bihar,Vaishali,1,1,1,Clear,1,1,1,0,1,0,0
90873,2012,2012-10-01 00:00:00.000,2012-10-01 00:00:00.000,1,West Bengal,West Midnapore,2,1,1,Clear,2,2,2,0,2,0,0
90874,2012,2012-10-02 00:00:00.000,2012-10-02 00:00:00.000,1,Chhattisgarh,Bijapur,1,1,1,Clear,1,1,1,0,0,1,0
90875,2012,2012-10-18 00:00:00.000,2012-10-18 00:00:00.000,1,Bihar,Gaya,2,1,1,Clear,6,6,6,1,5,0,0
90876,2012,2012-11-06 00:00:00.000,2012-11-06 00:00:00.000,1,Chhattisgarh,Bijapur,2,1,1,Clear,1,1,1,0,1,0,0
90877,2012,2012-10-18 00:00:00.000,2012-10-18 00:00:00.000,1,Odisha,Koraput,2,1,1,Clear,1,1,1,0,1,0,0
90878,2012,2012-10-26 00:00:00.000,2012-10-26 00:00:00.000,1,Odisha,Malkangiri,1,1,1,Clear,1,1,1,0,1,0,0
90879,2012,2012-11-04 00:00:00.000,2012-11-04 00:00:00.000,1,Chhattisgarh,Dantewada,1,1,1,Clear,2,2,2,0,2,0,0
90880,2012,2012-11-06 00:00:00.000,2012-11-06 00:00:00.000,1,Chhattisgarh,Bijapur,1,1,1,Clear,1,1,1,0,0,1,0
90881,2012,2012-11-09 00:00:00.000,2012-11-09 00:00:00.000,1,Jharkhand,Giridih,1,1,1,Clear,4,4,4,0,3,0,1
90882,2012,2012-11-26 00:00:00.000,2012-11-26 00:00:00.000,1,Jharkhand,Bokaro,2,1,1,Clear,1,1,1,1,0,0,0
90883,2012,2012-11-11 00:00:00.000,2012-11-12 00:00:00.000,1,Odisha,Unspecified,4,2,1,Clear,5,5,5,0,0,5,0
90884,2012,2012-11-12 00:00:00.000,2012-11-12 00:00:00.000,1,Chhattisgarh,Bijapur,2,1,1,Clear,4,4,4,0,0,4,0
90885,2012,2012-11-18 00:00:00.000,2012-11-18 00:00:00.000,1,Chhattisgarh,Kondagaon,1,1,1,Clear,1,1,1,0,1,0,0
90886,2012,2012-11-25 00:00:00.000,2012-11-25 00:00:00.000,1,Maharashtra,Gadchiroli,2,1,1,Clear,1,1,1,0,0,1,0
90887,2012,2012-11-20 00:00:00.000,2012-11-20 00:00:00.000,1,Maharashtra,Gadchiroli,1,1,1,Clear,1,1,1,0,1,0,0
90888,2012,2012-11-23 00:00:00.000,2012-11-23 00:00:00.000,1,Odisha,Koraput,1,1,1,Clear,1,1,1,0,1,0,0
90889,2012,2012-12-04 00:00:00.000,2012-12-04 00:00:00.000,1,Maharashtra,Gadchiroli,2,1,1,Clear,1,1,0,0,0,1,0
90890,2012,2012-12-13 00:00:00.000,2012-12-13 00:00:00.000,1,Chhattisgarh,Bastar,2,1,1,Clear,1,9,1,0,0,0,1
90891,2012,2012-12-14 00:00:00.000,2012-12-14 00:00:00.000,1,Chhattisgarh,Bijapur,2,1,1,Clear,1,1,1,0,0,1,0
90892,2012,2012-11-09 00:00:00.000,2012-11-09 00:00:00.000,1,Andhra Pradesh,Karimnagar,1,1,1,Clear,1,1,1,0,0,1,0
90894,2012,2012-12-27 00:00:00.000,2012-12-27 00:00:00.000,1,Chhattisgarh,Bijapur,1,1,1,Clear,1,1,1,0,1,0,0
90895,2012,2012-11-09 00:00:00.000,2012-11-09 00:00:00.000,1,Jharkhand,Latehar,2,1,1,Clear,0,1,0,0,0,0,0
90896,2012,2012-11-03 00:00:00.000,2012-11-03 00:00:00.000,1,Odisha,Bolangir,2,1,1,Clear,0,1,0,0,0,0,0
90897,2012,2012-11-12 00:00:00.000,2012-11-12 00:00:00.000,1,Andhra Pradesh,Khammam,2,1,1,Clear,1,1,1,0,0,1,0
90898,2012,2012-06-12 00:00:00.000,2012-06-12 00:00:00.000,1,Jharkhand,Giridih,1,1,1,Clear,1,1,1,0,0,0,1
378760,2012,2012-04-02 00:00:00.000,2012-04-02 00:00:00.000,3,Maharashtra,Gadchiroli,2,1,1,Clear,1,1,1,1,0,0,0
61630,2013,2013-01-02 00:00:00.000,2013-01-02 00:00:00.000,1,Chhattisgarh,Bijapur,1,1,1,Clear,1,1,1,0,1,0,0
61636,2013,2013-01-03 00:00:00.000,2013-01-04 00:00:00.000,3,Jharkhand,Garhwa,1,2,1,Clear,1,1,1,1,0,0,0
61637,2013,2013-01-03 00:00:00.000,2013-01-04 00:00:00.000,3,Jharkhand,Garhwa,1,2,1,Clear,1,1,1,1,0,0,0
61643,2013,2013-01-07 00:00:00.000,2013-01-09 00:00:00.000,1,Jharkhand,Latehar,2,2,1,Clear,14,15,14,4,10,0,0
61671,2013,2013-01-11 00:00:00.000,2013-01-12 00:00:00.000,3,Chhattisgarh,Bijapur,2,2,1,Clear,1,1,0,1,0,0,0
61701,2013,2013-01-18 00:00:00.000,2013-01-18 00:00:00.000,1,Chhattisgarh,Dantewada,2,1,1,Clear,1,1,0,0,1,0,0
61705,2013,2013-01-17 00:00:00.000,2013-01-17 00:00:00.000,3,Chhattisgarh,Bijapur,2,1,1,Clear,1,1,0,1,0,0,0
61706,2013,2013-01-19 00:00:00.000,2013-01-19 00:00:00.000,1,Chhattisgarh,Kanker,2,1,1,Clear,2,2,2,0,0,2,0
61729,2013,2013-01-20 00:00:00.000,2013-01-20 00:00:00.000,1,Maharashtra,Gadchiroli,2,1,1,Clear,6,6,6,0,0,6,0
61795,2013,2013-01-27 00:00:00.000,2013-01-27 00:00:00.000,3,Chhattisgarh,Rajnandgaon,1,1,1,Clear,1,1,0,1,0,0,0
61810,2013,2013-01-29 00:00:00.000,2013-01-29 00:00:00.000,3,Odisha,Malkangiri,1,1,1,Clear,1,1,0,1,0,0,0
61818,2013,2013-02-01 00:00:00.000,2013-02-01 00:00:00.000,1,Jharkhand,Khunti,1,1,1,Clear,1,1,0,0,0,1,0
61822,2013,2013-02-05 00:00:00.000,2013-02-05 00:00:00.000,1,Jharkhand,Giridih,2,1,1,Clear,1,1,0,0,1,0,0
61848,2013,2013-02-12 00:00:00.000,2013-02-13 00:00:00.000,3,Chhattisgarh,Sukma,1,2,1,Clear,1,1,1,1,0,0,0
63841,2013,2013-02-20 00:00:00.000,2013-02-20 00:00:00.000,3,Bihar,Munger,1,1,1,Clear,3,3,0,3,0,0,0
63842,2013,2013-02-19 00:00:00.000,2013-02-19 00:00:00.000,3,Bihar,Jamui,2,1,1,Clear,1,1,0,1,0,0,0
63862,2013,2013-02-22 00:00:00.000,2013-02-22 00:00:00.000,1,Bihar,Gaya,2,1,1,Clear,8,8,8,0,8,0,0
63902,2013,2013-02-25 00:00:00.000,2013-02-25 00:00:00.000,1,Chhattisgarh,Bijapur,1,1,1,Clear,2,2,2,0,0,2,0
63921,2013,2013-03-01 00:00:00.000,2013-03-01 00:00:00.000,1,Chhattisgarh,Narayanpur,3,1,1,Clear,1,1,1,0,0,1,0
63937,2013,2013-03-03 00:00:00.000,2013-03-03 00:00:00.000,3,Jharkhand,Seraikela-Kharsawan,3,1,1,Clear,1,1,0,1,0,0,0
64036,2013,2013-03-04 00:00:00.000,2013-03-04 00:00:00.000,3,Odisha,Malkangiri,1,1,1,Clear,1,1,1,1,0,0,0
64126,2013,2013-03-09 00:00:00.000,2013-03-09 00:00:00.000,1,Chhattisgarh,Bijapur,1,1,1,Clear,2,2,2,1,0,0,1
64212,2013,2013-03-12 00:00:00.000,2013-03-12 00:00:00.000,1,Chhattisgarh,Dantewada,2,1,1,Clear,1,1,1,0,1,0,0
64228,2013,2013-03-13 00:00:00.000,2013-03-13 00:00:00.000,1,Jharkhand,Gumla,2,1,1,Clear,2,2,2,0,1,1,0
64267,2013,2013-03-10 00:00:00.000,2013-03-10 00:00:00.000,3,Jharkhand,West Singhbhum,3,1,1,Clear,6,6,6,6,0,0,0
64271,2013,2013-03-15 00:00:00.000,2013-03-15 00:00:00.000,1,Jharkhand,West Singhbhum,2,1,1,Clear,1,1,1,0,0,1,0
64338,2013,2013-03-17 00:00:00.000,2013-03-17 00:00:00.000,1,Maharashtra,Gondia,2,1,1,Clear,0,1,0,0,0,0,0
64376,2013,2013-03-21 00:00:00.000,2013-03-21 00:00:00.000,3,Bihar,Aurangabad,1,1,1,Clear,1,1,0,1,0,0,0
64459,2013,2013-04-02 00:00:00.000,2013-04-03 00:00:00.000,3,Odisha,Malkangiri,1,2,1,Clear,1,1,1,1,0,0,0
64492,2013,2013-04-04 00:00:00.000,2013-04-04 00:00:00.000,1,Maharashtra,Gadchiroli,2,1,1,Clear,5,7,5,0,0,4,1
64502,2013,2013-04-04 00:00:00.000,2013-04-04 00:00:00.000,1,Jharkhand,Gumla,2,1,1,Clear,5,5,5,0,5,0,0
64611,2013,2013-04-12 00:00:00.000,2013-04-12 00:00:00.000,1,Maharashtra,Gadchiroli,2,1,1,Clear,7,7,7,2,1,4,0
64620,2013,2013-04-13 00:00:00.000,2013-04-13 00:00:00.000,3,Bihar,Darbhanga,3,1,1,Clear,0,1,0,0,0,0,0
64642,2013,2013-04-16 00:00:00.000,2013-04-16 00:00:00.000,1,Chhattisgarh,Sukma,1,1,1,Clear,9,10,9,0,0,9,0
64679,2013,2013-04-18 00:00:00.000,2013-04-18 00:00:00.000,1,Chhattisgarh,Bijapur,2,1,1,Clear,1,1,1,0,1,0,0
64715,2013,2013-04-20 00:00:00.000,2013-04-21 00:00:00.000,3,Chhattisgarh,Raigarh,1,2,1,Clear,1,1,0,1,0,0,0
64747,2013,2013-04-25 00:00:00.000,2013-04-25 00:00:00.000,3,Odisha,Malkangiri,2,1,1,Clear,2,2,2,2,0,0,0
64789,2013,2013-04-27 00:00:00.000,2013-04-27 00:00:00.000,1,Chhattisgarh,Kanker,2,1,1,Clear,2,2,2,0,2,0,0
64804,2013,2013-04-29 00:00:00.000,2013-04-29 00:00:00.000,1,Jharkhand,Latehar,3,1,1,Clear,3,7,3,0,0,3,0
64806,2013,2013-04-29 00:00:00.000,2013-04-29 00:00:00.000,3,Chhattisgarh,Dantewada,1,1,1,Clear,1,1,0,1,0,0,0
64818,2013,2013-05-01 00:00:00.000,2013-05-01 00:00:00.000,3,Jharkhand,Khunti,1,1,1,Clear,2,2,0,2,0,0,0
64826,2013,2013-04-30 00:00:00.000,2013-05-01 00:00:00.000,1,Chhattisgarh,Narayanpur,1,2,1,Clear,2,2,2,0,0,2,0
64843,2013,2013-05-01 00:00:00.000,2013-05-01 00:00:00.000,3,Andhra Pradesh,Khammam,2,1,1,Clear,1,1,0,1,0,0,0
64874,2013,2013-04-30 00:00:00.000,2013-05-04 00:00:00.000,1,Odisha,Malkangiri,2,2,1,Clear,1,1,0,0,1,0,0
64895,2013,2013-05-08 00:00:00.000,2013-05-08 00:00:00.000,1,Chhattisgarh,Sukma,2,1,1,Clear,1,1,1,0,1,0,0
64952,2013,2013-05-12 00:00:00.000,2013-05-12 00:00:00.000,1,Chhattisgarh,Bastar,1,1,1,Clear,3,3,3,0,3,0,0
64959,2013,2013-05-12 00:00:00.000,2013-05-12 00:00:00.000,3,Chhattisgarh,Bijapur,1,1,1,Clear,1,1,1,1,0,0,0
64966,2013,2013-05-13 00:00:00.000,2013-05-13 00:00:00.000,1,Jharkhand,Seraikela-Kharsawan,2,1,1,Clear,1,2,1,0,0,1,0
65009,2013,2013-05-13 00:00:00.000,2013-05-14 00:00:00.000,3,Odisha,Malkangiri,2,2,1,Clear,1,1,0,1,0,0,0
65032,2013,2013-05-17 00:00:00.000,2013-05-18 00:00:00.000,1,Chhattisgarh,Bijapur,2,2,1,Clear,9,9,9,8,1,0,0
65064,2013,2013-05-17 00:00:00.000,2013-05-18 00:00:00.000,1,Chhattisgarh,Bijapur,2,2,1,Clear,1,1,1,0,0,1,0
65083,2013,2013-05-19 00:00:00.000,2013-05-19 00:00:00.000,1,Maharashtra,Gadchiroli,2,1,1,Clear,1,1,1,0,0,1,0
65170,2013,2013-05-24 00:00:00.000,2013-05-25 00:00:00.000,1,Odisha,Malkangiri,1,2,1,Clear,1,1,1,0,1,0,0
65174,2013,2013-05-25 00:00:00.000,2013-05-25 00:00:00.000,3,Chhattisgarh,Sukma,2,1,1,Clear,30,30,30,20,0,0,10
65339,2013,2013-06-01 00:00:00.000,2013-06-01 00:00:00.000,1,Chhattisgarh,Gariaband,2,1,1,Clear,1,1,1,0,1,0,0
65434,2013,2013-06-08 00:00:00.000,2013-06-08 00:00:00.000,1,Chhattisgarh,Rajnandgaon,2,1,1,Clear,1,1,1,0,0,1,0
65466,2013,2013-06-12 00:00:00.000,2013-06-12 00:00:00.000,1,Chhattisgarh,Narayanpur,2,1,1,Clear,1,1,1,0,0,1,0
65467,2013,2013-06-13 00:00:00.000,2013-06-13 00:00:00.000,3,Maharashtra,Gadchiroli,2,1,1,Clear,3,3,0,2,0,0,1
65476,2013,2013-06-13 00:00:00.000,2013-06-13 00:00:00.000,1,Bihar,Jamui,1,1,1,Clear,3,3,3,1,2,0,0
65493,2013,2013-06-17 00:00:00.000,2013-06-17 00:00:00.000,1,Chhattisgarh,Kondagaon,3,1,1,Clear,1,1,1,0,1,0,0
65494,2013,2013-06-21 00:00:00.000,2013-06-21 00:00:00.000,1,Chhattisgarh,Kondagaon,1,1,1,Clear,1,1,1,0,1,0,0
65498,2013,2013-06-19 00:00:00.000,2013-06-19 00:00:00.000,3,Maharashtra,Gondia,1,1,1,Clear,1,1,0,1,0,0,0
65503,2013,2013-06-21 00:00:00.000,2013-06-21 00:00:00.000,1,Chhattisgarh,Bijapur,1,1,1,Clear,1,1,1,0,0,1,0
65550,2013,2013-06-24 00:00:00.000,2013-06-24 00:00:00.000,3,Bihar,Muzaffarpur,1,1,1,Clear,2,2,0,2,0,0,0
65582,2013,2013-06-27 00:00:00.000,2013-06-27 00:00:00.000,1,Jharkhand,Latehar,2,1,1,Clear,0,8,0,0,0,0,0
65595,2013,2013-07-02 00:00:00.000,2013-07-02 00:00:00.000,1,Jharkhand,Dumka,1,1,1,Clear,6,6,6,0,6,0,0
65713,2013,2013-07-03 00:00:00.000,2013-07-03 00:00:00.000,3,Andhra Pradesh,Khammam,2,1,1,Clear,0,1,0,0,0,0,0
65745,2013,2013-07-03 00:00:00.000,2013-07-03 00:00:00.000,3,Maharashtra,Gadchiroli,1,1,1,Clear,1,1,1,1,0,0,0
65846,2013,2013-07-07 00:00:00.000,2013-07-07 00:00:00.000,1,Maharashtra,Gadchiroli,2,1,1,Clear,6,6,6,0,0,6,0
65862,2013,2013-07-07 00:00:00.000,2013-07-08 00:00:00.000,3,Odisha,Malkangiri,1,2,1,Clear,2,2,0,2,0,0,0
65926,2013,2013-07-13 00:00:00.000,2013-07-13 00:00:00.000,3,Maharashtra,Gadchiroli,1,1,1,Clear,1,1,1,1,0,0,0
65957,2013,2013-07-01 00:00:00.000,2013-07-31 00:00:00.000,1,Andhra Pradesh,Visakhapatnam,2,4,1,Clear,1,1,1,0,0,1,0
65986,2013,2013-07-15 00:00:00.000,2013-07-15 00:00:00.000,1,Chhattisgarh,Bijapur,1,1,1,Clear,1,1,1,0,0,1,0
66004,2013,2013-07-17 00:00:00.000,2013-07-17 00:00:00.000,3,Odisha,Koraput,1,1,1,Clear,1,1,1,1,0,0,0
66006,2013,2013-07-16 00:00:00.000,2013-07-16 00:00:00.000,1,Maharashtra,Gadchiroli,1,1,1,Clear,1,1,1,0,0,0,1
66007,2013,2013-07-17 00:00:00.000,2013-07-17 00:00:00.000,1,Bihar,Aurangabad,2,1,1,Clear,5,5,5,0,3,0,2
66013,2013,2013-07-18 00:00:00.000,2013-07-19 00:00:00.000,1,Odisha,Rayagada,2,2,1,Clear,3,3,3,0,0,3,0
66066,2013,2013-07-21 00:00:00.000,2013-07-21 00:00:00.000,1,Chhattisgarh,Sukma,2,1,1,Clear,1,1,1,0,0,1,0
66071,2013,2013-07-23 00:00:00.000,2013-07-23 00:00:00.000,3,Jharkhand,West Singhbhum,1,1,1,Clear,1,1,1,1,0,0,0
66088,2013,2013-07-26 00:00:00.000,2013-07-26 00:00:00.000,3,Bihar,Muzaffarpur,2,1,1,Clear,0,1,0,0,0,0,0
66105,2013,2013-07-28 00:00:00.000,2013-07-28 00:00:00.000,1,Chhattisgarh,Narayanpur,3,1,1,Clear,1,1,1,0,1,0,0
66130,2013,2013-07-31 00:00:00.000,2013-07-31 00:00:00.000,3,Chhattisgarh,Kanker,1,1,1,Clear,1,1,1,1,0,0,0
66160,2013,2013-08-03 00:00:00.000,2013-08-08 00:00:00.000,3,Jharkhand,Bokaro,2,2,1,Clear,1,1,1,1,0,0,0
66162,2013,2013-08-09 00:00:00.000,2013-08-09 00:00:00.000,1,Chhattisgarh,Sukma,1,1,1,Clear,1,1,1,0,1,0,0
66180,2013,2013-08-11 00:00:00.000,2013-08-11 00:00:00.000,3,Odisha,Koraput,1,1,1,Clear,1,1,1,1,0,0,0
66184,2013,2013-08-13 00:00:00.000,2013-08-13 00:00:00.000,1,Chhattisgarh,Narayanpur,3,1,1,Clear,4,4,4,0,3,1,0
66565,2013,2013-08-23 00:00:00.000,2013-08-23 00:00:00.000,1,Odisha,Koraput,2,1,1,Clear,1,1,1,0,0,1,0
66568,2013,2013-08-27 00:00:00.000,2013-08-27 00:00:00.000,1,Odisha,Koraput,2,1,1,Clear,4,4,4,0,4,0,0
66569,2013,2013-08-27 00:00:00.000,2013-08-27 00:00:00.000,1,Chhattisgarh,Kondagaon,2,1,1,Clear,2,2,2,0,2,0,0
66570,2013,2013-08-26 00:00:00.000,2013-08-26 00:00:00.000,1,Chhattisgarh,Narayanpur,2,1,1,Clear,2,2,2,0,0,2,0
66572,2013,2013-08-28 00:00:00.000,2013-08-29 00:00:00.000,1,Chhattisgarh,Bijapur,2,2,1,Clear,1,1,1,0,0,1,0
66584,2013,2013-08-30 00:00:00.000,2013-08-30 00:00:00.000,1,Odisha,Bolangir,2,1,1,Clear,1,1,1,0,0,1,0
66597,2013,2013-09-03 00:00:00.000,2013-09-03 00:00:00.000,1,Jharkhand,West Singhbhum,2,1,1,Clear,1,1,1,0,1,0,0
66626,2013,2013-09-06 00:00:00.000,2013-09-06 00:00:00.000,3,Chhattisgarh,Bastar,2,1,1,Clear,1,1,1,1,0,0,0
66628,2013,2013-09-06 00:00:00.000,2013-09-06 00:00:00.000,1,Odisha,Bolangir,2,1,1,Clear,1,1,1,0,0,1,0
66697,2013,2013-09-09 00:00:00.000,2013-09-09 00:00:00.000,3,Odisha,Malkangiri,1,1,1,Clear,1,1,1,1,0,0,0
66732,2013,2013-09-11 00:00:00.000,2013-09-11 00:00:00.000,1,Odisha,Rayagada,2,1,1,Clear,1,1,1,0,0,1,0
66786,2013,2013-09-14 00:00:00.000,2013-09-14 00:00:00.000,1,Odisha,Malkangiri,2,1,1,Clear,13,13,13,0,0,13,0
66793,2013,2013-09-16 00:00:00.000,2013-09-16 00:00:00.000,1,Bihar,Gaya,1,1,1,Clear,2,2,2,0,2,0,0
66795,2013,2013-09-17 00:00:00.000,2013-09-17 00:00:00.000,1,Chhattisgarh,Bijapur,2,1,1,Clear,2,2,2,0,1,1,0
66820,2013,2013-09-20 00:00:00.000,2013-09-20 00:00:00.000,1,Bihar,Jamui,1,1,1,Clear,1,1,1,0,1,0,0
67164,2013,2013-10-07 00:00:00.000,2013-10-08 00:00:00.000,3,Andhra Pradesh,Visakhapatnam,2,2,1,Clear,1,1,1,1,0,0,0
67171,2013,2013-10-09 00:00:00.000,2013-10-09 00:00:00.000,1,Chhattisgarh,Narayanpur,2,1,1,Clear,1,1,1,0,0,1,0
67181,2013,2013-10-12 00:00:00.000,2013-10-12 00:00:00.000,1,Chhattisgarh,Dantewada,1,1,1,Clear,1,1,1,0,1,0,0
67185,2013,2013-10-12 00:00:00.000,2013-10-13 00:00:00.000,3,Odisha,Malkangiri,1,2,1,Clear,1,1,1,1,0,0,0
67202,2013,2013-10-16 00:00:00.000,2013-10-16 00:00:00.000,1,Maharashtra,Gadchiroli,1,1,1,Clear,3,3,3,0,3,0,0
67203,2013,2013-10-17 00:00:00.000,2013-10-17 00:00:00.000,3,Bihar,Aurangabad,2,1,1,Clear,7,7,7,7,0,0,0
67207,2013,2013-10-21 00:00:00.000,2013-10-21 00:00:00.000,3,Andhra Pradesh,Khammam,1,1,1,Clear,1,1,1,1,0,0,0
67218,2013,2013-10-24 00:00:00.000,2013-10-25 00:00:00.000,1,Odisha,Malkangiri,2,2,1,Clear,1,1,1,0,1,0,0
67254,2013,2013-10-28 00:00:00.000,2013-10-28 00:00:00.000,1,Maharashtra,Gadchiroli,2,1,1,Clear,2,2,2,0,0,2,0
67259,2013,2013-10-29 00:00:00.000,2013-10-29 00:00:00.000,1,Maharashtra,Gadchiroli,3,1,1,Clear,1,1,1,0,1,0,0
67268,2013,2013-10-31 00:00:00.000,2013-10-31 00:00:00.000,1,Chhattisgarh,Sukma,3,1,1,Clear,2,2,2,0,0,2,0
67277,2013,2013-11-01 00:00:00.000,2013-11-01 00:00:00.000,1,Odisha,Koraput,2,1,1,Clear,1,1,1,0,0,1,0
67282,2013,2013-11-02 00:00:00.000,2013-11-02 00:00:00.000,1,Jharkhand,East Singhbhum,2,1,1,Clear,1,1,1,0,1,0,0
67287,2013,2013-11-03 00:00:00.000,2013-11-03 00:00:00.000,1,Chhattisgarh,Sukma,3,1,1,Clear,2,2,2,0,0,2,0
67331,2013,2013-11-10 00:00:00.000,2013-11-10 00:00:00.000,3,Bihar,Aurangabad,1,1,1,Clear,3,3,3,3,0,0,0
67332,2013,2013-11-11 00:00:00.000,2013-11-11 00:00:00.000,1,Chhattisgarh,Dantewada,2,1,1,Clear,1,1,1,0,1,0,0
67333,2013,2013-11-12 00:00:00.000,2013-11-12 00:00:00.000,1,Chhattisgarh,Sukma,2,1,1,Clear,3,3,3,0,0,2,1
67341,2013,2013-11-19 00:00:00.000,2013-11-19 00:00:00.000,3,Odisha,Malkangiri,1,1,1,Clear,2,2,2,2,0,0,0
67357,2013,2013-11-27 00:00:00.000,2013-11-27 00:00:00.000,1,Chhattisgarh,Bijapur,2,1,1,Clear,4,4,4,0,4,0,0
67385,2013,2013-11-29 00:00:00.000,2013-11-29 00:00:00.000,1,Odisha,Nuapada,2,1,1,Clear,2,2,2,0,2,0,0
67387,2013,2013-11-30 00:00:00.000,2013-11-30 00:00:00.000,1,Bihar,Munger,2,1,1,Clear,3,3,3,0,3,0,0
67411,2013,2013-12-03 00:00:00.000,2013-12-03 00:00:00.000,1,Bihar,Aurangabad,2,1,1,Clear,8,8,8,0,8,0,0
67432,2013,2013-12-06 00:00:00.000,2013-12-06 00:00:00.000,3,Chhattisgarh,Bijapur,1,1,1,Clear,1,1,1,1,0,0,0
67437,2013,2013-12-07 00:00:00.000,2013-12-07 00:00:00.000,3,Odisha,Koraput,1,1,1,Clear,2,2,2,2,0,0,0
67459,2013,2013-12-12 00:00:00.000,2013-12-13 00:00:00.000,3,Odisha,Malkangiri,1,2,1,Clear,1,1,1,1,0,0,0
67460,2013,2013-12-13 00:00:00.000,2013-12-13 00:00:00.000,3,Odisha,Malkangiri,2,1,1,Clear,2,2,2,2,0,0,0
67463,2013,2013-12-14 00:00:00.000,2013-12-14 00:00:00.000,3,Odisha,Malkangiri,3,1,1,Clear,1,1,1,1,0,0,0
67465,2013,2013-12-14 00:00:00.000,2013-12-15 00:00:00.000,3,Jharkhand,Khunti,3,2,1,Clear,2,2,0,2,0,0,0
67572,2013,2013-11-08 00:00:00.000,2013-11-08 00:00:00.000,3,Andhra Pradesh,Visakhapatnam,1,1,1,Clear,2,2,2,2,0,0,0
67625,2013,2013-12-29 00:00:00.000,2013-12-29 00:00:00.000,1,Chhattisgarh,Bijapur,2,1,1,Clear,1,1,1,0,1,0,0
67665,2013,2013-12-29 00:00:00.000,2013-12-30 00:00:00.000,3,Odisha,Malkangiri,1,2,1,Clear,1,1,1,1,0,0,0
67700,2013,2013-12-31 00:00:00.000,2013-12-31 00:00:00.000,1,Odisha,Koraput,1,1,1,Clear,0,1,0,0,0,0,0
67746,2013,2013-01-01 00:00:00.000,2013-01-01 00:00:00.000,3,Bihar,Gaya,2,1,1,Clear,1,1,1,1,0,0,0
67772,2013,2013-01-08 00:00:00.000,2013-01-08 00:00:00.000,1,Andhra Pradesh,Khammam,1,1,1,Clear,1,1,1,0,1,0,0
67813,2013,2013-01-28 00:00:00.000,2013-01-28 00:00:00.000,3,Jharkhand,Giridih,1,1,1,Clear,1,1,1,1,0,0,0
67816,2013,2013-02-04 00:00:00.000,2013-02-04 00:00:00.000,1,Jharkhand,Ranchi,1,1,1,Clear,1,1,0,0,1,0,0
67821,2013,2013-02-08 00:00:00.000,2013-02-08 00:00:00.000,3,Odisha,Nuapada,1,1,1,Clear,1,1,1,1,0,0,0
67830,2013,2013-02-12 00:00:00.000,2013-02-12 00:00:00.000,3,Chhattisgarh,Sukma,3,1,1,Clear,1,1,1,1,0,0,0
67832,2013,2013-02-14 00:00:00.000,2013-02-14 00:00:00.000,1,Chhattisgarh,Bijapur,2,1,1,Clear,2,2,2,0,0,0,2
67853,2013,2013-03-11 00:00:00.000,2013-03-11 00:00:00.000,1,Chhattisgarh,Dantewada,1,1,1,Clear,1,1,1,0,1,0,0
67858,2013,2013-02-17 00:00:00.000,2013-02-17 00:00:00.000,3,Maharashtra,Gadchiroli,1,1,1,Clear,1,1,1,1,0,0,0
67873,2013,2013-03-24 00:00:00.000,2013-03-24 00:00:00.000,3,Jharkhand,West Singhbhum,2,1,1,Clear,1,1,1,1,0,0,0
67875,2013,2013-03-27 00:00:00.000,2013-03-27 00:00:00.000,3,Maharashtra,Gadchiroli,2,1,1,Clear,1,1,1,1,0,0,0
67889,2013,2013-04-14 00:00:00.000,2013-04-14 00:00:00.000,1,Chhattisgarh,Sukma,3,1,1,Clear,1,1,0,0,1,0,0
67905,2013,2013-04-24 00:00:00.000,2013-04-24 00:00:00.000,3,Bihar,Munger,3,1,1,Clear,1,1,1,1,0,0,0
68002,2013,2013-05-19 00:00:00.000,2013-05-19 00:00:00.000,1,Chhattisgarh,Dantewada,1,1,1,Clear,1,1,1,0,0,1,0
68018,2013,2013-05-22 00:00:00.000,2013-05-22 00:00:00.000,3,Chhattisgarh,Bijapur,1,1,1,Clear,1,1,1,1,0,0,0
68027,2013,2013-05-29 00:00:00.000,2013-05-29 00:00:00.000,3,Chhattisgarh,Sukma,1,1,1,Clear,1,1,1,1,0,0,0
68123,2013,2013-07-02 00:00:00.000,2013-07-02 00:00:00.000,3,Maharashtra,Gadchiroli,2,1,1,Clear,1,1,1,1,0,0,0
68146,2013,2013-07-13 00:00:00.000,2013-07-13 00:00:00.000,1,Andhra Pradesh,Visakhapatnam,2,1,1,Clear,1,1,1,0,0,1,0
68236,2013,2013-08-05 00:00:00.000,2013-08-05 00:00:00.000,1,Chhattisgarh,Bijapur,3,1,1,Clear,1,1,1,0,1,0,0
68265,2013,2013-08-17 00:00:00.000,2013-08-18 00:00:00.000,3,Maharashtra,Gadchiroli,1,2,1,Clear,1,1,1,1,0,0,0
68322,2013,2013-09-04 00:00:00.000,2013-09-04 00:00:00.000,3,Jharkhand,Gumla,2,1,1,Clear,1,1,1,1,0,0,0
68328,2013,2013-09-05 00:00:00.000,2013-09-05 00:00:00.000,3,Bihar,Vaishali,1,1,1,Clear,1,1,1,1,0,0,0
68371,2013,2013-10-06 00:00:00.000,2013-10-06 00:00:00.000,3,Jharkhand,Palamu,3,1,1,Clear,1,1,1,1,0,0,0
68379,2013,2013-10-28 00:00:00.000,2013-10-28 00:00:00.000,3,Odisha,Nuapada,1,1,1,Clear,1,1,1,1,0,0,0
68380,2013,2013-11-03 00:00:00.000,2013-11-04 00:00:00.000,1,Chhattisgarh,Bijapur,2,2,1,Clear,2,2,2,0,0,2,0
68400,2013,2013-12-05 00:00:00.000,2013-12-06 00:00:00.000,3,Andhra Pradesh,Visakhapatnam,1,2,1,Clear,1,1,1,1,0,0,0
98035,2013,2013-10-17 00:00:00.000,2013-10-17 00:00:00.000,1,Maharashtra,Gadchiroli,2,1,1,Clear,1,3,1,0,0,1,0
142094,2014,2014-02-25 00:00:00.000,2014-02-25 00:00:00.000,1,Andhra Pradesh,Visakhapatnam,3,1,1,Clear,1,1,1,0,1,0,0
142096,2014,2014-06-19 00:00:00.000,2014-06-21 00:00:00.000,1,Andhra Pradesh,Prakasam,2,2,1,Clear,3,3,3,0,0,3,0
142098,2014,2014-09-12 00:00:00.000,2014-09-13 00:00:00.000,3,Andhra Pradesh,East Godavari,3,2,1,Clear,1,1,1,1,0,0,0
142099,2014,2014-10-19 00:00:00.000,2014-10-20 00:00:00.000,3,Andhra Pradesh,Visakhapatnam,1,2,1,Clear,1,1,1,1,0,0,0
142131,2014,2014-10-12 00:00:00.000,2014-10-14 00:00:00.000,3,Telangana,Khammam,2,2,1,Clear,1,1,1,1,0,0,0
142192,2014,2014-01-27 00:00:00.000,2014-01-27 00:00:00.000,3,Maharashtra,Gadchiroli,1,1,1,Clear,2,2,2,2,0,0,0
142223,2014,2014-02-17 00:00:00.000,2014-02-18 00:00:00.000,1,Maharashtra,Gadchiroli,1,2,1,Clear,7,7,7,0,0,7,0
142226,2014,2014-02-19 00:00:00.000,2014-02-20 00:00:00.000,3,Maharashtra,Gadchiroli,1,2,1,Clear,1,1,1,1,0,0,0
142227,2014,2014-03-01 00:00:00.000,2014-03-01 00:00:00.000,3,Maharashtra,Gadchiroli,1,1,1,Clear,1,1,1,1,0,0,0
142229,2014,2014-04-08 00:00:00.000,2014-04-08 00:00:00.000,3,Maharashtra,Gadchiroli,3,1,1,Clear,1,1,1,1,0,0,0
142232,2014,2014-04-11 00:00:00.000,2014-04-11 00:00:00.000,1,Maharashtra,Gadchiroli,2,1,1,Clear,1,1,1,0,1,0,0
142233,2014,2014-04-20 00:00:00.000,2014-04-20 00:00:00.000,3,Maharashtra,Gadchiroli,1,1,1,Clear,1,1,1,1,0,0,0
142240,2014,2014-04-27 00:00:00.000,2014-04-27 00:00:00.000,3,Maharashtra,Gadchiroli,1,1,1,Clear,1,1,1,1,0,0,0
142242,2014,2014-05-11 00:00:00.000,2014-05-11 00:00:00.000,1,Maharashtra,Gadchiroli,2,1,1,Clear,7,7,7,0,7,0,0
142245,2014,2014-05-25 00:00:00.000,2014-05-25 00:00:00.000,3,Maharashtra,Gadchiroli,2,1,1,Clear,1,1,1,1,0,0,0
142246,2014,2014-05-28 00:00:00.000,2014-05-29 00:00:00.000,3,Maharashtra,Unspecified,4,2,1,Clear,1,1,0,1,0,0,0
142247,2014,2014-05-30 00:00:00.000,2014-05-30 00:00:00.000,3,Maharashtra,Gadchiroli,1,1,1,Clear,1,1,1,1,0,0,0
142253,2014,2014-06-14 00:00:00.000,2014-06-14 00:00:00.000,1,Maharashtra,Gadchiroli,3,1,1,Clear,1,1,1,0,0,1,0
142257,2014,2014-06-26 00:00:00.000,2014-06-26 00:00:00.000,1,Maharashtra,Gadchiroli,2,1,1,Clear,1,4,1,0,1,0,0
142261,2014,2014-08-12 00:00:00.000,2014-08-12 00:00:00.000,1,Maharashtra,Gadchiroli,2,1,1,Clear,2,2,2,0,0,2,0
142264,2014,2014-01-01 00:00:00.000,2014-01-01 00:00:00.000,3,Bihar,Gaya,3,1,1,Clear,2,2,2,2,0,0,0
142265,2014,2014-01-05 00:00:00.000,2014-01-05 00:00:00.000,1,Bihar,Jamui,1,1,1,Clear,1,4,1,0,0,1,0
142266,2014,2014-01-19 00:00:00.000,2014-01-19 00:00:00.000,3,Bihar,Jamui,1,1,1,Clear,1,1,1,1,0,0,0
142267,2014,2014-02-22 00:00:00.000,2014-02-22 00:00:00.000,1,Bihar,Gaya,3,1,1,Clear,1,1,1,1,0,0,0
142270,2014,2014-04-10 00:00:00.000,2014-04-10 00:00:00.000,1,Bihar,Munger,2,1,1,Clear,2,3,2,0,2,0,0
142274,2014,2014-07-04 00:00:00.000,2014-07-04 00:00:00.000,1,Bihar,Jamui,3,1,1,Clear,2,3,2,0,1,1,0
142375,2014,2014-10-02 00:00:00.000,2014-10-02 00:00:00.000,1,Bihar,Lakhisarai,1,1,1,Clear,1,1,1,0,1,0,0
142379,2014,2014-01-14 00:00:00.000,2014-01-14 00:00:00.000,1,Jharkhand,Unspecified,4,1,1,Clear,1,1,0,0,0,1,0
142383,2014,2014-01-27 00:00:00.000,2014-01-27 00:00:00.000,1,Jharkhand,Giridih,1,1,1,Clear,1,1,1,0,1,0,0
142385,2014,2014-02-02 00:00:00.000,2014-02-02 00:00:00.000,3,Jharkhand,Giridih,3,1,1,Clear,1,1,1,1,0,0,0
142549,2014,2014-03-01 00:00:00.000,2014-03-01 00:00:00.000,3,Jharkhand,Simdega,1,1,1,Clear,0,2,0,0,0,0,0
142673,2014,2014-04-24 00:00:00.000,2014-04-24 00:00:00.000,1,Jharkhand,Dumka,1,1,1,Clear,8,8,0,3,5,0,0
142674,2014,2014-04-26 00:00:00.000,2014-04-26 00:00:00.000,3,Jharkhand,Palamu,2,1,1,Clear,1,1,1,1,0,0,0
142676,2014,2014-04-26 00:00:00.000,2014-04-26 00:00:00.000,3,Jharkhand,Gumla,3,1,1,Clear,1,1,0,1,0,0,0
142683,2014,2014-06-03 00:00:00.000,2014-06-03 00:00:00.000,3,Jharkhand,Khunti,3,1,1,Clear,3,3,0,3,0,0,0
142690,2014,2014-07-09 00:00:00.000,2014-07-09 00:00:00.000,3,Jharkhand,Dumka,3,1,1,Clear,1,1,1,1,0,0,0
142696,2014,2014-07-23 00:00:00.000,2014-07-23 00:00:00.000,1,Jharkhand,Khunti,2,1,1,Clear,1,1,1,0,0,1,0
142704,2014,2014-07-25 00:00:00.000,2014-07-25 00:00:00.000,3,Jharkhand,Lohardaga,3,1,1,Clear,2,2,2,2,0,0,0
142707,2014,2014-07-25 00:00:00.000,2014-07-25 00:00:00.000,3,Jharkhand,Gumla,3,1,1,Clear,3,3,3,3,0,0,0
142711,2014,2014-07-31 00:00:00.000,2014-07-31 00:00:00.000,3,Jharkhand,Gumla,2,1,1,Clear,2,2,2,2,0,0,0
142717,2014,2014-08-04 00:00:00.000,2014-08-04 00:00:00.000,1,Jharkhand,Bokaro,2,1,1,Clear,1,1,1,0,1,0,0
142721,2014,2014-08-16 00:00:00.000,2014-08-16 00:00:00.000,3,Jharkhand,Seraikela-Kharsawan,1,1,1,Clear,1,1,0,1,0,0,0
142722,2014,2014-08-20 00:00:00.000,2014-08-20 00:00:00.000,3,Jharkhand,Gumla,2,1,1,Clear,1,1,1,1,0,0,0
142727,2014,2014-08-29 00:00:00.000,2014-08-29 00:00:00.000,3,Jharkhand,East Singhbhum,1,1,1,Clear,1,1,1,1,0,0,0
142729,2014,2014-09-03 00:00:00.000,2014-09-03 00:00:00.000,1,Jharkhand,Gumla,1,1,1,Clear,2,2,2,2,0,0,0
142734,2014,2014-09-12 00:00:00.000,2014-09-13 00:00:00.000,1,Jharkhand,Giridih,3,2,1,Clear,3,3,3,0,0,3,0
142735,2014,2014-09-17 00:00:00.000,2014-09-17 00:00:00.000,1,Jharkhand,East Singhbhum,1,1,1,Clear,1,1,1,0,1,0,0
142764,2014,2014-01-01 00:00:00.000,2014-01-01 00:00:00.000,3,Odisha,Malkangiri,1,1,1,Clear,1,1,0,1,0,0,0
142765,2014,2014-01-06 00:00:00.000,2014-01-06 00:00:00.000,3,Odisha,Koraput,1,1,1,Clear,1,1,1,1,0,0,0
142768,2014,2014-01-11 00:00:00.000,2014-01-11 00:00:00.000,1,Odisha,Malkangiri,2,1,1,Clear,1,1,1,0,0,1,0
142769,2014,2014-01-25 00:00:00.000,2014-01-26 00:00:00.000,3,Odisha,Malkangiri,2,2,1,Clear,2,2,2,2,0,0,0
142770,2014,2014-02-02 00:00:00.000,2014-02-05 00:00:00.000,3,Odisha,Malkangiri,2,2,1,Clear,1,1,0,1,0,0,0
142810,2014,2014-03-04 00:00:00.000,2014-03-04 00:00:00.000,1,Odisha,Koraput,2,1,1,Clear,2,2,0,0,0,2,0
142811,2014,2014-04-01 00:00:00.000,2014-04-02 00:00:00.000,3,Odisha,Malkangiri,1,2,1,Clear,1,1,1,1,0,0,0
142812,2014,2014-04-13 00:00:00.000,2014-04-13 00:00:00.000,1,Odisha,Koraput,2,1,1,Clear,1,1,1,0,0,1,0
142813,2014,2014-04-14 00:00:00.000,2014-04-14 00:00:00.000,1,Odisha,Nuapada,1,1,1,Clear,1,1,1,0,0,1,0
142816,2014,2014-05-10 00:00:00.000,2014-05-12 00:00:00.000,3,Odisha,Koraput,3,2,1,Clear,2,2,2,2,0,0,0
142817,2014,2014-05-13 00:00:00.000,2014-05-13 00:00:00.000,1,Odisha,Koraput,1,1,1,Clear,1,1,1,0,0,1,0
142821,2014,2014-06-03 00:00:00.000,2014-06-03 00:00:00.000,3,Odisha,Rayagada,3,1,1,Clear,1,1,1,1,0,0,0
142823,2014,2014-06-21 00:00:00.000,2014-06-22 00:00:00.000,3,Odisha,Koraput,1,2,1,Clear,1,1,1,1,0,0,0
142826,2014,2014-07-08 00:00:00.000,2014-07-08 00:00:00.000,3,Odisha,Malkangiri,3,1,1,Clear,1,1,1,1,0,0,0
142830,2014,2014-07-25 00:00:00.000,2014-07-25 00:00:00.000,3,Odisha,Malkangiri,1,1,1,Clear,2,2,2,2,0,0,0
142831,2014,2014-07-26 00:00:00.000,2014-07-27 00:00:00.000,3,Odisha,Koraput,2,2,1,Clear,1,1,1,1,0,0,0
142837,2014,2014-07-28 00:00:00.000,2014-07-28 00:00:00.000,1,Chhattisgarh,Sukma,2,1,1,Clear,11,11,0,0,0,11,0
142842,2014,2014-07-29 00:00:00.000,2014-07-29 00:00:00.000,1,Odisha,Malkangiri,2,1,1,Clear,1,1,1,1,0,0,0
142845,2014,2014-08-15 00:00:00.000,2014-08-15 00:00:00.000,1,Odisha,Sundargarh,2,1,1,Clear,1,1,1,0,1,0,0
142846,2014,2014-08-21 00:00:00.000,2014-08-21 00:00:00.000,3,Odisha,Malkangiri,1,1,1,Clear,1,1,1,1,0,0,0
142913,2014,2014-09-17 00:00:00.000,2014-09-17 00:00:00.000,1,Odisha,Malkangiri,2,1,1,Clear,1,1,1,0,0,1,0
142923,2014,2014-09-26 00:00:00.000,2014-09-26 00:00:00.000,1,Odisha,Koraput,1,1,1,Clear,1,1,0,0,1,0,0
142924,2014,2014-09-29 00:00:00.000,2014-09-29 00:00:00.000,3,Odisha,Malkangiri,1,1,1,Clear,1,1,1,1,0,0,0
142926,2014,2014-10-04 00:00:00.000,2014-10-05 00:00:00.000,3,Odisha,Malkangiri,2,2,1,Clear,1,1,0,1,0,0,0
142929,2014,2014-10-19 00:00:00.000,2014-10-19 00:00:00.000,3,Odisha,Unspecified,4,1,1,Clear,1,1,1,1,0,0,0
142935,2014,2014-10-29 00:00:00.000,2014-10-30 00:00:00.000,3,Odisha,Malkangiri,2,2,1,Clear,1,1,1,1,0,0,0
142937,2014,2014-10-06 00:00:00.000,2014-10-06 00:00:00.000,3,Odisha,Koraput,1,1,1,Clear,1,1,0,1,0,0,0
142957,2014,2014-01-21 00:00:00.000,2014-01-21 00:00:00.000,1,Chhattisgarh,Kanker,2,1,1,Clear,2,2,2,0,0,2,0
142961,2014,2014-01-28 00:00:00.000,2014-01-28 00:00:00.000,3,Chhattisgarh,Bijapur,3,1,1,Clear,1,1,1,1,0,0,0
142962,2014,2014-01-30 00:00:00.000,2014-01-30 00:00:00.000,3,Chhattisgarh,Dantewada,3,1,1,Clear,1,1,1,1,0,0,0
142964,2014,2014-02-08 00:00:00.000,2014-02-08 00:00:00.000,1,Chhattisgarh,Bijapur,2,1,1,Clear,3,3,3,0,0,3,0
142971,2014,2014-02-09 00:00:00.000,2014-02-09 00:00:00.000,1,Chhattisgarh,Sukma,2,1,1,Clear,2,2,2,0,2,0,0
142993,2014,2014-02-22 00:00:00.000,2014-02-22 00:00:00.000,1,Chhattisgarh,Narayanpur,3,1,1,Clear,1,1,1,0,0,1,0
143001,2014,2014-02-28 00:00:00.000,2014-02-28 00:00:00.000,1,Chhattisgarh,Dantewada,2,1,1,Clear,5,5,5,0,5,0,0
143003,2014,2014-03-11 00:00:00.000,2014-03-11 00:00:00.000,1,Chhattisgarh,Sukma,2,1,1,Clear,16,16,16,1,15,0,0
143007,2014,2014-03-21 00:00:00.000,2014-03-21 00:00:00.000,1,Chhattisgarh,Bijapur,2,1,1,Clear,1,1,1,0,0,1,0
143011,2014,2014-04-09 00:00:00.000,2014-04-09 00:00:00.000,1,Chhattisgarh,Sukma,3,1,1,Clear,3,3,3,0,3,0,0
143015,2014,2014-04-12 00:00:00.000,2014-04-12 00:00:00.000,1,Chhattisgarh,Bijapur,2,1,1,Clear,7,7,7,7,0,0,0
143016,2014,2014-04-12 00:00:00.000,2014-04-12 00:00:00.000,1,Chhattisgarh,Bastar,2,1,1,Clear,8,8,8,2,6,0,0
143018,2014,2014-04-22 00:00:00.000,2014-04-22 00:00:00.000,3,Chhattisgarh,Rajnandgaon,1,1,1,Clear,1,1,1,1,0,0,0
143027,2014,2014-04-26 00:00:00.000,2014-04-26 00:00:00.000,1,Chhattisgarh,Bijapur,2,1,1,Clear,1,1,1,0,0,1,0
143028,2014,2014-04-28 00:00:00.000,2014-04-28 00:00:00.000,3,Chhattisgarh,Sukma,1,1,1,Clear,1,1,1,1,0,0,0
143054,2014,2014-05-04 00:00:00.000,2014-05-04 00:00:00.000,1,Chhattisgarh,Dantewada,3,1,1,Clear,1,1,1,0,1,0,0
143055,2014,2014-05-11 00:00:00.000,2014-05-11 00:00:00.000,1,Chhattisgarh,Narayanpur,3,1,1,Clear,1,3,1,0,0,1,0
143056,2014,2014-05-15 00:00:00.000,2014-05-15 00:00:00.000,1,Chhattisgarh,Rajnandgaon,1,1,1,Clear,1,1,1,0,0,1,0
143058,2014,2014-05-28 00:00:00.000,2014-05-28 00:00:00.000,1,Chhattisgarh,Bijapur,3,1,1,Clear,1,1,1,0,1,0,0
143059,2014,2014-05-31 00:00:00.000,2014-05-31 00:00:00.000,1,Chhattisgarh,Narayanpur,2,1,1,Clear,1,1,1,0,1,0,0
143063,2014,2014-06-27 00:00:00.000,2014-06-27 00:00:00.000,1,Chhattisgarh,Bijapur,2,1,1,Clear,1,1,1,0,0,1,0
143065,2014,2014-07-13 00:00:00.000,2014-07-13 00:00:00.000,3,Chhattisgarh,Kondagaon,1,1,1,Clear,1,1,1,1,0,0,0
143069,2014,2014-07-28 00:00:00.000,2014-07-28 00:00:00.000,1,Chhattisgarh,Sukma,2,1,1,Clear,1,1,1,0,0,1,0
143080,2014,2014-08-09 00:00:00.000,2014-08-09 00:00:00.000,1,Chhattisgarh,Sukma,1,1,1,Clear,1,1,1,0,1,0,0
143085,2014,2014-08-10 00:00:00.000,2014-08-10 00:00:00.000,1,Chhattisgarh,Bijapur,2,1,1,Clear,2,2,2,0,2,0,0
143090,2014,2014-08-16 00:00:00.000,2014-08-16 00:00:00.000,1,Chhattisgarh,Narayanpur,3,1,1,Clear,4,4,4,0,0,4,0
143092,2014,2014-08-20 00:00:00.000,2014-08-20 00:00:00.000,1,Chhattisgarh,Kondagaon,2,1,1,Clear,1,1,1,0,1,0,0
143094,2014,2014-08-22 00:00:00.000,2014-08-22 00:00:00.000,1,Chhattisgarh,Sukma,2,1,1,Clear,1,1,1,0,0,1,0
143116,2014,2014-08-29 00:00:00.000,2014-08-29 00:00:00.000,1,Chhattisgarh,Bijapur,3,1,1,Clear,1,1,1,0,0,1,0
143130,2014,2014-09-10 00:00:00.000,2014-09-10 00:00:00.000,1,Chhattisgarh,Bijapur,1,1,1,Clear,1,1,1,0,1,0,0
143143,2014,2014-09-19 00:00:00.000,2014-09-19 00:00:00.000,1,Chhattisgarh,Bastar,2,1,1,Clear,3,3,3,0,1,2,0
143152,2014,2014-09-23 00:00:00.000,2014-09-23 00:00:00.000,3,Chhattisgarh,Kanker,3,1,1,Clear,1,1,0,1,0,0,0
143186,2014,2014-10-01 00:00:00.000,2014-10-01 00:00:00.000,3,Chhattisgarh,Bijapur,2,1,1,Clear,1,1,1,1,0,0,0
143187,2014,2014-10-01 00:00:00.000,2014-10-01 00:00:00.000,1,Chhattisgarh,Bijapur,3,1,1,Clear,1,1,1,0,0,1,0
143188,2014,2014-09-16 00:00:00.000,2014-10-06 00:00:00.000,3,Chhattisgarh,Sukma,2,4,1,Clear,1,1,1,1,0,0,0
143189,2014,2014-10-08 00:00:00.000,2014-10-08 00:00:00.000,3,Chhattisgarh,Kanker,2,1,1,Clear,1,1,0,1,0,0,0
143190,2014,2014-10-08 00:00:00.000,2014-10-08 00:00:00.000,1,Chhattisgarh,Bijapur,2,1,1,Clear,3,3,3,0,0,3,0
143191,2014,2014-10-18 00:00:00.000,2014-10-18 00:00:00.000,1,Chhattisgarh,Sukma,2,1,1,Clear,1,1,1,0,1,0,0
143192,2014,2014-10-20 00:00:00.000,2014-10-21 00:00:00.000,1,Chhattisgarh,Sukma,1,2,1,Clear,1,1,1,0,0,0,1
143194,2014,2014-10-08 00:00:00.000,2014-10-08 00:00:00.000,1,Chhattisgarh,Bijapur,2,1,1,Clear,3,3,3,0,0,3,0
150411,2014,2014-01-01 00:00:00.000,2014-01-01 00:00:00.000,1,Bihar,Gaya,3,1,1,Clear,2,2,2,2,0,0,0
150618,2014,2014-01-12 00:00:00.000,2014-01-12 00:00:00.000,1,Odisha,Malkangiri,2,1,1,Clear,0,1,0,0,0,0,0
150672,2014,2014-01-12 00:00:00.000,2014-01-13 00:00:00.000,3,Chhattisgarh,Bijapur,3,2,1,Clear,0,1,0,0,0,0,0
151899,2014,2014-02-02 00:00:00.000,2014-02-02 00:00:00.000,3,Jharkhand,Giridih,1,1,1,Clear,0,1,0,0,0,0,0
152002,2014,2014-02-02 00:00:00.000,2014-02-04 00:00:00.000,1,Bihar,Munger,3,2,1,Clear,2,2,2,0,0,2,0
152153,2014,2014-02-15 00:00:00.000,2014-02-15 00:00:00.000,1,Chhattisgarh,Bijapur,2,1,1,Clear,1,1,1,0,0,1,0
152577,2014,2014-02-24 00:00:00.000,2014-03-22 00:00:00.000,1,Chhattisgarh,Unspecified,4,4,2,Clear,0,1,0,0,0,0,0
152962,2014,2014-03-26 00:00:00.000,2014-04-09 00:00:00.000,1,Bihar,Unspecified,4,4,1,Clear,0,3,0,0,0,0,0
153005,2014,2014-04-08 00:00:00.000,2014-04-10 00:00:00.000,1,Unspecified,Unspecified,5,2,1,Clear,0,1,0,0,0,0,0
153392,2014,2014-04-19 00:00:00.000,2014-04-19 00:00:00.000,1,Karnataka,Chikmagalur,2,1,1,Clear,1,1,1,1,0,0,0
153542,2014,2014-04-27 00:00:00.000,2014-04-27 00:00:00.000,3,Odisha,Malkangiri,2,1,1,Clear,3,3,3,3,0,0,0
155199,2014,2014-05-11 00:00:00.000,2014-05-11 00:00:00.000,1,Andhra Pradesh,Nalgonda,1,1,1,Clear,1,1,0,0,1,0,0
155496,2014,2014-04-01 00:00:00.000,2014-05-27 00:00:00.000,1,Andhra Pradesh,Visakhapatnam,3,5,1,Clear,0,3,0,0,0,0,0
155856,2014,2014-06-27 00:00:00.000,2014-06-27 00:00:00.000,1,Chhattisgarh,Bijapur,1,1,1,Clear,1,1,1,0,1,0,0
155866,2014,2014-07-04 00:00:00.000,2014-07-04 00:00:00.000,1,Jharkhand,Giridih,2,1,1,Clear,1,1,1,0,1,0,0
156100,2014,2014-01-01 00:00:00.000,2014-07-15 00:00:00.000,1,Unspecified,Unspecified,6,5,2,Clear,0,8,0,0,0,0,0
156360,2014,2014-09-13 00:00:00.000,2014-09-15 00:00:00.000,1,Maharashtra,Gadchiroli,1,2,1,Clear,0,1,0,0,0,0,0
156386,2014,2014-09-11 00:00:00.000,2014-09-17 00:00:00.000,1,Jharkhand,Koderma,3,3,2,Clear,0,1,0,0,0,0,0
156387,2014,2014-09-11 00:00:00.000,2014-09-17 00:00:00.000,1,Jharkhand,Giridih,3,3,2,Clear,0,1,0,0,0,0,0
156533,2014,2014-11-10 00:00:00.000,2014-11-12 00:00:00.000,3,Andhra Pradesh,Unspecified,4,2,1,Clear,1,1,1,1,0,0,0
156538,2014,2014-12-07 00:00:00.000,2014-12-07 00:00:00.000,3,Bihar,Gaya,1,1,1,Clear,1,1,1,1,0,0,0
156550,2014,2014-12-12 00:00:00.000,2014-12-14 00:00:00.000,1,Jharkhand,Unspecified,4,2,1,Clear,0,2,0,0,0,0,0
156551,2014,2014-12-17 00:00:00.000,2014-12-17 00:00:00.000,3,Jharkhand,Seraikela-Kharsawan,3,1,1,Clear,1,1,0,1,0,0,0
156553,2014,2014-12-24 00:00:00.000,2014-12-24 00:00:00.000,1,Jharkhand,Chatra,2,1,1,Clear,1,1,1,0,1,0,0
156554,2014,2014-12-19 00:00:00.000,2014-12-19 00:00:00.000,3,Odisha,Malkangiri,1,1,1,Clear,1,1,1,1,0,0,0
156556,2014,2014-11-17 00:00:00.000,2014-11-17 00:00:00.000,1,Chhattisgarh,Bijapur,2,1,1,Clear,2,2,2,0,0,2,0
156561,2014,2014-11-20 00:00:00.000,2014-11-20 00:00:00.000,3,Chhattisgarh,Dantewada,1,1,1,Clear,1,1,1,1,0,0,0
156562,2014,2014-11-21 00:00:00.000,2014-11-21 00:00:00.000,1,Chhattisgarh,Sukma,2,1,1,Clear,15,15,12,0,0,15,0
156563,2014,2014-11-27 00:00:00.000,2014-11-27 00:00:00.000,1,Chhattisgarh,Bijapur,2,1,1,Clear,1,1,1,0,0,1,0
156564,2014,2014-11-30 00:00:00.000,2014-11-30 00:00:00.000,3,Chhattisgarh,Dantewada,2,1,1,Clear,1,1,1,1,0,0,0
156565,2014,2014-12-01 00:00:00.000,2014-12-01 00:00:00.000,1,Chhattisgarh,Sukma,2,1,1,Clear,14,22,14,0,14,0,0
156566,2014,2014-12-08 00:00:00.000,2014-12-08 00:00:00.000,1,Chhattisgarh,Bijapur,2,1,1,Clear,2,2,2,0,0,2,0
156570,2014,2014-12-12 00:00:00.000,2014-12-14 00:00:00.000,1,Telangana,Unspecified,4,2,1,Clear,1,1,1,1,0,0,0
156571,2014,2014-12-25 00:00:00.000,2014-12-25 00:00:00.000,3,Chhattisgarh,Narayanpur,3,1,1,Clear,1,1,1,1,0,0,0
156574,2014,2014-12-10 00:00:00.000,2014-12-12 00:00:00.000,3,Telangana,Khammam,3,2,1,Clear,1,1,0,1,0,0,0
157669,2014,2014-11-26 00:00:00.000,2014-11-26 00:00:00.000,3,Jharkhand,Gumla,3,1,1,Clear,1,1,0,1,0,0,0
158940,2014,2014-01-01 00:00:00.000,2014-12-23 00:00:00.000,1,Chhattisgarh,Unspecified,4,5,2,Clear,0,4,0,0,0,0,0
162305,2014,2014-01-01 00:00:00.000,2014-12-28 00:00:00.000,1,Andhra Pradesh,Visakhapatnam,3,5,1,Clear,5,5,5,0,0,5,0
164082,2014,2014-01-01 00:00:00.000,2014-12-23 00:00:00.000,1,Jharkhand,Unspecified,4,5,2,Clear,0,3,0,0,0,0,0
257863,2014,2014-08-21 00:00:00.000,2014-08-21 00:00:00.000,3,Andhra Pradesh,Visakhapatnam,1,1,1,Clear,1,1,1,1,0,0,0
378730,2014,2014-05-04 00:00:00.000,2014-05-04 00:00:00.000,3,Chhattisgarh,Dantewada,3,1,1,Clear,1,1,1,1,0,0,0
209447,2015,2015-04-27 00:00:00.000,2015-04-27 00:00:00.000,3,Andhra Pradesh,East Godavari,3,1,1,Clear,2,2,2,2,0,0,0
209448,2015,2015-04-23 00:00:00.000,2015-04-26 00:00:00.000,3,Andhra Pradesh,East Godavari,2,2,1,Clear,1,1,1,1,0,0,0
209449,2015,2015-06-20 00:00:00.000,2015-06-20 00:00:00.000,1,Andhra Pradesh,Visakhapatnam,3,1,1,Clear,1,1,1,0,0,1,0
209450,2015,2015-07-24 00:00:00.000,2015-07-25 00:00:00.000,3,Andhra Pradesh,Visakhapatnam,3,2,1,Clear,1,1,1,1,0,0,0
209451,2015,2015-08-30 00:00:00.000,2015-08-30 00:00:00.000,3,Andhra Pradesh,Visakhapatnam,3,1,1,Clear,1,1,1,1,0,0,0
209452,2015,2015-12-21 00:00:00.000,2015-12-21 00:00:00.000,3,Andhra Pradesh,Visakhapatnam,1,1,1,Clear,1,1,1,1,0,0,0
209532,2015,2015-02-06 00:00:00.000,2015-02-06 00:00:00.000,3,Maharashtra,Gadchiroli,1,1,1,Clear,1,1,1,1,0,0,0
209533,2015,2015-02-08 00:00:00.000,2015-02-08 00:00:00.000,3,Maharashtra,Gadchiroli,3,1,1,Clear,1,1,1,1,0,0,0
209534,2015,2015-03-22 00:00:00.000,2015-03-22 00:00:00.000,1,Maharashtra,Gadchiroli,2,1,1,Clear,2,2,2,0,2,0,0
209538,2015,2015-05-01 00:00:00.000,2015-05-01 00:00:00.000,3,Maharashtra,Gadchiroli,3,1,1,Clear,1,1,1,1,0,0,0
209541,2015,2015-05-21 00:00:00.000,2015-05-21 00:00:00.000,3,Maharashtra,Gadchiroli,2,1,1,Clear,1,1,1,1,0,0,0
209542,2015,2015-07-22 00:00:00.000,2015-07-22 00:00:00.000,3,Maharashtra,Gadchiroli,2,1,1,Clear,1,1,1,1,0,0,0
209545,2015,2015-07-23 00:00:00.000,2015-07-23 00:00:00.000,3,Maharashtra,Gadchiroli,1,1,1,Clear,1,1,1,1,0,0,0
209547,2015,2015-07-29 00:00:00.000,2015-07-29 00:00:00.000,3,Maharashtra,Gadchiroli,1,1,1,Clear,1,1,1,1,0,0,0
209548,2015,2015-09-03 00:00:00.000,2015-09-03 00:00:00.000,1,Maharashtra,Gadchiroli,1,1,1,Clear,2,2,2,0,0,2,0
209550,2015,2015-10-06 00:00:00.000,2015-10-09 00:00:00.000,1,Maharashtra,Gadchiroli,1,2,1,Clear,1,1,1,0,1,0,0
209552,2015,2015-10-17 00:00:00.000,2015-10-17 00:00:00.000,1,Maharashtra,Gadchiroli,1,1,1,Clear,1,1,1,0,1,0,0
209554,2015,2015-11-02 00:00:00.000,2015-11-02 00:00:00.000,3,Maharashtra,Gadchiroli,2,1,1,Clear,0,2,0,0,0,0,0
209555,2015,2015-11-24 00:00:00.000,2015-11-24 00:00:00.000,3,Maharashtra,Gadchiroli,3,1,1,Clear,1,1,1,1,0,0,0
209564,2015,2015-05-28 00:00:00.000,2015-05-30 00:00:00.000,3,Telangana,Khammam,1,2,1,Clear,1,1,1,1,0,0,0
209566,2015,2015-09-15 00:00:00.000,2015-09-15 00:00:00.000,1,Telangana,Warangal,2,1,1,Clear,2,2,2,0,0,2,0
209568,2015,2015-10-30 00:00:00.000,2015-10-30 00:00:00.000,3,Telangana,Adilabad,2,1,1,Clear,1,1,1,1,0,0,0
209573,2015,2015-01-12 00:00:00.000,2015-01-12 00:00:00.000,1,Jharkhand,Hazaribagh,1,1,1,Clear,3,3,3,0,0,3,0
209574,2015,2015-01-18 00:00:00.000,2015-01-18 00:00:00.000,1,Jharkhand,East Singhbhum,2,1,1,Clear,1,1,1,0,0,1,0
209592,2015,2015-01-20 00:00:00.000,2015-01-20 00:00:00.000,1,Jharkhand,Ranchi,2,1,1,Clear,2,2,2,0,1,0,1
209595,2015,2015-01-23 00:00:00.000,2015-01-23 00:00:00.000,3,Jharkhand,Khunti,1,1,1,Clear,1,1,1,1,0,0,0
209609,2015,2015-03-13 00:00:00.000,2015-03-13 00:00:00.000,3,Jharkhand,Giridih,1,1,1,Clear,1,1,1,1,0,0,0
209610,2015,2015-03-13 00:00:00.000,2015-03-13 00:00:00.000,1,Jharkhand,Gumla,1,1,1,Clear,1,4,1,0,0,1,0
209612,2015,2015-03-21 00:00:00.000,2015-03-21 00:00:00.000,3,Jharkhand,Lohardaga,1,1,1,Clear,0,3,0,0,0,0,0
209616,2015,2015-03-28 00:00:00.000,2015-03-28 00:00:00.000,1,Jharkhand,Latehar,3,1,1,Clear,2,2,2,0,0,2,0
209626,2015,2015-04-17 00:00:00.000,2015-04-17 00:00:00.000,1,Jharkhand,East Singhbhum,2,1,1,Clear,0,1,0,0,0,0,0
209629,2015,2015-05-06 00:00:00.000,2015-05-06 00:00:00.000,3,Jharkhand,Chatra,2,1,1,Clear,1,1,1,1,0,0,0
209630,2015,2015-05-13 00:00:00.000,2015-05-13 00:00:00.000,3,Jharkhand,Latehar,3,1,1,Clear,1,1,1,1,0,0,0
209631,2015,2015-06-09 00:00:00.000,2015-06-09 00:00:00.000,1,Jharkhand,Palamu,1,1,1,Clear,12,12,12,0,0,12,0
209633,2015,2015-06-10 00:00:00.000,2015-06-10 00:00:00.000,1,Jharkhand,Gumla,2,1,1,Clear,1,1,1,1,0,0,0
209636,2015,2015-07-25 00:00:00.000,2015-07-25 00:00:00.000,1,Jharkhand,Dhanbad,2,1,1,Clear,1,1,1,0,0,1,0
209637,2015,2015-08-18 00:00:00.000,2015-08-18 00:00:00.000,1,Jharkhand,Khunti,2,1,1,Clear,2,2,2,0,1,1,0
209639,2015,2015-09-14 00:00:00.000,2015-09-14 00:00:00.000,1,Jharkhand,Latehar,3,1,1,Clear,4,4,4,0,0,4,0
209640,2015,2015-09-18 00:00:00.000,2015-09-18 00:00:00.000,3,Jharkhand,West Singhbhum,3,1,1,Clear,1,1,1,1,0,0,0
209641,2015,2015-10-08 00:00:00.000,2015-10-08 00:00:00.000,3,Jharkhand,Gumla,3,1,1,Clear,1,1,1,1,0,0,0
209642,2015,2015-10-10 00:00:00.000,2015-10-10 00:00:00.000,1,Jharkhand,Godda,2,1,1,Clear,2,2,2,0,2,0,0
209644,2015,2015-12-07 00:00:00.000,2015-12-09 00:00:00.000,3,Jharkhand,Unspecified,4,2,1,Clear,1,1,1,1,0,0,0
209662,2015,2015-01-24 00:00:00.000,2015-01-24 00:00:00.000,1,Bihar,Gaya,1,1,1,Clear,2,2,2,0,2,0,0
209665,2015,2015-03-31 00:00:00.000,2015-04-01 00:00:00.000,3,Bihar,Aurangabad,2,2,1,Clear,1,1,1,1,0,0,0
209678,2015,2015-05-16 00:00:00.000,2015-05-17 00:00:00.000,1,Bihar,Gaya,3,2,1,Clear,1,1,1,0,0,1,0
209681,2015,2015-06-09 00:00:00.000,2015-06-09 00:00:00.000,1,Bihar,Aurangabad,1,1,1,Clear,1,1,1,0,0,1,0
209683,2015,2015-07-01 00:00:00.000,2015-07-01 00:00:00.000,1,Bihar,Lakhisarai,3,1,1,Clear,2,2,2,2,0,0,0
209701,2015,2015-01-01 00:00:00.000,2015-01-01 00:00:00.000,3,Chhattisgarh,Bijapur,1,1,1,Clear,1,1,1,1,0,0,0
209704,2015,2015-01-02 00:00:00.000,2015-01-02 00:00:00.000,1,Chhattisgarh,Bijapur,1,1,1,Clear,1,1,1,0,1,0,0
209718,2015,2015-01-09 00:00:00.000,2015-01-09 00:00:00.000,1,Chhattisgarh,Dantewada,1,1,1,Clear,1,1,1,0,1,0,0
209719,2015,2015-01-10 00:00:00.000,2015-01-10 00:00:00.000,1,Chhattisgarh,Narayanpur,2,1,1,Clear,1,1,1,0,1,0,0
209721,2015,2015-01-17 00:00:00.000,2015-01-17 00:00:00.000,1,Chhattisgarh,Sukma,1,1,1,Clear,1,1,1,0,1,0,0
209722,2015,2015-01-17 00:00:00.000,2015-01-17 00:00:00.000,3,Chhattisgarh,Narayanpur,3,1,1,Clear,2,2,2,2,0,0,0
209723,2015,2015-01-22 00:00:00.000,2015-01-24 00:00:00.000,3,Chhattisgarh,Dantewada,1,2,1,Clear,1,1,1,1,0,0,0
209724,2015,2015-01-31 00:00:00.000,2015-01-31 00:00:00.000,1,Chhattisgarh,Dantewada,3,1,1,Clear,1,1,1,0,1,0,0
209726,2015,2015-02-02 00:00:00.000,2015-02-02 00:00:00.000,1,Chhattisgarh,Kanker,3,1,1,Clear,2,2,2,0,2,0,0
209728,2015,2015-02-16 00:00:00.000,2015-02-16 00:00:00.000,1,Chhattisgarh,Sukma,2,1,1,Clear,1,1,1,0,1,0,0
209729,2015,2015-02-16 00:00:00.000,2015-02-16 00:00:00.000,1,Chhattisgarh,Bijapur,1,1,1,Clear,1,1,1,0,1,0,0
209731,2015,2015-02-18 00:00:00.000,2015-02-18 00:00:00.000,3,Chhattisgarh,Sukma,1,1,1,Clear,1,1,1,1,0,0,0
209733,2015,2015-02-19 00:00:00.000,2015-02-19 00:00:00.000,1,Chhattisgarh,Sukma,1,1,1,Clear,1,1,1,0,1,0,0
209734,2015,2015-03-02 00:00:00.000,2015-03-02 00:00:00.000,1,Chhattisgarh,Sukma,2,1,1,Clear,1,1,1,0,0,1,0
209736,2015,2015-03-07 00:00:00.000,2015-03-11 00:00:00.000,1,Chhattisgarh,Sukma,3,2,1,Clear,1,1,1,0,1,0,0
209737,2015,2015-03-24 00:00:00.000,2015-03-24 00:00:00.000,1,Chhattisgarh,Dantewada,3,1,1,Clear,1,1,1,0,1,0,0
209738,2015,2015-03-24 00:00:00.000,2015-03-24 00:00:00.000,3,Chhattisgarh,Bijapur,1,1,1,Clear,1,1,1,1,0,0,0
209739,2015,2015-03-31 00:00:00.000,2015-03-31 00:00:00.000,1,Chhattisgarh,Sukma,2,1,1,Clear,1,1,1,0,0,0,1
209762,2015,2015-04-05 00:00:00.000,2015-04-05 00:00:00.000,1,Chhattisgarh,Bastar,1,1,1,Clear,1,1,1,0,0,1,0
209763,2015,2015-04-11 00:00:00.000,2015-04-11 00:00:00.000,1,Chhattisgarh,Sukma,2,1,1,Clear,7,42,7,0,7,0,0
209764,2015,2015-04-12 00:00:00.000,2015-04-12 00:00:00.000,1,Chhattisgarh,Kanker,3,1,1,Clear,1,1,1,0,1,0,0
209765,2015,2015-04-13 00:00:00.000,2015-04-13 00:00:00.000,1,Chhattisgarh,Dantewada,2,1,1,Clear,5,5,5,0,0,5,0
209766,2015,2015-04-15 00:00:00.000,2015-04-15 00:00:00.000,1,Chhattisgarh,Bijapur,2,1,1,Clear,1,1,1,0,1,0,0
209769,2015,2015-04-23 00:00:00.000,2015-04-23 00:00:00.000,1,Chhattisgarh,Kondagaon,2,1,1,Clear,1,1,1,0,0,1,0
209771,2015,2015-04-21 00:00:00.000,2015-04-24 00:00:00.000,3,Chhattisgarh,Sukma,2,2,1,Clear,1,1,1,0,0,0,1
209773,2015,2015-05-01 00:00:00.000,2015-05-01 00:00:00.000,1,Chhattisgarh,Kondagaon,3,1,1,Clear,1,1,1,0,0,1,0
209776,2015,2015-05-01 00:00:00.000,2015-05-04 00:00:00.000,3,Chhattisgarh,Sukma,1,2,1,Clear,4,4,4,4,0,0,0
209778,2015,2015-05-09 00:00:00.000,2015-05-09 00:00:00.000,3,Chhattisgarh,Sukma,3,1,1,Clear,1,1,1,1,0,0,0
209780,2015,2015-05-17 00:00:00.000,2015-05-17 00:00:00.000,1,Chhattisgarh,Bijapur,1,1,1,Clear,5,5,5,0,3,2,0
209783,2015,2015-05-24 00:00:00.000,2015-05-24 00:00:00.000,3,Chhattisgarh,Dantewada,2,1,1,Clear,2,2,0,2,0,0,0
209786,2015,2015-05-29 00:00:00.000,2015-05-29 00:00:00.000,1,Chhattisgarh,Sukma,2,1,1,Clear,1,1,1,0,1,0,0
209787,2015,2015-06-02 00:00:00.000,2015-06-02 00:00:00.000,1,Chhattisgarh,Bijapur,3,1,1,Clear,1,1,1,0,0,1,0
209795,2015,2015-06-08 00:00:00.000,2015-06-08 00:00:00.000,3,Chhattisgarh,Sukma,3,1,1,Clear,1,1,1,1,0,0,0
209800,2015,2015-06-12 00:00:00.000,2015-06-12 00:00:00.000,1,Chhattisgarh,Bijapur,1,1,1,Clear,3,3,3,0,0,3,0
209801,2015,2015-06-12 00:00:00.000,2015-06-12 00:00:00.000,1,Chhattisgarh,Sukma,3,1,1,Clear,1,1,1,0,0,1,0
209802,2015,2015-06-20 00:00:00.000,2015-06-20 00:00:00.000,1,Chhattisgarh,Dantewada,3,1,1,Clear,1,1,1,0,1,0,0
209807,2015,2015-07-13 00:00:00.000,2015-07-15 00:00:00.000,1,Chhattisgarh,Bijapur,2,2,1,Clear,4,4,4,0,4,0,0
209808,2015,2015-07-17 00:00:00.000,2015-07-17 00:00:00.000,1,Chhattisgarh,Narayanpur,3,1,1,Clear,1,1,1,0,0,1,0
209813,2015,2015-07-29 00:00:00.000,2015-07-29 00:00:00.000,1,Chhattisgarh,Bastar,3,1,1,Clear,2,2,2,0,0,2,0
209814,2015,2015-08-01 00:00:00.000,2015-08-01 00:00:00.000,3,Chhattisgarh,Dantewada,1,1,1,Clear,1,1,1,1,0,0,0
209815,2015,2015-08-13 00:00:00.000,2015-08-13 00:00:00.000,1,Chhattisgarh,Bijapur,3,1,1,Clear,2,2,2,0,2,0,0
209816,2015,2015-08-18 00:00:00.000,2015-08-18 00:00:00.000,1,Chhattisgarh,Bijapur,1,1,1,Clear,1,1,1,0,1,0,0
209817,2015,2015-08-19 00:00:00.000,2015-08-19 00:00:00.000,1,Chhattisgarh,Bijapur,1,1,1,Clear,2,2,2,0,0,2,0
209818,2015,2015-08-22 00:00:00.000,2015-08-22 00:00:00.000,1,Chhattisgarh,Bastar,3,1,1,Clear,1,1,1,0,1,0,0
209819,2015,2015-08-25 00:00:00.000,2015-08-25 00:00:00.000,3,Chhattisgarh,Bijapur,1,1,1,Clear,1,1,0,1,0,0,0
209820,2015,2015-08-31 00:00:00.000,2015-09-05 00:00:00.000,1,Chhattisgarh,Sukma,3,2,1,Clear,1,1,1,0,1,0,0
209821,2015,2015-08-24 00:00:00.000,2015-09-03 00:00:00.000,3,Chhattisgarh,Bastar,1,4,1,Clear,2,2,2,2,0,0,0
209822,2015,2015-09-10 00:00:00.000,2015-09-10 00:00:00.000,3,Chhattisgarh,Sukma,1,1,1,Clear,1,1,1,1,0,0,0
209823,2015,2015-09-15 00:00:00.000,2015-09-15 00:00:00.000,3,Chhattisgarh,Bijapur,2,1,1,Clear,1,1,1,1,0,0,0
209824,2015,2015-09-28 00:00:00.000,2015-09-30 00:00:00.000,1,Chhattisgarh,Bijapur,3,2,1,Clear,1,1,1,0,1,0,0
209825,2015,2015-10-01 00:00:00.000,2015-10-01 00:00:00.000,1,Chhattisgarh,Bastar,1,1,1,Clear,1,1,1,0,1,0,0
209826,2015,2015-10-07 00:00:00.000,2015-10-07 00:00:00.000,1,Chhattisgarh,Sukma,2,1,1,Clear,1,1,1,0,0,1,0
209827,2015,2015-10-11 00:00:00.000,2015-10-11 00:00:00.000,3,Chhattisgarh,Sukma,1,1,1,Clear,0,1,0,0,0,0,0
209828,2015,2015-10-22 00:00:00.000,2015-10-22 00:00:00.000,3,Chhattisgarh,Balrampur,3,1,1,Clear,1,1,1,1,0,0,0
209829,2015,2015-10-30 00:00:00.000,2015-10-30 00:00:00.000,1,Chhattisgarh,Rajnandgaon,2,1,1,Clear,2,2,2,2,0,0,0
209830,2015,2015-11-03 00:00:00.000,2015-11-03 00:00:00.000,1,Chhattisgarh,Sukma,3,1,1,Clear,3,3,3,0,0,3,0
209831,2015,2015-11-06 00:00:00.000,2015-11-06 00:00:00.000,1,Chhattisgarh,Bijapur,2,1,1,Clear,1,1,1,0,0,1,0
209832,2015,2015-11-13 00:00:00.000,2015-11-13 00:00:00.000,1,Chhattisgarh,Bijapur,2,1,1,Clear,4,4,4,0,0,4,0
209833,2015,2015-11-19 00:00:00.000,2015-11-19 00:00:00.000,1,Chhattisgarh,Sukma,2,1,1,Clear,2,2,2,0,0,2,0
209834,2015,2015-11-22 00:00:00.000,2015-11-22 00:00:00.000,1,Chhattisgarh,Sukma,2,1,1,Clear,4,4,4,0,0,4,0
209835,2015,2015-11-24 00:00:00.000,2015-11-24 00:00:00.000,1,Chhattisgarh,Dantewada,2,1,1,Clear,1,1,1,0,0,1,0
209836,2015,2015-11-25 00:00:00.000,2015-11-25 00:00:00.000,1,Chhattisgarh,Bijapur,2,1,1,Clear,1,1,1,0,0,1,0
209837,2015,2015-11-27 00:00:00.000,2015-11-27 00:00:00.000,1,Chhattisgarh,Narayanpur,2,1,1,Clear,2,2,2,0,0,2,0
209838,2015,2015-12-07 00:00:00.000,2015-12-07 00:00:00.000,3,Chhattisgarh,Bijapur,2,1,1,Clear,0,2,0,0,0,0,0
209839,2015,2015-12-10 00:00:00.000,2015-12-10 00:00:00.000,1,Chhattisgarh,Narayanpur,1,1,1,Clear,1,1,1,0,1,0,0
209840,2015,2015-12-18 00:00:00.000,2015-12-18 00:00:00.000,1,Chhattisgarh,Kondagaon,2,1,1,Clear,1,1,1,0,0,1,0
209841,2015,2015-12-16 00:00:00.000,2015-12-16 00:00:00.000,3,Chhattisgarh,Rajnandgaon,2,1,1,Clear,0,2,0,0,0,0,0
209842,2015,2015-12-24 00:00:00.000,2015-12-24 00:00:00.000,1,Chhattisgarh,Sukma,2,1,1,Clear,1,1,1,0,0,1,0
209843,2015,2015-12-29 00:00:00.000,2015-12-29 00:00:00.000,3,Chhattisgarh,Dantewada,2,1,1,Clear,1,1,1,1,0,0,0
209907,2015,2015-01-04 00:00:00.000,2015-01-04 00:00:00.000,1,Odisha,Malkangiri,3,1,1,Clear,0,7,0,0,0,0,0
209909,2015,2015-01-04 00:00:00.000,2015-01-04 00:00:00.000,3,Odisha,Malkangiri,2,1,1,Clear,2,2,2,2,0,0,0
209911,2015,2015-01-25 00:00:00.000,2015-01-25 00:00:00.000,3,Odisha,Malkangiri,3,1,1,Clear,0,1,0,0,0,0,0
209913,2015,2015-02-03 00:00:00.000,2015-02-03 00:00:00.000,3,Odisha,Kalahandi,2,1,1,Clear,1,1,1,1,0,0,0
209919,2015,2015-02-12 00:00:00.000,2015-02-12 00:00:00.000,3,Odisha,Angul,3,1,1,Clear,1,1,1,1,0,0,0
209920,2015,2015-03-08 00:00:00.000,2015-03-08 00:00:00.000,1,Odisha,Kalahandi,2,1,1,Clear,1,1,1,0,0,1,0
209924,2015,2015-05-31 00:00:00.000,2015-06-02 00:00:00.000,3,Odisha,Malkangiri,2,2,1,Clear,2,2,2,2,0,0,0
209925,2015,2015-06-05 00:00:00.000,2015-06-05 00:00:00.000,3,Odisha,Koraput,2,1,1,Clear,1,1,1,1,0,0,0
209926,2015,2015-06-16 00:00:00.000,2015-06-16 00:00:00.000,3,Odisha,Kalahandi,2,1,1,Clear,1,1,1,1,0,0,0
209927,2015,2015-07-01 00:00:00.000,2015-07-01 00:00:00.000,3,Odisha,Malkangiri,2,1,1,Clear,1,1,1,1,0,0,0
209929,2015,2015-07-26 00:00:00.000,2015-07-26 00:00:00.000,1,Odisha,Kandhamal,2,1,1,Clear,0,2,0,0,0,0,0
209930,2015,2015-07-31 00:00:00.000,2015-07-31 00:00:00.000,1,Odisha,Malkangiri,3,1,1,Clear,3,3,3,0,0,3,0
209931,2015,2015-08-15 00:00:00.000,2015-08-17 00:00:00.000,3,Odisha,Malkangiri,1,2,1,Clear,1,1,1,1,0,0,0
209933,2015,2015-08-26 00:00:00.000,2015-08-26 00:00:00.000,1,Odisha,Malkangiri,2,1,1,Clear,4,4,4,1,3,0,0
209934,2015,2015-09-05 00:00:00.000,2015-09-05 00:00:00.000,3,Odisha,Malkangiri,2,1,1,Clear,1,1,1,1,0,0,0
209936,2015,2015-09-19 00:00:00.000,2015-09-19 00:00:00.000,1,Odisha,Malkangiri,2,1,1,Clear,3,3,3,0,0,3,0
209937,2015,2015-09-20 00:00:00.000,2015-09-20 00:00:00.000,3,Odisha,Malkangiri,2,1,1,Clear,1,1,1,1,0,0,0
209941,2015,2015-10-04 00:00:00.000,2015-10-04 00:00:00.000,3,Odisha,Malkangiri,2,1,1,Clear,1,1,1,1,0,0,0
209943,2015,2015-10-15 00:00:00.000,2015-10-15 00:00:00.000,3,Odisha,Malkangiri,2,1,1,Clear,2,2,2,2,0,0,0
209945,2015,2015-10-16 00:00:00.000,2015-10-19 00:00:00.000,3,Odisha,Malkangiri,3,2,1,Clear,1,1,1,1,0,0,0
209946,2015,2015-10-16 00:00:00.000,2015-10-30 00:00:00.000,3,Odisha,Malkangiri,2,4,1,Clear,1,1,1,1,0,0,0
209947,2015,2015-11-07 00:00:00.000,2015-11-11 00:00:00.000,1,Odisha,Sundargarh,2,2,1,Clear,1,1,1,0,0,1,0
209949,2015,2015-11-15 00:00:00.000,2015-11-15 00:00:00.000,1,Odisha,Kalahandi,2,1,1,Clear,3,3,3,3,0,0,0
209952,2015,2015-11-23 00:00:00.000,2015-11-23 00:00:00.000,1,Odisha,Bolangir,1,1,1,Clear,1,1,1,0,1,0,0
209954,2015,2015-12-25 00:00:00.000,2015-12-25 00:00:00.000,3,Odisha,Malkangiri,1,1,1,Clear,1,1,1,1,0,0,0
209955,2015,2015-12-25 00:00:00.000,2015-12-25 00:00:00.000,1,Odisha,Malkangiri,1,1,1,Clear,1,1,1,0,1,0,0
213003,2015,2015-01-25 00:00:00.000,2015-01-25 00:00:00.000,3,Jharkhand,Khunti,2,1,1,Clear,0,1,0,0,0,0,0
213008,2015,2015-01-01 00:00:00.000,2015-04-29 00:00:00.000,1,Unspecified,Unspecified,6,5,2,Clear,0,11,0,0,0,0,0
213014,2015,2015-07-02 00:00:00.000,2015-07-02 00:00:00.000,3,Bihar,Lakhisarai,3,1,1,Clear,2,2,2,2,0,0,0
213056,2015,2015-08-24 00:00:00.000,2015-08-24 00:00:00.000,3,Chhattisgarh,Dantewada,2,1,1,Clear,1,1,1,1,0,0,0
213058,2015,2015-11-09 00:00:00.000,2015-11-09 00:00:00.000,3,Jharkhand,Seraikela-Kharsawan,1,1,1,Clear,0,1,0,0,0,0,0
213060,2015,2015-11-09 00:00:00.000,2015-11-09 00:00:00.000,3,Chhattisgarh,Narayanpur,2,1,1,Clear,1,1,1,1,0,0,0
378728,2015,2015-03-07 00:00:00.000,2015-03-11 00:00:00.000,3,Chhattisgarh,Sukma,3,2,1,Clear,1,1,1,1,0,0,0
224931,2016,2016-01-01 00:00:00.000,2016-01-01 00:00:00.000,1,Chhattisgarh,Narayanpur,2,1,1,Clear,2,2,2,0,0,2,0
225008,2016,2016-01-05 00:00:00.000,2016-01-05 00:00:00.000,1,Chhattisgarh,Kondagaon,3,1,1,Clear,2,2,2,0,0,2,0
225012,2016,2016-01-05 00:00:00.000,2016-01-05 00:00:00.000,3,Andhra Pradesh,Visakhapatnam,2,1,1,Clear,0,1,0,0,0,0,0
225014,2016,2016-01-05 00:00:00.000,2016-01-05 00:00:00.000,3,Andhra Pradesh,Visakhapatnam,3,1,1,Clear,1,1,1,1,0,0,0
225034,2016,2016-01-08 00:00:00.000,2016-01-08 00:00:00.000,1,Bihar,Aurangabad,3,1,1,Clear,4,4,4,0,0,4,0
225053,2016,2016-01-08 00:00:00.000,2016-01-08 00:00:00.000,1,Odisha,Koraput,3,1,1,Clear,2,2,2,0,2,0,0
225059,2016,2016-01-07 00:00:00.000,2016-01-07 00:00:00.000,3,Odisha,Koraput,3,1,1,Clear,1,1,1,1,0,0,0
225080,2016,2016-01-11 00:00:00.000,2016-01-11 00:00:00.000,1,Chhattisgarh,Bijapur,3,1,1,Clear,2,2,2,0,0,2,0
225104,2016,2016-01-15 00:00:00.000,2016-01-15 00:00:00.000,1,Chhattisgarh,Bijapur,1,1,1,Clear,4,4,4,0,0,4,0
225106,2016,2016-01-15 00:00:00.000,2016-01-15 00:00:00.000,3,Odisha,Koraput,3,1,1,Clear,1,1,1,1,0,0,0
225166,2016,2016-01-18 00:00:00.000,2016-01-18 00:00:00.000,1,Chhattisgarh,Sukma,3,1,1,Clear,1,1,1,0,0,1,0
225177,2016,2016-01-19 00:00:00.000,2016-01-19 00:00:00.000,1,Chhattisgarh,Bijapur,3,1,1,Clear,1,1,1,0,0,1,0
225178,2016,2016-01-19 00:00:00.000,2016-01-19 00:00:00.000,1,Chhattisgarh,Bijapur,3,1,1,Clear,1,1,1,0,0,1,0
225200,2016,2016-01-22 00:00:00.000,2016-01-22 00:00:00.000,3,Bihar,Aurangabad,1,1,1,Clear,1,1,1,1,0,0,0
225202,2016,2016-01-24 00:00:00.000,2016-01-24 00:00:00.000,1,Odisha,Deogarh,3,1,1,Clear,2,2,2,0,0,2,0
225205,2016,2016-01-25 00:00:00.000,2016-01-25 00:00:00.000,1,Bihar,Aurangabad,3,1,1,Clear,1,1,1,0,1,0,0
225210,2016,2016-01-26 00:00:00.000,2016-01-26 00:00:00.000,3,Odisha,Kandhamal,3,1,1,Clear,1,1,1,1,0,0,0
225213,2016,2016-01-27 00:00:00.000,2016-01-27 00:00:00.000,1,Jharkhand,Palamu,3,1,1,Clear,7,7,7,0,7,0,0
225214,2016,2016-01-27 00:00:00.000,2016-01-27 00:00:00.000,1,Chhattisgarh,Dantewada,1,1,1,Clear,3,3,3,0,0,3,0
225219,2016,2016-01-29 00:00:00.000,2016-01-29 00:00:00.000,1,Bihar,Jamui,3,1,1,Clear,1,1,1,0,0,1,0
225235,2016,2016-01-30 00:00:00.000,2016-01-30 00:00:00.000,1,Chhattisgarh,Sukma,3,1,1,Clear,2,2,2,0,0,2,0
225236,2016,2016-01-30 00:00:00.000,2016-01-30 00:00:00.000,1,Chhattisgarh,Bastar,3,1,1,Clear,1,1,1,0,0,1,0
225237,2016,2016-01-30 00:00:00.000,2016-01-30 00:00:00.000,1,Chhattisgarh,Bijapur,3,1,1,Clear,1,1,1,0,0,1,0
225243,2016,2016-01-30 00:00:00.000,2016-01-30 00:00:00.000,1,Bihar,Munger,3,1,1,Clear,1,1,1,0,1,0,0
225248,2016,2016-01-31 00:00:00.000,2016-01-31 00:00:00.000,1,Chhattisgarh,Sukma,3,1,1,Clear,2,2,2,0,0,2,0
225264,2016,2016-02-02 00:00:00.000,2016-02-02 00:00:00.000,1,Chhattisgarh,Kanker,2,1,1,Clear,1,1,1,0,0,1,0
225280,2016,2016-02-04 00:00:00.000,2016-02-04 00:00:00.000,1,Chhattisgarh,Sukma,3,1,1,Clear,1,1,1,0,0,1,0
225281,2016,2016-02-04 00:00:00.000,2016-02-04 00:00:00.000,1,Chhattisgarh,Bastar,3,1,1,Clear,1,1,1,0,0,1,0
225283,2016,2016-02-04 00:00:00.000,2016-02-04 00:00:00.000,3,Odisha,Rayagada,1,1,1,Clear,1,1,1,1,0,0,0
225313,2016,2016-02-07 00:00:00.000,2016-02-07 00:00:00.000,1,Jharkhand,Bokaro,2,1,1,Clear,1,1,1,0,0,1,0
225336,2016,2016-02-11 00:00:00.000,2016-02-11 00:00:00.000,1,Odisha,Kalahandi,2,1,1,Clear,1,1,1,0,0,1,0
225341,2016,2016-02-13 00:00:00.000,2016-02-13 00:00:00.000,1,Chhattisgarh,Kanker,3,1,1,Clear,1,1,1,0,1,0,0
225342,2016,2016-02-13 00:00:00.000,2016-02-13 00:00:00.000,1,Chhattisgarh,Bijapur,3,1,1,Clear,3,3,3,0,0,3,0
225361,2016,2016-02-14 00:00:00.000,2016-02-14 00:00:00.000,3,Maharashtra,Gadchiroli,1,1,1,Clear,1,1,1,1,0,0,0
225362,2016,2016-02-15 00:00:00.000,2016-02-15 00:00:00.000,3,Maharashtra,Gadchiroli,1,1,1,Clear,1,1,1,1,0,0,0
225364,2016,2016-02-17 00:00:00.000,2016-02-17 00:00:00.000,3,Chhattisgarh,Kanker,2,1,1,Clear,1,1,1,1,0,0,0
225365,2016,2016-02-17 00:00:00.000,2016-02-17 00:00:00.000,1,Chhattisgarh,Sukma,3,1,1,Clear,1,1,1,0,0,1,0
225367,2016,2016-02-19 00:00:00.000,2016-02-19 00:00:00.000,1,Jharkhand,Ranchi,2,1,1,Clear,4,4,4,0,0,4,0
225388,2016,2016-02-21 00:00:00.000,2016-02-21 00:00:00.000,1,Andhra Pradesh,Visakhapatnam,2,1,1,Clear,2,2,2,0,0,2,0
225398,2016,2016-03-06 00:00:00.000,2016-03-06 00:00:00.000,1,Andhra Pradesh,Visakhapatnam,2,1,1,Clear,1,1,1,1,0,0,0
225401,2016,2016-03-22 00:00:00.000,2016-03-22 00:00:00.000,1,Andhra Pradesh,Vizianagaram,3,1,1,Clear,1,1,1,1,0,0,0
225404,2016,2016-03-23 00:00:00.000,2016-03-23 00:00:00.000,3,Andhra Pradesh,Vizianagaram,3,1,1,Clear,1,1,1,1,0,0,0
225406,2016,2016-05-04 00:00:00.000,2016-05-04 00:00:00.000,1,Andhra Pradesh,Visakhapatnam,3,1,1,Clear,3,3,3,0,0,3,0
225410,2016,2016-07-30 00:00:00.000,2016-07-30 00:00:00.000,3,Andhra Pradesh,East Godavari,3,1,1,Clear,1,1,1,1,0,0,0
225412,2016,2016-05-21 00:00:00.000,2016-05-21 00:00:00.000,3,Bihar,Jamui,1,1,1,Clear,3,3,3,3,0,0,0
225416,2016,2016-05-25 00:00:00.000,2016-05-25 00:00:00.000,3,Bihar,Gaya,3,1,1,Clear,2,2,2,2,0,0,0
225422,2016,2016-06-19 00:00:00.000,2016-06-19 00:00:00.000,1,Bihar,Aurangabad,3,1,1,Clear,1,1,1,0,1,0,0
225424,2016,2016-07-18 00:00:00.000,2016-07-18 00:00:00.000,1,Bihar,Aurangabad,3,1,1,Clear,13,14,13,0,10,3,0
225443,2016,2016-02-19 00:00:00.000,2016-02-19 00:00:00.000,1,Chhattisgarh,Kondagaon,3,1,1,Clear,1,1,1,0,0,1,0
225444,2016,2016-02-20 00:00:00.000,2016-02-20 00:00:00.000,1,Chhattisgarh,Sukma,2,1,1,Clear,1,1,1,0,0,1,0
225445,2016,2016-02-27 00:00:00.000,2016-02-27 00:00:00.000,3,Chhattisgarh,Narayanpur,3,1,1,Clear,1,1,1,1,0,0,0
225446,2016,2016-02-27 00:00:00.000,2016-02-27 00:00:00.000,3,Chhattisgarh,Kanker,2,1,1,Clear,1,1,1,1,0,0,0
225447,2016,2016-02-29 00:00:00.000,2016-02-29 00:00:00.000,3,Chhattisgarh,Narayanpur,3,1,1,Clear,4,4,4,4,0,0,0
225448,2016,2016-03-01 00:00:00.000,2016-03-01 00:00:00.000,1,Chhattisgarh,Sukma,5,1,1,Clear,8,8,8,0,0,8,0
225449,2016,2016-03-02 00:00:00.000,2016-03-02 00:00:00.000,3,Chhattisgarh,Kanker,1,1,1,Clear,1,1,1,1,0,0,0
225450,2016,2016-03-03 00:00:00.000,2016-03-03 00:00:00.000,1,Chhattisgarh,Narayanpur,3,1,1,Clear,1,1,1,0,0,1,0
225451,2016,2016-03-03 00:00:00.000,2016-03-04 00:00:00.000,1,Chhattisgarh,Sukma,3,2,1,Clear,3,3,3,0,3,0,0
225452,2016,2016-03-06 00:00:00.000,2016-03-06 00:00:00.000,1,Chhattisgarh,Narayanpur,3,1,1,Clear,2,2,2,2,0,0,0
225453,2016,2016-03-07 00:00:00.000,2016-03-07 00:00:00.000,3,Chhattisgarh,Rajnandgaon,3,1,1,Clear,1,1,1,1,0,0,0
225454,2016,2016-03-10 00:00:00.000,2016-03-10 00:00:00.000,1,Chhattisgarh,Sukma,3,1,1,Clear,1,1,1,0,1,0,0
225455,2016,2016-03-12 00:00:00.000,2016-03-12 00:00:00.000,1,Chhattisgarh,Kanker,3,1,1,Clear,2,2,2,0,2,0,0
225456,2016,2016-03-13 00:00:00.000,2016-03-13 00:00:00.000,1,Chhattisgarh,Sukma,3,1,1,Clear,1,1,1,0,0,1,0
225457,2016,2016-03-17 00:00:00.000,2016-03-17 00:00:00.000,1,Chhattisgarh,Sukma,2,1,1,Clear,1,1,1,1,0,0,0
225458,2016,2016-03-17 00:00:00.000,2016-03-17 00:00:00.000,3,Chhattisgarh,Kanker,3,1,1,Clear,1,1,1,1,0,0,0
225493,2016,2016-03-21 00:00:00.000,2016-03-21 00:00:00.000,3,Chhattisgarh,Sukma,1,1,1,Clear,1,1,1,1,0,0,0
225494,2016,2016-03-22 00:00:00.000,2016-03-22 00:00:00.000,3,Chhattisgarh,Sukma,3,1,1,Clear,1,1,1,1,0,0,0
225495,2016,2016-03-25 00:00:00.000,2016-03-25 00:00:00.000,1,Chhattisgarh,Kondagaon,2,1,1,Clear,1,1,1,0,0,1,0
225496,2016,2016-03-29 00:00:00.000,2016-03-29 00:00:00.000,1,Chhattisgarh,Narayanpur,2,1,1,Clear,3,3,3,0,0,3,0
225498,2016,2016-03-30 00:00:00.000,2016-03-30 00:00:00.000,1,Chhattisgarh,Dantewada,3,1,1,Clear,7,7,7,0,7,0,0
225504,2016,2016-04-08 00:00:00.000,2016-04-08 00:00:00.000,1,Chhattisgarh,Bijapur,3,1,1,Clear,1,1,1,0,1,0,0
225505,2016,2016-03-11 00:00:00.000,2016-03-11 00:00:00.000,1,Chhattisgarh,Sukma,3,1,1,Clear,1,1,1,0,1,0,0
225507,2016,2016-04-14 00:00:00.000,2016-04-14 00:00:00.000,1,Chhattisgarh,Bijapur,2,1,1,Clear,1,1,1,0,1,0,0
225508,2016,2016-04-15 00:00:00.000,2016-04-15 00:00:00.000,1,Chhattisgarh,Kanker,3,1,1,Clear,3,3,3,0,0,3,0
225509,2016,2016-04-20 00:00:00.000,2016-04-20 00:00:00.000,1,Chhattisgarh,Dantewada,2,1,1,Clear,1,1,1,0,1,0,0
225510,2016,2016-04-22 00:00:00.000,2016-04-22 00:00:00.000,1,Chhattisgarh,Bastar,3,1,1,Clear,2,2,2,0,0,2,0
225513,2016,2016-04-23 00:00:00.000,2016-04-23 00:00:00.000,3,Chhattisgarh,Bijapur,3,1,1,Clear,1,1,1,1,0,0,0
225514,2016,2016-04-23 00:00:00.000,2016-04-23 00:00:00.000,1,Chhattisgarh,Sukma,2,1,1,Clear,1,1,1,0,0,1,0
225515,2016,2016-04-24 00:00:00.000,2016-04-24 00:00:00.000,3,Chhattisgarh,Sukma,3,1,1,Clear,1,1,1,1,0,0,0
225516,2016,2016-04-28 00:00:00.000,2016-04-28 00:00:00.000,1,Chhattisgarh,Bijapur,3,1,1,Clear,1,1,1,0,1,0,0
225517,2016,2016-05-07 00:00:00.000,2016-05-07 00:00:00.000,1,Chhattisgarh,Dantewada,2,1,1,Clear,2,2,2,0,0,2,0
225535,2016,2016-05-09 00:00:00.000,2016-05-09 00:00:00.000,1,Chhattisgarh,Sukma,2,1,1,Clear,1,1,1,0,1,0,0
225536,2016,2016-05-11 00:00:00.000,2016-05-11 00:00:00.000,1,Chhattisgarh,Sukma,2,1,1,Clear,2,2,2,0,0,2,0
225538,2016,2016-05-17 00:00:00.000,2016-05-17 00:00:00.000,1,Chhattisgarh,Bijapur,2,1,1,Clear,1,1,1,0,1,0,0
225548,2016,2016-05-20 00:00:00.000,2016-05-20 00:00:00.000,1,Chhattisgarh,Kanker,2,1,1,Clear,1,1,1,0,0,1,0
225549,2016,2016-05-21 00:00:00.000,2016-05-21 00:00:00.000,1,Chhattisgarh,Bijapur,2,1,1,Clear,2,2,2,0,0,2,0
225557,2016,2016-05-23 00:00:00.000,2016-05-23 00:00:00.000,1,Chhattisgarh,Dantewada,2,1,1,Clear,1,1,1,0,0,1,0
225560,2016,2016-05-25 00:00:00.000,2016-05-25 00:00:00.000,3,Chhattisgarh,Kondagaon,3,1,1,Clear,1,1,1,1,0,0,0
225561,2016,2016-05-25 00:00:00.000,2016-05-25 00:00:00.000,3,Chhattisgarh,Dantewada,3,1,1,Clear,1,1,1,1,0,0,0
225563,2016,2016-06-05 00:00:00.000,2016-06-05 00:00:00.000,1,Chhattisgarh,Kanker,3,1,1,Clear,1,1,1,0,1,0,0
225565,2016,2016-06-10 00:00:00.000,2016-06-10 00:00:00.000,1,Chhattisgarh,Bijapur,3,1,1,Clear,1,1,1,0,1,0,0
225566,2016,2016-06-13 00:00:00.000,2016-06-13 00:00:00.000,1,Chhattisgarh,Sukma,2,1,1,Clear,1,1,1,0,0,1,0
225567,2016,2016-06-14 00:00:00.000,2016-06-14 00:00:00.000,1,Chhattisgarh,Narayanpur,2,1,1,Clear,0,12,0,0,0,0,0
225569,2016,2016-06-25 00:00:00.000,2016-06-25 00:00:00.000,1,Chhattisgarh,Bijapur,1,1,1,Clear,1,1,1,0,1,0,0
225570,2016,2016-06-27 00:00:00.000,2016-06-27 00:00:00.000,3,Chhattisgarh,Kanker,3,1,1,Clear,1,1,1,1,0,0,0
225571,2016,2016-06-28 00:00:00.000,2016-06-28 00:00:00.000,1,Chhattisgarh,Sukma,2,1,1,Clear,3,3,3,0,0,3,0
225572,2016,2016-07-04 00:00:00.000,2016-07-04 00:00:00.000,1,Chhattisgarh,Bijapur,2,1,1,Clear,1,1,1,0,1,0,0
225573,2016,2016-07-10 00:00:00.000,2016-07-10 00:00:00.000,1,Chhattisgarh,Bijapur,2,1,1,Clear,4,4,4,0,0,4,0
225574,2016,2016-07-13 00:00:00.000,2016-07-13 00:00:00.000,1,Chhattisgarh,Bastar,2,1,1,Clear,0,2,0,0,0,0,0
225575,2016,2016-07-16 00:00:00.000,2016-07-16 00:00:00.000,1,Chhattisgarh,Bijapur,2,1,1,Clear,4,4,4,0,0,4,0
225576,2016,2016-01-01 00:00:00.000,2016-06-30 00:00:00.000,1,Chhattisgarh,Unspecified,4,5,2,Clear,0,31,0,0,0,0,0
225577,2016,2016-07-23 00:00:00.000,2016-07-23 00:00:00.000,1,Chhattisgarh,Sukma,2,1,1,Clear,2,2,2,0,0,2,0
225581,2016,2016-07-27 00:00:00.000,2016-07-27 00:00:00.000,1,Chhattisgarh,Sukma,3,1,1,Clear,1,1,1,0,0,1,0
225582,2016,2016-07-30 00:00:00.000,2016-07-30 00:00:00.000,1,Chhattisgarh,Sukma,3,1,1,Clear,1,1,1,0,1,0,0
225625,2016,2016-02-23 00:00:00.000,2016-02-23 00:00:00.000,1,Jharkhand,Gumla,2,1,1,Clear,1,1,1,0,0,1,0
225652,2016,2016-04-08 00:00:00.000,2016-04-08 00:00:00.000,3,Jharkhand,Bokaro,3,1,1,Clear,1,1,1,1,0,0,0
225666,2016,2016-04-21 00:00:00.000,2016-04-21 00:00:00.000,3,Jharkhand,West Singhbhum,3,1,1,Clear,1,1,1,1,0,0,0
225684,2016,2016-06-17 00:00:00.000,2016-06-17 00:00:00.000,1,Jharkhand,Giridih,3,1,1,Clear,1,1,1,0,1,0,0
225700,2016,2016-06-24 00:00:00.000,2016-06-24 00:00:00.000,1,Jharkhand,Giridih,3,1,1,Clear,0,2,0,0,0,0,0
225701,2016,2016-07-02 00:00:00.000,2016-07-02 00:00:00.000,1,Jharkhand,Simdega,3,1,1,Clear,1,1,1,0,0,1,0
225702,2016,2016-07-03 00:00:00.000,2016-07-03 00:00:00.000,3,Jharkhand,Giridih,3,1,1,Clear,2,2,2,2,0,0,0
225705,2016,2016-07-11 00:00:00.000,2016-07-11 00:00:00.000,1,Jharkhand,Latehar,3,1,1,Clear,1,1,1,0,1,0,0
225706,2016,2016-07-24 00:00:00.000,2016-07-25 00:00:00.000,3,Jharkhand,Latehar,3,2,1,Clear,3,3,3,3,0,0,0
225708,2016,2016-03-10 00:00:00.000,2016-03-10 00:00:00.000,1,Maharashtra,Gadchiroli,2,1,1,Clear,1,1,1,0,1,0,0
225709,2016,2016-03-20 00:00:00.000,2016-03-20 00:00:00.000,1,Maharashtra,Gadchiroli,2,1,1,Clear,2,2,2,0,0,2,0
225711,2016,2016-03-27 00:00:00.000,2016-03-27 00:00:00.000,3,Maharashtra,Gadchiroli,3,1,1,Clear,1,1,1,1,0,0,0
225713,2016,2016-03-27 00:00:00.000,2016-03-27 00:00:00.000,3,Maharashtra,Gadchiroli,3,1,1,Clear,1,1,1,1,0,0,0
225716,2016,2016-04-14 00:00:00.000,2016-04-14 00:00:00.000,1,Maharashtra,Gadchiroli,1,1,1,Clear,1,1,1,0,1,0,0
225718,2016,2016-04-19 00:00:00.000,2016-04-19 00:00:00.000,1,Maharashtra,Gadchiroli,2,1,1,Clear,1,1,1,0,0,1,0
225719,2016,2016-04-25 00:00:00.000,2016-04-25 00:00:00.000,3,Maharashtra,Gadchiroli,1,1,1,Clear,1,1,1,1,0,0,0
225720,2016,2016-04-25 00:00:00.000,2016-04-25 00:00:00.000,3,Maharashtra,Gadchiroli,1,1,1,Clear,1,1,1,1,0,0,0
225724,2016,2016-04-30 00:00:00.000,2016-04-30 00:00:00.000,3,Maharashtra,Gadchiroli,2,1,1,Clear,2,2,2,2,0,0,0
225733,2016,2016-05-10 00:00:00.000,2016-05-10 00:00:00.000,1,Maharashtra,Gadchiroli,3,1,1,Clear,1,1,1,0,0,1,0
225734,2016,2016-05-22 00:00:00.000,2016-05-22 00:00:00.000,3,Maharashtra,Gadchiroli,1,1,1,Clear,1,1,1,1,0,0,0
225738,2016,2016-05-27 00:00:00.000,2016-05-27 00:00:00.000,3,Maharashtra,Gadchiroli,2,1,1,Clear,1,1,1,1,0,0,0
225740,2016,2016-05-31 00:00:00.000,2016-06-02 00:00:00.000,3,Maharashtra,Gadchiroli,3,2,1,Clear,1,1,1,1,0,0,0
225744,2016,2016-06-19 00:00:00.000,2016-06-19 00:00:00.000,1,Maharashtra,Gadchiroli,3,1,1,Clear,3,3,3,0,0,3,0
225751,2016,2016-06-29 00:00:00.000,2016-06-29 00:00:00.000,1,Maharashtra,Gadchiroli,2,1,1,Clear,1,1,1,0,0,1,0
225754,2016,2016-07-28 00:00:00.000,2016-07-28 00:00:00.000,1,Maharashtra,Gadchiroli,2,1,1,Clear,1,1,1,0,0,1,0
225769,2016,2016-08-01 00:00:00.000,2016-08-01 00:00:00.000,3,Maharashtra,Gadchiroli,3,1,1,Clear,1,1,1,1,0,0,0
225773,2016,2016-02-19 00:00:00.000,2016-02-19 00:00:00.000,3,Odisha,Malkangiri,3,1,1,Clear,1,1,1,1,0,0,0
225774,2016,2016-02-26 00:00:00.000,2016-02-26 00:00:00.000,1,Odisha,Rayagada,3,1,1,Clear,1,1,1,0,0,1,0
225775,2016,2016-02-27 00:00:00.000,2016-02-27 00:00:00.000,3,Odisha,Malkangiri,3,1,1,Clear,1,1,1,1,0,0,0
225776,2016,2016-02-27 00:00:00.000,2016-02-27 00:00:00.000,1,Odisha,Rayagada,3,1,1,Clear,1,1,1,0,0,1,0
225780,2016,2016-03-19 00:00:00.000,2016-03-19 00:00:00.000,1,Odisha,Koraput,2,1,1,Clear,1,1,1,0,0,1,0
225788,2016,2016-04-18 00:00:00.000,2016-04-18 00:00:00.000,3,Odisha,Nuapada,3,1,1,Clear,1,1,1,1,0,0,0
225789,2016,2016-04-30 00:00:00.000,2016-04-30 00:00:00.000,1,Odisha,Kalahandi,2,1,1,Clear,3,3,3,0,0,3,0
225791,2016,2016-08-06 00:00:00.000,2016-08-06 00:00:00.000,3,Odisha,Malkangiri,1,1,1,Clear,1,1,1,1,0,0,0
226967,2016,2016-01-03 00:00:00.000,2016-01-03 00:00:00.000,3,Chhattisgarh,Dantewada,1,1,1,Clear,1,1,1,1,0,0,0
227135,2016,2016-01-18 00:00:00.000,2016-01-18 00:00:00.000,1,Chhattisgarh,Bijapur,3,1,1,Clear,1,1,1,0,0,1,0
227224,2016,2016-02-15 00:00:00.000,2016-02-15 00:00:00.000,1,Chhattisgarh,Bijapur,1,1,1,Clear,1,1,1,0,1,0,0
227253,2016,2016-02-22 00:00:00.000,2016-02-29 00:00:00.000,3,Chhattisgarh,Narayanpur,3,4,2,Clear,5,5,5,5,0,0,0
227259,2016,2016-01-01 00:00:00.000,2016-03-03 00:00:00.000,3,Chhattisgarh,Narayanpur,3,5,2,Clear,0,10,0,0,0,0,0
227321,2016,2016-03-11 00:00:00.000,2016-03-11 00:00:00.000,3,Maharashtra,Gadchiroli,1,1,1,Clear,1,1,1,1,0,0,0
227382,2016,2016-04-16 00:00:00.000,2016-04-16 00:00:00.000,3,Madhya Pradesh,Balaghat,3,1,1,Clear,1,1,1,1,0,0,0
227599,2016,2016-06-20 00:00:00.000,2016-06-21 00:00:00.000,3,Chhattisgarh,Bijapur,3,2,1,Clear,1,1,1,1,0,0,0
227606,2016,2016-08-09 00:00:00.000,2016-08-09 00:00:00.000,1,Bihar,Lakhisarai,3,1,1,Clear,1,1,1,0,1,0,0
227770,2016,2016-07-30 00:00:00.000,2016-07-30 00:00:00.000,3,Chhattisgarh,Bijapur,3,1,1,Clear,1,1,1,0,0,0,1
227783,2016,2016-08-05 00:00:00.000,2016-08-05 00:00:00.000,1,Chhattisgarh,Dantewada,3,1,1,Clear,3,3,3,0,0,3,0
227796,2016,2016-08-09 00:00:00.000,2016-08-09 00:00:00.000,1,Chhattisgarh,Rajnandgaon,3,1,1,Clear,1,1,1,0,0,1,0
227815,2016,2016-08-14 00:00:00.000,2016-08-14 00:00:00.000,1,Chhattisgarh,Rajnandgaon,2,1,1,Clear,1,1,1,0,1,0,0
227827,2016,2016-08-16 00:00:00.000,2016-08-16 00:00:00.000,1,Chhattisgarh,Bastar,2,1,1,Clear,1,1,1,0,0,1,0
227835,2016,2016-08-16 00:00:00.000,2016-08-16 00:00:00.000,3,Jharkhand,Giridih,2,1,1,Clear,1,1,1,1,0,0,0
227858,2016,2016-08-26 00:00:00.000,2016-08-26 00:00:00.000,3,Chhattisgarh,Sukma,2,1,1,Clear,1,1,1,1,0,0,0
227967,2016,2016-07-31 00:00:00.000,2016-07-31 00:00:00.000,3,Chhattisgarh,Bijapur,2,1,1,Clear,1,1,1,1,0,0,0
227971,2016,2016-07-31 00:00:00.000,2016-07-31 00:00:00.000,1,Chhattisgarh,Kanker,3,1,1,Clear,1,1,1,0,1,0,0
227974,2016,2016-08-01 00:00:00.000,2016-08-01 00:00:00.000,1,Chhattisgarh,Bastar,2,1,1,Clear,2,2,2,0,0,2,0
227976,2016,2016-08-11 00:00:00.000,2016-08-11 00:00:00.000,1,Chhattisgarh,Bastar,2,1,1,Clear,1,1,1,0,0,1,0
227983,2016,2016-08-24 00:00:00.000,2016-08-24 00:00:00.000,1,Chhattisgarh,Sukma,2,1,1,Clear,1,1,1,0,0,1,0
228004,2016,2016-08-28 00:00:00.000,2016-08-28 00:00:00.000,1,Chhattisgarh,Bastar,2,1,1,Clear,1,1,1,0,0,1,0
228005,2016,2016-08-26 00:00:00.000,2016-08-26 00:00:00.000,1,Chhattisgarh,Sukma,3,1,1,Clear,1,1,1,0,1,0,0
228007,2016,2016-07-25 00:00:00.000,2016-07-25 00:00:00.000,3,Jharkhand,Gumla,3,1,1,Clear,1,1,1,1,0,0,0
234900,2016,2016-10-24 00:00:00.000,2016-10-24 00:00:00.000,1,Odisha,Malkangiri,3,1,1,Clear,25,32,1,0,1,24,0
234926,2016,2016-11-11 00:00:00.000,2016-11-11 00:00:00.000,3,Madhya Pradesh,Balaghat,3,1,1,Clear,1,1,1,1,0,0,0
234958,2016,2016-12-29 00:00:00.000,2016-12-29 00:00:00.000,3,Maharashtra,Gadchiroli,1,1,1,Clear,2,1,2,2,0,0,0
234959,2016,2016-12-29 00:00:00.000,2016-12-29 00:00:00.000,3,Maharashtra,Gadchiroli,1,1,1,Clear,1,2,1,1,0,0,0
234961,2016,2016-09-25 00:00:00.000,2016-09-25 00:00:00.000,3,Bihar,Munger,3,1,1,Clear,1,1,1,1,0,0,0
234962,2016,2016-10-03 00:00:00.000,2016-10-03 00:00:00.000,1,Bihar,Gaya,1,1,1,Clear,1,1,1,0,1,0,0
234968,2016,2016-10-09 00:00:00.000,2016-10-09 00:00:00.000,1,Bihar,Gaya,3,1,1,Clear,1,1,1,0,0,1,0
235043,2016,2016-09-11 00:00:00.000,2016-09-11 00:00:00.000,1,Jharkhand,Gumla,3,1,1,Clear,1,1,1,0,0,1,0
235051,2016,2016-09-17 00:00:00.000,2016-09-17 00:00:00.000,3,Jharkhand,Lohardaga,2,1,1,Clear,1,1,1,1,0,0,0
235173,2016,2016-10-31 00:00:00.000,2016-10-31 00:00:00.000,3,Jharkhand,Gumla,3,1,1,Clear,1,1,1,1,0,0,0
235199,2016,2016-11-23 00:00:00.000,2016-11-23 00:00:00.000,1,Jharkhand,Latehar,3,1,1,Clear,6,6,6,0,0,6,0
235230,2016,2016-09-15 00:00:00.000,2016-09-15 00:00:00.000,1,Odisha,Kalahandi,3,1,1,Clear,1,1,1,0,0,1,0
235231,2016,2016-10-02 00:00:00.000,2016-10-02 00:00:00.000,3,Odisha,Malkangiri,2,1,1,Clear,1,1,1,1,0,0,0
235232,2016,2016-10-27 00:00:00.000,2016-10-27 00:00:00.000,3,Odisha,Kalahandi,1,1,1,Clear,1,1,1,1,0,0,0
235233,2016,2016-11-02 00:00:00.000,2016-11-02 00:00:00.000,3,Odisha,Kalahandi,2,1,1,Clear,1,1,1,1,0,0,0
235234,2016,2016-11-18 00:00:00.000,2016-11-18 00:00:00.000,3,Odisha,Koraput,1,1,1,Clear,1,1,1,1,0,0,0
235268,2016,2016-12-26 00:00:00.000,2016-12-26 00:00:00.000,3,Odisha,Malkangiri,1,1,1,Clear,1,1,1,1,0,0,0
235270,2016,2016-12-29 00:00:00.000,2016-12-29 00:00:00.000,3,Odisha,Malkangiri,1,1,1,Clear,1,1,1,1,0,0,0
235272,2016,2016-09-06 00:00:00.000,2016-09-06 00:00:00.000,1,Chhattisgarh,Sukma,3,1,1,Clear,1,1,1,0,0,1,0
235273,2016,2016-09-07 00:00:00.000,2016-09-07 00:00:00.000,3,Chhattisgarh,Mahasamund,1,1,1,Clear,1,1,1,1,0,0,0
235281,2016,2016-09-07 00:00:00.000,2016-09-07 00:00:00.000,1,Chhattisgarh,Bijapur,3,1,1,Clear,2,2,2,0,0,2,0
235285,2016,2016-09-21 00:00:00.000,2016-09-21 00:00:00.000,1,Chhattisgarh,Kondagaon,3,1,1,Clear,1,1,1,0,1,0,0
235287,2016,2016-09-25 00:00:00.000,2016-09-25 00:00:00.000,1,Chhattisgarh,Bijapur,3,1,1,Clear,1,1,1,0,0,1,0
235293,2016,2016-09-26 00:00:00.000,2016-09-26 00:00:00.000,1,Chhattisgarh,Sukma,3,1,1,Clear,2,2,2,0,0,2,0
235294,2016,2016-09-27 00:00:00.000,2016-09-27 00:00:00.000,1,Chhattisgarh,Kondagaon,3,1,1,Clear,1,1,1,0,0,1,0
235299,2016,2016-09-29 00:00:00.000,2016-09-29 00:00:00.000,1,Chhattisgarh,Narayanpur,3,1,1,Clear,1,1,1,0,1,0,0
235303,2016,2016-09-29 00:00:00.000,2016-09-29 00:00:00.000,1,Chhattisgarh,Sukma,3,1,1,Clear,1,1,1,0,0,1,0
235304,2016,2016-09-30 00:00:00.000,2016-09-30 00:00:00.000,1,Chhattisgarh,Sukma,3,1,1,Clear,1,1,1,0,0,1,0
235305,2016,2016-10-01 00:00:00.000,2016-10-01 00:00:00.000,3,Chhattisgarh,Bastar,3,1,1,Clear,3,3,3,3,0,0,0
235306,2016,2016-10-02 00:00:00.000,2016-10-02 00:00:00.000,1,Chhattisgarh,Kondagaon,3,1,1,Clear,1,1,1,0,0,1,0
235308,2016,2016-10-05 00:00:00.000,2016-10-05 00:00:00.000,1,Chhattisgarh,Kanker,2,1,1,Clear,1,1,1,0,0,1,0
235326,2016,2016-10-07 00:00:00.000,2016-10-07 00:00:00.000,1,Chhattisgarh,Bijapur,2,1,1,Clear,1,1,1,0,0,1,0
235327,2016,2016-10-11 00:00:00.000,2016-10-11 00:00:00.000,1,Chhattisgarh,Bijapur,3,1,1,Clear,1,1,1,0,1,0,0
235328,2016,2016-10-18 00:00:00.000,2016-10-18 00:00:00.000,1,Chhattisgarh,Sukma,2,1,1,Clear,1,1,1,0,0,1,0
235329,2016,2016-10-19 00:00:00.000,2016-10-19 00:00:00.000,3,Chhattisgarh,Sukma,3,1,1,Clear,1,1,1,1,0,0,0
235330,2016,2016-10-26 00:00:00.000,2016-10-26 00:00:00.000,1,Chhattisgarh,Narayanpur,2,1,1,Clear,1,1,1,0,0,1,0
235331,2016,2016-11-05 00:00:00.000,2016-11-05 00:00:00.000,3,Chhattisgarh,Sukma,3,1,1,Clear,1,1,1,1,0,0,0
235332,2016,2016-11-06 00:00:00.000,2016-11-06 00:00:00.000,1,Chhattisgarh,Rajnandgaon,2,1,1,Clear,1,1,1,0,1,0,0
235333,2016,2016-11-10 00:00:00.000,2016-11-10 00:00:00.000,1,Chhattisgarh,Bijapur,3,1,1,Clear,1,1,1,0,1,0,0
235334,2016,2016-11-10 00:00:00.000,2016-11-10 00:00:00.000,1,Chhattisgarh,Bijapur,3,1,1,Clear,1,1,1,0,1,0,0
235336,2016,2016-11-11 00:00:00.000,2016-11-11 00:00:00.000,1,Chhattisgarh,Kanker,2,1,1,Clear,1,1,1,0,0,1,0
235337,2016,2016-11-12 00:00:00.000,2016-11-12 00:00:00.000,1,Chhattisgarh,Kondagaon,3,1,1,Clear,1,1,1,0,0,1,0
235338,2016,2016-11-14 00:00:00.000,2016-11-14 00:00:00.000,1,Chhattisgarh,Sukma,3,1,1,Clear,1,1,1,0,0,1,0
235339,2016,2016-11-16 00:00:00.000,2016-11-16 00:00:00.000,1,Chhattisgarh,Dantewada,3,1,1,Clear,6,6,6,0,0,6,0
235340,2016,2016-11-17 00:00:00.000,2016-11-17 00:00:00.000,1,Chhattisgarh,Bijapur,3,1,1,Clear,1,1,1,0,0,1,0
235341,2016,2016-11-19 00:00:00.000,2016-11-19 00:00:00.000,1,Chhattisgarh,Narayanpur,2,1,1,Clear,5,5,5,0,0,5,0
235354,2016,2016-11-22 00:00:00.000,2016-11-22 00:00:00.000,1,Chhattisgarh,Sukma,3,1,1,Clear,1,1,1,0,1,0,0
235355,2016,2016-11-25 00:00:00.000,2016-11-25 00:00:00.000,1,Chhattisgarh,Kondagaon,3,1,1,Clear,1,1,1,0,0,1,0
235401,2016,2016-12-04 00:00:00.000,2016-12-04 00:00:00.000,3,Chhattisgarh,Bijapur,3,1,1,Clear,1,1,1,1,0,0,0
235403,2016,2016-12-06 00:00:00.000,2016-12-06 00:00:00.000,1,Chhattisgarh,Dantewada,2,1,1,Clear,1,1,1,0,1,0,0
235406,2016,2016-12-12 00:00:00.000,2016-12-12 00:00:00.000,1,Chhattisgarh,Bijapur,3,1,1,Clear,1,1,1,1,0,0,0
235407,2016,2016-12-13 00:00:00.000,2016-12-13 00:00:00.000,1,Chhattisgarh,Bijapur,3,1,1,Clear,1,1,1,0,0,1,0
235409,2016,2016-12-15 00:00:00.000,2016-12-15 00:00:00.000,1,Chhattisgarh,Bijapur,3,1,1,Clear,2,2,2,0,0,2,0
235410,2016,2016-12-16 00:00:00.000,2016-12-16 00:00:00.000,3,Chhattisgarh,Dantewada,3,1,1,Clear,1,1,1,1,0,0,0
235413,2016,2016-12-17 00:00:00.000,2016-12-17 00:00:00.000,1,Chhattisgarh,Dantewada,1,1,1,Clear,1,1,1,0,0,1,0
235415,2016,2016-12-18 00:00:00.000,2016-12-18 00:00:00.000,1,Chhattisgarh,Bijapur,1,1,1,Clear,1,1,1,0,0,1,0
235416,2016,2016-12-23 00:00:00.000,2016-12-23 00:00:00.000,1,Chhattisgarh,Sukma,3,1,1,Clear,1,1,1,0,0,1,0
235417,2016,2016-11-24 00:00:00.000,2016-11-24 00:00:00.000,1,Kerala,Malappuram,2,1,1,Clear,2,2,2,0,0,2,0
236168,2016,2016-10-26 00:00:00.000,2016-10-26 00:00:00.000,1,Odisha,Kalahandi,1,1,1,Clear,1,1,1,0,1,0,0
236198,2016,2016-12-12 00:00:00.000,2016-12-12 00:00:00.000,3,Jharkhand,Unspecified,4,1,1,Clear,1,1,1,1,0,0,0
236217,2016,2016-12-11 00:00:00.000,2016-12-11 00:00:00.000,3,Jharkhand,Gumla,1,1,1,Clear,1,1,1,1,0,0,0
238502,2017,2017-01-04 00:00:00.000,2017-01-04 00:00:00.000,1,Chhattisgarh,Sukma,2,1,1,Clear,1,1,1,0,0,1,0
238507,2017,2017-01-05 00:00:00.000,2017-01-05 00:00:00.000,3,Maharashtra,Gadchiroli,1,1,1,Clear,1,1,1,1,0,0,0
238522,2017,2017-01-10 00:00:00.000,2017-01-10 00:00:00.000,1,Chhattisgarh,Narayanpur,2,1,1,Clear,6,6,6,0,1,5,0
238570,2017,2017-01-11 00:00:00.000,2017-01-11 00:00:00.000,3,Maharashtra,Gadchiroli,1,1,1,Clear,2,2,2,2,0,0,0
238571,2017,2017-01-05 00:00:00.000,2017-01-05 00:00:00.000,1,Maharashtra,Gadchiroli,2,1,1,Clear,1,1,1,0,0,1,0
238575,2017,2017-01-18 00:00:00.000,2017-01-18 00:00:00.000,1,Chhattisgarh,Dantewada,1,1,1,Clear,1,1,1,0,1,0,0
238577,2017,2017-01-19 00:00:00.000,2017-01-19 00:00:00.000,1,Chhattisgarh,Narayanpur,3,1,1,Clear,3,3,3,3,0,0,0
238741,2017,2017-01-24 00:00:00.000,2017-01-24 00:00:00.000,3,Jharkhand,Ramgarh,1,1,1,Clear,1,1,1,1,0,0,0
238750,2017,2017-01-28 00:00:00.000,2017-02-28 00:00:00.000,1,Chhattisgarh,Dantewada,2,5,1,Clear,2,2,2,0,0,2,0
238752,2017,2017-01-31 00:00:00.000,2017-01-31 00:00:00.000,3,Bihar,Jamui,1,1,1,Clear,1,1,1,1,0,0,0
238753,2017,2017-02-01 00:00:00.000,2017-02-01 00:00:00.000,1,Odisha,Koraput,2,1,1,Clear,8,8,8,0,8,0,0
238754,2017,2017-02-03 00:00:00.000,2017-02-03 00:00:00.000,3,Odisha,Malkangiri,1,1,1,Clear,1,1,1,1,0,0,0
238759,2017,2017-02-08 00:00:00.000,2017-02-10 00:00:00.000,3,Chhattisgarh,Raipur,3,2,1,Clear,1,1,1,1,0,0,0
238760,2017,2017-02-10 00:00:00.000,2017-02-10 00:00:00.000,3,Jharkhand,Giridih,1,1,1,Clear,1,1,1,1,0,0,0
238763,2017,2017-02-13 00:00:00.000,2017-02-13 00:00:00.000,1,Chhattisgarh,Bijapur,1,1,1,Clear,1,1,1,0,0,1,0
238787,2017,2017-02-15 00:00:00.000,2017-02-15 00:00:00.000,1,Chhattisgarh,Kondagaon,2,1,1,Clear,2,2,2,0,2,0,0
238789,2017,2017-02-21 00:00:00.000,2017-02-21 00:00:00.000,1,Chhattisgarh,Bastar,2,1,1,Clear,7,7,7,0,0,7,0
238801,2017,2017-03-10 00:00:00.000,2017-03-10 00:00:00.000,3,Chhattisgarh,Sukma,2,1,1,Clear,1,1,1,1,0,0,0
238804,2017,2017-03-11 00:00:00.000,2017-03-11 00:00:00.000,1,Chhattisgarh,Sukma,2,1,1,Clear,12,12,12,0,12,0,0
238807,2017,2017-03-14 00:00:00.000,2017-03-14 00:00:00.000,3,Bihar,Gaya,3,1,1,Clear,1,1,1,1,0,0,0
238809,2017,2017-03-14 00:00:00.000,2017-03-14 00:00:00.000,1,Chhattisgarh,Bijapur,3,1,1,Clear,1,1,1,0,1,0,0
238811,2017,2017-03-15 00:00:00.000,2017-03-18 00:00:00.000,3,Odisha,Kalahandi,1,2,1,Clear,1,1,1,1,0,0,0
238812,2017,2017-03-18 00:00:00.000,2017-03-18 00:00:00.000,1,Chhattisgarh,Dantewada,2,1,1,Clear,8,8,8,0,2,6,0
238814,2017,2017-03-21 00:00:00.000,2017-03-21 00:00:00.000,3,Odisha,Koraput,2,1,1,Clear,1,1,1,1,0,0,0
238815,2017,2017-03-22 00:00:00.000,2017-03-22 00:00:00.000,1,Chhattisgarh,Bijapur,1,1,1,Clear,1,1,1,0,1,0,0
238832,2017,2017-03-31 00:00:00.000,2017-03-31 00:00:00.000,3,Odisha,Malkangiri,1,1,1,Clear,2,2,2,2,0,0,0
238833,2017,2017-03-31 00:00:00.000,2017-03-31 00:00:00.000,3,Odisha,Malkangiri,3,1,1,Clear,1,1,1,1,0,0,0
238837,2017,2017-04-03 00:00:00.000,2017-04-03 00:00:00.000,3,Chhattisgarh,Bijapur,3,1,1,Clear,1,1,1,1,0,0,0
238841,2017,2017-04-09 00:00:00.000,2017-04-09 00:00:00.000,3,Maharashtra,Gadchiroli,1,1,1,Clear,1,1,1,1,0,0,0
238842,2017,2017-04-10 00:00:00.000,2017-04-12 00:00:00.000,3,Chhattisgarh,Bijapur,2,2,1,Clear,1,1,1,1,0,0,0
238843,2017,2017-04-15 00:00:00.000,2017-04-15 00:00:00.000,1,Chhattisgarh,Kanker,1,1,1,Clear,1,1,1,1,0,0,0
238849,2017,2017-04-18 00:00:00.000,2017-04-18 00:00:00.000,3,Jharkhand,Palamu,1,1,1,Clear,2,2,2,2,0,0,0
238852,2017,2017-04-21 00:00:00.000,2017-04-21 00:00:00.000,3,Odisha,Koraput,1,1,1,Clear,1,1,1,1,0,0,0
238854,2017,2017-04-24 00:00:00.000,2017-04-24 00:00:00.000,1,Chhattisgarh,Sukma,2,1,1,Clear,26,26,26,0,26,0,0
238921,2017,2017-04-24 00:00:00.000,2017-04-24 00:00:00.000,1,Chhattisgarh,Sukma,3,1,1,Clear,12,13,11,0,0,12,0
238926,2017,2017-04-29 00:00:00.000,2017-04-29 00:00:00.000,3,Chhattisgarh,Narayanpur,2,1,1,Clear,1,1,1,1,0,0,0
238928,2017,2017-05-01 00:00:00.000,2017-05-01 00:00:00.000,3,Odisha,Malkangiri,1,1,1,Clear,1,1,1,1,0,0,0
238931,2017,2017-05-04 00:00:00.000,2017-05-04 00:00:00.000,1,Maharashtra,Gadchiroli,2,1,1,Clear,1,1,1,0,1,0,0
238933,2017,2017-05-03 00:00:00.000,2017-05-03 00:00:00.000,3,Chhattisgarh,Kondagaon,1,1,1,Clear,1,1,1,1,0,0,0
238942,2017,2017-05-16 00:00:00.000,2017-05-16 00:00:00.000,3,Jharkhand,Giridih,2,1,1,Clear,0,1,0,0,0,0,0
238965,2017,2017-01-10 00:00:00.000,2017-01-10 00:00:00.000,1,Chhattisgarh,Kanker,2,1,1,Clear,1,1,1,0,0,1,0
238972,2017,2017-01-28 00:00:00.000,2017-01-28 00:00:00.000,1,Chhattisgarh,Sukma,2,1,1,Clear,1,1,1,0,1,0,0
238973,2017,2017-04-15 00:00:00.000,2017-04-15 00:00:00.000,1,Chhattisgarh,Kanker,3,1,1,Clear,1,1,1,1,0,0,0
238974,2017,2017-04-18 00:00:00.000,2017-04-18 00:00:00.000,1,Chhattisgarh,Sukma,3,1,1,Clear,1,1,1,1,0,0,0
238975,2017,2017-05-05 00:00:00.000,2017-05-05 00:00:00.000,1,Andhra Pradesh,Visakhapatnam,3,1,1,Clear,1,1,1,1,0,0,0
238976,2017,2017-02-20 00:00:00.000,2017-02-20 00:00:00.000,3,Bihar,Lakhisarai,3,1,1,Clear,1,1,1,1,0,0,0
238977,2017,2017-02-21 00:00:00.000,2017-02-21 00:00:00.000,1,Bihar,Banka,2,1,1,Clear,1,1,1,0,0,1,0
238979,2017,2017-03-08 00:00:00.000,2017-03-08 00:00:00.000,1,Bihar,Gaya,2,1,1,Clear,4,4,4,0,0,4,0
238980,2017,2017-02-05 00:00:00.000,2017-02-05 00:00:00.000,3,Andhra Pradesh,East Godavari,2,1,1,Clear,1,1,1,1,0,0,0
239272,2017,2017-06-03 00:00:00.000,2017-06-03 00:00:00.000,1,Odisha,Malkangiri,2,1,1,Clear,1,1,1,0,0,1,0
239275,2017,2017-06-05 00:00:00.000,2017-06-05 00:00:00.000,3,Uttar Pradesh,Sonbhadra,1,1,1,Clear,0,1,0,0,0,0,0
239303,2017,2017-06-18 00:00:00.000,2017-06-18 00:00:00.000,1,Chhattisgarh,Rajnandgaon,2,1,1,Clear,3,3,3,0,0,3,0
239305,2017,2017-06-18 00:00:00.000,2017-06-18 00:00:00.000,1,Bihar,Jamui,2,1,1,Clear,2,2,2,0,0,2,0
239306,2017,2017-06-19 00:00:00.000,2017-06-19 00:00:00.000,1,Chhattisgarh,Kanker,2,1,1,Clear,1,1,1,0,0,1,0
239308,2017,2017-06-20 00:00:00.000,2017-06-20 00:00:00.000,3,Chhattisgarh,Dantewada,1,1,1,Clear,1,1,1,1,0,0,0
239315,2017,2017-06-22 00:00:00.000,2017-06-22 00:00:00.000,1,Chhattisgarh,Bijapur,1,1,1,Clear,1,1,1,0,1,0,0
239323,2017,2017-06-23 00:00:00.000,2017-06-25 00:00:00.000,1,Chhattisgarh,Sukma,2,2,2,Clear,18,18,18,0,0,18,0
239324,2017,2017-06-24 00:00:00.000,2017-06-24 00:00:00.000,1,Chhattisgarh,Sukma,2,1,1,Clear,3,3,3,0,3,0,0
239344,2017,2017-07-10 00:00:00.000,2017-07-10 00:00:00.000,3,Chhattisgarh,Kanker,1,1,1,Clear,1,1,1,1,0,0,0
239348,2017,2017-07-14 00:00:00.000,2017-07-14 00:00:00.000,3,Bihar,Jamui,2,1,1,Clear,3,3,3,3,0,0,0
239368,2017,2017-01-01 00:00:00.000,2017-06-01 00:00:00.000,3,Unspecified,Unspecified,5,5,2,Clear,46,53,46,46,0,0,0
245144,2017,2017-08-07 00:00:00.000,2017-08-07 00:00:00.000,3,Odisha,Koraput,1,1,1,Clear,1,1,1,1,0,0,0
245184,2017,2017-08-25 00:00:00.000,2017-08-25 00:00:00.000,3,Jharkhand,Bokaro,2,1,1,Clear,1,1,1,1,0,0,0
245205,2017,2017-08-31 00:00:00.000,2017-08-31 00:00:00.000,3,Bihar,Lakhisarai,3,1,1,Clear,1,1,1,1,0,0,0
245225,2017,2017-09-02 00:00:00.000,2017-09-04 00:00:00.000,1,Chhattisgarh,Bijapur,1,2,1,Clear,1,1,1,0,1,0,0
245244,2017,2017-09-10 00:00:00.000,2017-09-10 00:00:00.000,1,Odisha,Kandhamal,2,1,1,Clear,1,1,1,0,0,1,0
245307,2017,2017-09-19 00:00:00.000,2017-09-19 00:00:00.000,3,Jharkhand,Latehar,2,1,1,Clear,1,1,1,1,0,0,0
245324,2017,2017-09-23 00:00:00.000,2017-09-23 00:00:00.000,3,Chhattisgarh,Kanker,1,1,1,Clear,1,1,1,1,0,0,0
245384,2017,2017-10-03 00:00:00.000,2017-10-03 00:00:00.000,3,Chhattisgarh,Rajnandgaon,1,1,1,Clear,1,1,1,1,0,0,0
245385,2017,2017-10-03 00:00:00.000,2017-10-03 00:00:00.000,3,Chhattisgarh,Rajnandgaon,1,1,1,Clear,1,1,1,1,0,0,0
245387,2017,2017-10-06 00:00:00.000,2017-10-06 00:00:00.000,3,Odisha,Malkangiri,1,1,1,Clear,1,1,1,1,0,0,0
245388,2017,2017-10-05 00:00:00.000,2017-10-05 00:00:00.000,3,Jharkhand,West Singhbhum,1,1,1,Clear,2,2,2,2,0,0,0
245415,2017,2017-10-16 00:00:00.000,2017-10-17 00:00:00.000,3,Odisha,Kandhamal,3,2,1,Clear,1,1,1,1,0,0,0
245418,2017,2017-10-20 00:00:00.000,2017-10-21 00:00:00.000,3,Odisha,Kandhamal,2,2,1,Clear,1,1,1,1,0,0,0
245424,2017,2017-10-22 00:00:00.000,2017-10-22 00:00:00.000,3,Odisha,Malkangiri,2,1,1,Clear,1,1,1,1,0,0,0
245437,2017,2017-10-19 00:00:00.000,2017-10-23 00:00:00.000,3,Chhattisgarh,Bijapur,2,2,1,Clear,1,1,1,1,0,0,0
245439,2017,2017-10-23 00:00:00.000,2017-10-23 00:00:00.000,3,Chhattisgarh,Kanker,1,1,1,Clear,1,1,1,1,0,0,0
245441,2017,2017-10-26 00:00:00.000,2017-10-26 00:00:00.000,1,Chhattisgarh,Rajnandgaon,2,1,1,Clear,3,3,3,0,0,3,0
245470,2017,2017-10-16 00:00:00.000,2017-10-16 00:00:00.000,3,Andhra Pradesh,Visakhapatnam,2,1,1,Clear,1,1,1,1,0,0,0
245471,2017,2017-06-17 00:00:00.000,2017-06-17 00:00:00.000,3,Bihar,Jamui,3,1,1,Clear,1,1,1,1,0,0,0
245472,2017,2017-06-24 00:00:00.000,2017-06-24 00:00:00.000,3,Bihar,Nawada,3,1,1,Clear,1,1,1,1,0,0,0
245477,2017,2017-01-15 00:00:00.000,2017-01-15 00:00:00.000,1,Chhattisgarh,Bastar,2,1,1,Clear,1,1,1,0,0,1,0
245481,2017,2017-01-19 00:00:00.000,2017-01-19 00:00:00.000,3,Chhattisgarh,Sukma,1,1,1,Clear,1,1,1,1,0,0,0
245484,2017,2017-01-23 00:00:00.000,2017-01-23 00:00:00.000,1,Chhattisgarh,Bijapur,2,1,1,Clear,2,2,2,0,0,2,0
245491,2017,2017-01-27 00:00:00.000,2017-01-27 00:00:00.000,1,Chhattisgarh,Sukma,3,1,1,Clear,1,1,1,0,0,1,0
245498,2017,2017-02-03 00:00:00.000,2017-02-03 00:00:00.000,3,Chhattisgarh,Dantewada,1,1,1,Clear,1,1,1,1,0,0,0
245501,2017,2017-02-03 00:00:00.000,2017-02-03 00:00:00.000,1,Chhattisgarh,Rajnandgaon,3,1,1,Clear,1,1,1,0,1,0,0
245506,2017,2017-02-06 00:00:00.000,2017-02-06 00:00:00.000,1,Chhattisgarh,Bijapur,3,1,1,Clear,1,1,1,0,0,1,0
245511,2017,2017-02-10 00:00:00.000,2017-02-10 00:00:00.000,1,Chhattisgarh,Bijapur,2,1,1,Clear,1,1,1,0,0,1,0
245515,2017,2017-02-10 00:00:00.000,2017-02-10 00:00:00.000,1,Chhattisgarh,Bilaspur,3,1,1,Clear,1,1,1,0,0,1,0
245524,2017,2017-02-19 00:00:00.000,2017-02-19 00:00:00.000,1,Chhattisgarh,Bijapur,3,1,1,Clear,1,1,1,0,0,1,0
245525,2017,2017-02-19 00:00:00.000,2017-02-19 00:00:00.000,1,Chhattisgarh,Sukma,3,1,1,Clear,1,1,1,0,0,1,0
245531,2017,2017-03-02 00:00:00.000,2017-03-02 00:00:00.000,1,Chhattisgarh,Bastar,1,1,1,Clear,1,1,1,0,0,1,0
245534,2017,2017-03-03 00:00:00.000,2017-03-03 00:00:00.000,1,Chhattisgarh,Bijapur,2,1,1,Clear,2,2,2,0,2,0,0
245536,2017,2017-03-16 00:00:00.000,2017-03-16 00:00:00.000,1,Chhattisgarh,Narayanpur,2,1,1,Clear,2,2,2,0,0,2,0
245538,2017,2017-04-07 00:00:00.000,2017-04-07 00:00:00.000,3,Chhattisgarh,Kanker,2,1,1,Clear,1,1,1,1,0,0,0
245545,2017,2017-05-04 00:00:00.000,2017-05-04 00:00:00.000,1,Chhattisgarh,Bijapur,3,1,1,Clear,2,2,2,0,0,2,0
245547,2017,2017-05-14 00:00:00.000,2017-05-14 00:00:00.000,1,Chhattisgarh,Bastar,3,1,1,Clear,1,1,1,0,0,1,0
245548,2017,2017-05-14 00:00:00.000,2017-05-14 00:00:00.000,1,Chhattisgarh,Bijapur,2,1,1,Clear,1,1,1,0,1,0,0
245550,2017,2017-05-11 00:00:00.000,2017-05-16 00:00:00.000,1,Chhattisgarh,Unspecified,4,2,1,Clear,14,14,14,0,0,0,14
245552,2017,2017-05-24 00:00:00.000,2017-05-24 00:00:00.000,1,Chhattisgarh,Dantewada,2,1,1,Clear,4,4,4,0,0,4,0
245554,2017,2017-05-27 00:00:00.000,2017-05-27 00:00:00.000,3,Chhattisgarh,Bastar,3,1,1,Clear,1,1,1,1,0,0,0
245556,2017,2017-06-04 00:00:00.000,2017-06-04 00:00:00.000,1,Chhattisgarh,Bijapur,3,1,1,Clear,1,1,1,0,0,1,0
245605,2017,2017-06-15 00:00:00.000,2017-06-15 00:00:00.000,1,Chhattisgarh,Bastar,2,1,1,Clear,1,1,1,0,0,1,0
245606,2017,2017-06-21 00:00:00.000,2017-06-21 00:00:00.000,1,Chhattisgarh,Narayanpur,1,1,1,Clear,2,2,2,0,0,2,0
245611,2017,2017-06-28 00:00:00.000,2017-06-28 00:00:00.000,1,Chhattisgarh,Rajnandgaon,2,1,1,Clear,2,2,2,0,0,2,0
245616,2017,2017-08-03 00:00:00.000,2017-08-03 00:00:00.000,1,Chhattisgarh,Rajnandgaon,2,1,1,Clear,2,2,2,0,2,0,0
245621,2017,2017-08-13 00:00:00.000,2017-08-13 00:00:00.000,1,Chhattisgarh,Sukma,3,1,1,Clear,2,2,2,0,0,2,0
245625,2017,2017-08-28 00:00:00.000,2017-08-28 00:00:00.000,3,Chhattisgarh,Dantewada,2,1,1,Clear,1,1,1,1,0,0,0
245630,2017,2017-09-02 00:00:00.000,2017-09-02 00:00:00.000,3,Chhattisgarh,Rajnandgaon,2,1,1,Clear,1,1,1,1,0,0,0
245634,2017,2017-09-04 00:00:00.000,2017-09-04 00:00:00.000,1,Chhattisgarh,Bijapur,3,1,1,Clear,1,1,1,0,0,1,0
245635,2017,2017-09-04 00:00:00.000,2017-09-04 00:00:00.000,3,Chhattisgarh,Rajnandgaon,3,1,1,Clear,1,1,1,1,0,0,0
245637,2017,2017-09-04 00:00:00.000,2017-09-04 00:00:00.000,1,Chhattisgarh,Bijapur,2,1,1,Clear,1,1,1,0,1,0,0
245639,2017,2017-09-12 00:00:00.000,2017-09-12 00:00:00.000,3,Chhattisgarh,Kanker,1,1,1,Clear,1,1,1,1,0,0,0
245641,2017,2017-09-18 00:00:00.000,2017-09-18 00:00:00.000,1,Chhattisgarh,Sukma,2,1,1,Clear,2,2,2,0,0,2,0
245657,2017,2017-09-21 00:00:00.000,2017-09-21 00:00:00.000,1,Chhattisgarh,Sukma,3,1,1,Clear,1,1,1,0,0,1,0
245853,2017,2017-01-03 00:00:00.000,2017-01-03 00:00:00.000,1,Jharkhand,East Singhbhum,2,1,1,Clear,1,1,1,0,0,1,0
245861,2017,2017-01-15 00:00:00.000,2017-01-15 00:00:00.000,3,Jharkhand,West Singhbhum,2,1,1,Clear,2,2,2,2,0,0,0
245867,2017,2017-03-18 00:00:00.000,2017-03-18 00:00:00.000,3,Jharkhand,Gumla,3,1,1,Clear,1,1,1,1,0,0,0
245879,2017,2017-05-18 00:00:00.000,2017-05-18 00:00:00.000,3,Jharkhand,Palamu,3,1,1,Clear,1,1,1,1,0,0,0
245880,2017,2017-05-26 00:00:00.000,2017-05-26 00:00:00.000,3,Jharkhand,Bokaro,1,1,1,Clear,1,1,1,1,0,0,0
245883,2017,2017-06-09 00:00:00.000,2017-06-09 00:00:00.000,1,Jharkhand,Giridih,2,1,1,Clear,1,1,1,0,0,1,0
245958,2017,2017-07-10 00:00:00.000,2017-07-10 00:00:00.000,1,Maharashtra,Gadchiroli,2,1,1,Clear,1,1,1,0,0,1,0
245960,2017,2017-07-12 00:00:00.000,2017-07-12 00:00:00.000,1,Maharashtra,Gadchiroli,2,1,1,Clear,2,2,2,0,0,2,0
245962,2017,2017-07-23 00:00:00.000,2017-07-23 00:00:00.000,1,Maharashtra,Gadchiroli,2,1,1,Clear,1,1,1,0,0,1,0
245968,2017,2017-09-15 00:00:00.000,2017-09-15 00:00:00.000,1,Maharashtra,Gadchiroli,2,1,1,Clear,1,1,1,0,0,1,0
245980,2017,2017-10-02 00:00:00.000,2017-10-02 00:00:00.000,1,Maharashtra,Gadchiroli,2,1,1,Clear,1,1,1,0,0,1,0
245993,2017,2017-02-08 00:00:00.000,2017-02-08 00:00:00.000,1,Odisha,Sundargarh,2,1,1,Clear,2,2,2,0,0,2,0
246004,2017,2017-04-12 00:00:00.000,2017-04-12 00:00:00.000,1,Odisha,Koraput,5,1,1,Clear,1,1,1,0,0,1,0
246014,2017,2017-04-27 00:00:00.000,2017-04-27 00:00:00.000,3,Odisha,Malkangiri,1,1,1,Clear,2,2,2,2,0,0,0
246015,2017,2017-06-04 00:00:00.000,2017-06-04 00:00:00.000,1,Odisha,Kandhamal,2,1,1,Clear,1,1,1,0,1,0,0
246021,2017,2017-09-15 00:00:00.000,2017-09-15 00:00:00.000,1,Odisha,Kalahandi,3,1,1,Clear,1,1,1,0,0,1,0
246024,2017,2017-09-26 00:00:00.000,2017-09-26 00:00:00.000,1,Odisha,Bargarh,2,1,1,Clear,2,2,2,0,0,2,0
246026,2017,2017-10-05 00:00:00.000,2017-10-05 00:00:00.000,3,Odisha,Malkangiri,2,1,1,Clear,1,1,1,1,0,0,0
250454,2017,2017-11-02 00:00:00.000,2017-11-04 00:00:00.000,3,Chhattisgarh,Sukma,2,2,1,Clear,1,1,1,1,0,0,0
250457,2017,2017-11-07 00:00:00.000,2017-11-07 00:00:00.000,1,Chhattisgarh,Narayanpur,2,1,1,Clear,1,1,1,0,0,1,0
250458,2017,2017-11-07 00:00:00.000,2017-11-07 00:00:00.000,1,Chhattisgarh,Narayanpur,3,1,1,Clear,5,5,5,0,0,5,0
250515,2017,2017-11-24 00:00:00.000,2017-11-26 00:00:00.000,3,Chhattisgarh,Kanker,3,2,1,Clear,1,1,1,1,0,0,0
250538,2017,2017-12-04 00:00:00.000,2017-12-04 00:00:00.000,1,Chhattisgarh,Sukma,1,1,1,Clear,1,1,1,1,0,0,0
250543,2017,2017-12-05 00:00:00.000,2017-12-05 00:00:00.000,1,Chhattisgarh,Sukma,2,1,1,Clear,1,1,1,0,0,1,0
250549,2017,2017-12-10 00:00:00.000,2017-12-10 00:00:00.000,3,Odisha,Malkangiri,1,1,1,Clear,1,1,1,1,0,0,0
250624,2017,2017-12-21 00:00:00.000,2017-12-21 00:00:00.000,3,Maharashtra,Gadchiroli,2,1,1,Clear,1,1,1,1,0,0,0
250630,2017,2017-12-31 00:00:00.000,2017-12-31 00:00:00.000,1,Chhattisgarh,Sukma,2,1,1,Clear,1,1,1,0,0,1,0
250654,2017,2017-11-03 00:00:00.000,2017-11-03 00:00:00.000,1,Chhattisgarh,Kanker,3,1,1,Clear,1,1,1,0,1,0,0
250657,2017,2017-11-08 00:00:00.000,2017-11-08 00:00:00.000,1,Chhattisgarh,Dantewada,1,1,1,Clear,1,1,1,0,1,0,0
250662,2017,2017-11-12 00:00:00.000,2017-11-12 00:00:00.000,1,Chhattisgarh,Bijapur,2,1,1,Clear,3,3,3,0,0,3,0
250664,2017,2017-11-15 00:00:00.000,2017-11-15 00:00:00.000,3,Chhattisgarh,Kanker,2,1,1,Clear,1,1,1,1,0,0,0
250667,2017,2017-11-17 00:00:00.000,2017-11-17 00:00:00.000,1,Chhattisgarh,Sukma,3,1,1,Clear,2,2,2,0,0,2,0
250673,2017,2017-11-19 00:00:00.000,2017-11-19 00:00:00.000,1,Chhattisgarh,Sukma,2,1,1,Clear,1,1,1,0,1,0,0
250679,2017,2017-11-24 00:00:00.000,2017-11-24 00:00:00.000,3,Chhattisgarh,Gariaband,1,1,1,Clear,1,1,1,1,0,0,0
250684,2017,2017-11-28 00:00:00.000,2017-11-28 00:00:00.000,1,Chhattisgarh,Sukma,2,1,1,Clear,1,1,1,1,0,0,0
250685,2017,2017-12-03 00:00:00.000,2017-12-03 00:00:00.000,3,Chhattisgarh,Kanker,2,1,1,Clear,1,1,1,1,0,0,0
250687,2017,2017-12-15 00:00:00.000,2017-12-15 00:00:00.000,1,Chhattisgarh,Sukma,2,1,1,Clear,1,1,1,0,0,1,0
250688,2017,2017-12-21 00:00:00.000,2017-12-21 00:00:00.000,1,Chhattisgarh,Sukma,2,1,1,Clear,1,1,1,0,0,1,0
250690,2017,2017-12-24 00:00:00.000,2017-12-24 00:00:00.000,1,Chhattisgarh,Bijapur,2,1,1,Clear,1,1,1,0,0,1,0
250693,2017,2017-12-08 00:00:00.000,2017-12-08 00:00:00.000,3,Andhra Pradesh,Visakhapatnam,1,1,1,Clear,2,2,2,2,0,0,0
250696,2017,2017-12-18 00:00:00.000,2017-12-18 00:00:00.000,3,Bihar,Jamui,3,1,1,Clear,2,2,2,2,0,0,0
250697,2017,2017-12-20 00:00:00.000,2017-12-20 00:00:00.000,3,Bihar,Lakhisarai,1,1,1,Clear,1,1,1,1,0,0,0
250698,2017,2017-12-20 00:00:00.000,2017-12-20 00:00:00.000,3,Madhya Pradesh,Balaghat,1,1,1,Clear,1,1,1,1,0,0,0
250717,2017,2017-11-21 00:00:00.000,2017-11-21 00:00:00.000,3,Maharashtra,Gadchiroli,2,1,1,Clear,1,1,1,1,0,0,0
250721,2017,2017-11-24 00:00:00.000,2017-11-24 00:00:00.000,1,Maharashtra,Gadchiroli,1,1,1,Clear,1,1,1,0,1,0,0
250723,2017,2017-11-26 00:00:00.000,2017-11-26 00:00:00.000,1,Maharashtra,Gadchiroli,2,1,1,Clear,1,1,1,0,1,0,0
250727,2017,2017-11-24 00:00:00.000,2017-12-04 00:00:00.000,1,Maharashtra,Gadchiroli,3,4,2,Clear,5,5,5,0,0,0,5
250729,2017,2017-11-22 00:00:00.000,2017-11-22 00:00:00.000,3,Maharashtra,Gadchiroli,2,1,1,Clear,1,1,1,1,0,0,0
250731,2017,2017-12-06 00:00:00.000,2017-12-06 00:00:00.000,1,Maharashtra,Gadchiroli,2,1,1,Clear,8,8,8,0,0,8,0
250734,2017,2017-12-15 00:00:00.000,2017-12-15 00:00:00.000,1,Odisha,Malkangiri,2,1,1,Clear,1,1,1,0,0,1,0
250739,2017,2017-12-18 00:00:00.000,2017-12-18 00:00:00.000,3,Odisha,Malkangiri,1,1,1,Clear,1,1,1,1,0,0,0
250744,2017,2017-12-20 00:00:00.000,2017-12-20 00:00:00.000,3,Odisha,Malkangiri,1,1,1,Clear,1,1,1,1,0,0,0
250753,2017,2017-11-26 00:00:00.000,2017-11-26 00:00:00.000,3,Telangana,Bhadradri Kothagudem,1,1,1,Clear,1,1,1,1,0,0,0
257630,2017,2017-03-04 00:00:00.000,2017-03-04 00:00:00.000,1,Jharkhand,East Singhbhum,1,1,1,Clear,3,3,3,0,3,0,0
257091,2018,2018-01-06 00:00:00.000,2018-01-06 00:00:00.000,1,Chhattisgarh,Bastar,1,1,1,Clear,1,1,1,0,1,0,0
257092,2018,2018-01-07 00:00:00.000,2018-01-07 00:00:00.000,1,Chhattisgarh,Bijapur,3,1,1,Clear,1,1,1,0,1,0,0
257117,2018,2018-01-15 00:00:00.000,2018-01-15 00:00:00.000,1,Chhattisgarh,Rajnandgaon,2,1,1,Clear,1,1,1,0,0,1,0
257163,2018,2018-01-24 00:00:00.000,2018-01-24 00:00:00.000,1,Chhattisgarh,Narayanpur,2,1,1,Clear,4,4,4,0,4,0,0
257180,2018,2018-01-27 00:00:00.000,2018-01-27 00:00:00.000,1,Chhattisgarh,Sukma,2,1,1,Clear,2,2,2,0,0,2,0
257188,2018,2018-01-02 00:00:00.000,2018-01-02 00:00:00.000,1,Bihar,Gaya,2,1,1,Clear,1,1,1,0,1,0,0
257249,2018,2018-01-05 00:00:00.000,2018-01-05 00:00:00.000,1,Chhattisgarh,Bijapur,2,1,1,Clear,2,2,2,0,0,2,0
257257,2018,2018-01-06 00:00:00.000,2018-01-06 00:00:00.000,1,Chhattisgarh,Bijapur,3,1,1,Clear,1,1,1,0,0,1,0
257263,2018,2018-01-08 00:00:00.000,2018-01-08 00:00:00.000,1,Chhattisgarh,Bijapur,3,1,1,Clear,1,1,1,0,1,0,0
257266,2018,2018-01-10 00:00:00.000,2018-01-10 00:00:00.000,1,Chhattisgarh,Sukma,2,1,1,Clear,1,1,1,0,0,1,0
257272,2018,2018-01-08 00:00:00.000,2018-01-08 00:00:00.000,3,Jharkhand,Hazaribagh,2,1,1,Clear,1,1,1,1,0,0,0
257279,2018,2018-01-10 00:00:00.000,2018-01-10 00:00:00.000,1,Maharashtra,Gadchiroli,2,1,1,Clear,1,1,1,0,0,1,0
257283,2018,2018-01-29 00:00:00.000,2018-01-29 00:00:00.000,3,Maharashtra,Gadchiroli,1,1,1,Clear,1,1,1,1,0,0,0
257286,2018,2018-01-25 00:00:00.000,2018-01-25 00:00:00.000,3,Telangana,Mahbubnagar,1,1,1,Clear,1,1,1,1,0,0,0
257412,2018,2018-02-03 00:00:00.000,2018-02-03 00:00:00.000,1,Chhattisgarh,Bijapur,2,1,1,Clear,1,1,1,0,1,0,0
257418,2018,2018-02-08 00:00:00.000,2018-02-08 00:00:00.000,1,Chhattisgarh,Dantewada,3,1,1,Clear,1,1,1,0,0,1,0
257419,2018,2018-02-08 00:00:00.000,2018-02-08 00:00:00.000,1,Chhattisgarh,Dantewada,3,1,1,Clear,1,1,1,0,1,0,0
257445,2018,2018-02-18 00:00:00.000,2018-02-18 00:00:00.000,1,Chhattisgarh,Sukma,2,1,1,Clear,23,23,23,1,2,20,0
257470,2018,2018-02-26 00:00:00.000,2018-02-26 00:00:00.000,1,Jharkhand,Palamu,3,1,1,Clear,4,4,4,0,0,4,0
257525,2018,2018-02-21 00:00:00.000,2018-02-21 00:00:00.000,3,Bihar,Jamui,1,1,1,Clear,1,1,1,1,0,0,0
257527,2018,2018-02-04 00:00:00.000,2018-02-04 00:00:00.000,3,Chhattisgarh,Dantewada,3,1,1,Clear,1,1,1,1,0,0,0
257531,2018,2018-02-09 00:00:00.000,2018-02-09 00:00:00.000,1,Chhattisgarh,Rajnandgaon,3,1,1,Clear,2,2,2,0,0,2,0
257541,2018,2018-02-11 00:00:00.000,2018-02-11 00:00:00.000,1,Chhattisgarh,Bijapur,3,1,1,Clear,0,1,0,0,0,0,0
257542,2018,2018-02-18 00:00:00.000,2018-02-18 00:00:00.000,3,Chhattisgarh,Sukma,2,1,1,Clear,2,2,2,2,0,0,0
257543,2018,2018-02-23 00:00:00.000,2018-02-23 00:00:00.000,3,Chhattisgarh,Sukma,2,1,1,Clear,0,1,0,0,0,0,0
257544,2018,2018-02-22 00:00:00.000,2018-02-22 00:00:00.000,1,Maharashtra,Gadchiroli,1,1,1,Clear,1,1,1,0,1,0,0
257550,2018,2018-02-16 00:00:00.000,2018-02-16 00:00:00.000,3,Odisha,Kalahandi,2,1,1,Clear,1,1,1,1,0,0,0
257552,2018,2018-02-20 00:00:00.000,2018-02-20 00:00:00.000,3,Odisha,Malkangiri,2,1,1,Clear,1,1,1,1,0,0,0
257554,2018,2018-02-01 00:00:00.000,2018-02-01 00:00:00.000,1,Jharkhand,Latehar,2,1,1,Clear,1,1,1,0,0,1,0
257555,2018,2018-02-09 00:00:00.000,2018-02-09 00:00:00.000,1,Jharkhand,Palamu,3,1,1,Clear,1,1,1,0,0,1,0
257579,2018,2018-03-13 00:00:00.000,2018-03-13 00:00:00.000,1,Chhattisgarh,Sukma,2,1,1,Clear,9,9,9,0,9,0,0
257593,2018,2018-03-24 00:00:00.000,2018-03-24 00:00:00.000,1,Odisha,Malkangiri,2,1,1,Clear,1,1,1,0,0,1,0
257597,2018,2018-03-25 00:00:00.000,2018-03-25 00:00:00.000,1,Odisha,Koraput,5,1,1,Clear,4,4,4,0,0,4,0
257606,2018,2018-03-29 00:00:00.000,2018-03-29 00:00:00.000,3,Jharkhand,West Singhbhum,3,1,1,Clear,1,1,1,1,0,0,0
257609,2018,2018-03-02 00:00:00.000,2018-03-02 00:00:00.000,1,Chhattisgarh,Bijapur,1,1,1,Clear,11,11,11,0,1,10,0
257657,2018,2018-03-17 00:00:00.000,2018-03-17 00:00:00.000,3,Odisha,Bargarh,1,1,1,Clear,1,1,1,1,0,0,0
257659,2018,2018-03-19 00:00:00.000,2018-03-19 00:00:00.000,3,Chhattisgarh,Bijapur,3,1,1,Clear,1,1,1,1,0,0,0
257685,2018,2018-03-09 00:00:00.000,2018-03-09 00:00:00.000,3,Chhattisgarh,Bastar,2,1,1,Clear,1,1,1,1,0,0,0
257864,2018,2018-03-02 00:00:00.000,2018-03-02 00:00:00.000,3,Bihar,Jamui,2,1,1,Clear,2,2,2,2,0,0,0
257877,2018,2018-03-05 00:00:00.000,2018-03-05 00:00:00.000,3,Chhattisgarh,Sukma,2,1,1,Clear,1,1,1,1,0,0,0
257881,2018,2018-03-07 00:00:00.000,2018-03-07 00:00:00.000,1,Chhattisgarh,Kanker,2,1,1,Clear,2,2,2,0,2,0,0
257884,2018,2018-03-19 00:00:00.000,2018-03-19 00:00:00.000,3,Chhattisgarh,Kondagaon,1,1,1,Clear,0,2,0,0,0,0,0
257886,2018,2018-03-21 00:00:00.000,2018-03-21 00:00:00.000,3,Chhattisgarh,Sukma,3,1,1,Clear,1,1,1,1,0,0,0
257894,2018,2018-03-27 00:00:00.000,2018-03-27 00:00:00.000,1,Chhattisgarh,Bijapur,2,1,1,Clear,1,1,1,1,0,0,0
257897,2018,2018-03-27 00:00:00.000,2018-03-27 00:00:00.000,1,Chhattisgarh,Dantewada,1,1,1,Clear,1,1,1,1,0,0,0
257900,2018,2018-03-28 00:00:00.000,2018-03-28 00:00:00.000,3,Chhattisgarh,Bijapur,2,1,1,Clear,2,2,2,2,0,0,0
257921,2018,2018-03-14 00:00:00.000,2018-03-14 00:00:00.000,3,Jharkhand,Seraikela-Kharsawan,3,1,1,Clear,2,2,2,2,0,0,0
257933,2018,2018-03-23 00:00:00.000,2018-03-23 00:00:00.000,3,Maharashtra,Gadchiroli,2,1,1,Clear,0,1,0,0,0,0,0
257936,2018,2018-03-25 00:00:00.000,2018-03-25 00:00:00.000,1,Maharashtra,Gadchiroli,1,1,1,Clear,1,1,1,0,0,1,0
257940,2018,2018-03-30 00:00:00.000,2018-03-30 00:00:00.000,1,Maharashtra,Gadchiroli,2,1,1,Clear,1,1,1,0,0,1,0
258043,2018,2018-04-27 00:00:00.000,2018-04-27 00:00:00.000,3,Chhattisgarh,Bijapur,2,1,1,Clear,1,1,1,1,0,0,0
258068,2018,2018-04-09 00:00:00.000,2018-04-09 00:00:00.000,1,Chhattisgarh,Bijapur,2,1,1,Clear,2,2,2,0,2,0,0
258074,2018,2018-04-09 00:00:00.000,2018-04-09 00:00:00.000,1,Odisha,Rayagada,3,1,1,Clear,1,1,1,0,1,0,0
258088,2018,2018-04-22 00:00:00.000,2018-04-22 00:00:00.000,1,Maharashtra,Gadchiroli,2,1,1,Clear,34,34,34,0,0,34,0
258091,2018,2018-04-24 00:00:00.000,2018-04-24 00:00:00.000,3,Chhattisgarh,Bijapur,1,1,1,Clear,1,1,1,1,0,0,0
258092,2018,2018-04-25 00:00:00.000,2018-04-25 00:00:00.000,3,Chhattisgarh,Dantewada,3,1,1,Clear,1,1,1,1,0,0,0
258094,2018,2018-04-27 00:00:00.000,2018-04-27 00:00:00.000,1,Chhattisgarh,Bijapur,2,1,1,Clear,7,8,7,0,0,7,0
258095,2018,2018-04-28 00:00:00.000,2018-04-28 00:00:00.000,3,Chhattisgarh,Dantewada,1,1,1,Clear,1,1,1,1,0,0,0
258187,2018,2018-04-01 00:00:00.000,2018-04-01 00:00:00.000,3,Chhattisgarh,Rajnandgaon,2,1,1,Clear,2,2,2,2,0,0,0
258188,2018,2018-04-01 00:00:00.000,2018-04-01 00:00:00.000,3,Chhattisgarh,Dantewada,3,1,1,Clear,0,1,0,0,0,0,0
258189,2018,2018-04-05 00:00:00.000,2018-04-05 00:00:00.000,1,Chhattisgarh,Bijapur,2,1,1,Clear,1,1,1,0,0,1,0
258194,2018,2018-04-08 00:00:00.000,2018-04-08 00:00:00.000,1,Chhattisgarh,Sukma,2,1,1,Clear,1,1,1,0,1,0,0
258204,2018,2018-04-14 00:00:00.000,2018-04-16 00:00:00.000,3,Chhattisgarh,Sukma,3,2,2,Clear,1,1,1,1,0,0,0
258205,2018,2018-04-20 00:00:00.000,2018-04-20 00:00:00.000,1,Chhattisgarh,Sukma,3,1,1,Clear,1,1,1,0,1,0,0
258209,2018,2018-04-28 00:00:00.000,2018-04-28 00:00:00.000,1,Chhattisgarh,Sukma,2,1,1,Clear,2,2,2,0,0,2,0
258213,2018,2018-04-04 00:00:00.000,2018-04-04 00:00:00.000,1,Jharkhand,Latehar,3,1,1,Clear,5,5,5,0,0,5,0
258223,2018,2018-04-03 00:00:00.000,2018-04-03 00:00:00.000,1,Maharashtra,Gadchiroli,2,1,1,Clear,3,3,3,0,0,3,0
258224,2018,2018-04-23 00:00:00.000,2018-04-23 00:00:00.000,1,Maharashtra,Gadchiroli,2,1,1,Clear,6,6,6,0,0,6,0
258225,2018,2018-04-15 00:00:00.000,2018-04-15 00:00:00.000,3,Odisha,Koraput,1,1,1,Clear,0,1,0,0,0,0,0
258226,2018,2018-04-16 00:00:00.000,2018-04-16 00:00:00.000,3,Odisha,Nuapada,2,1,1,Clear,1,1,1,1,0,0,0
258227,2018,2018-04-23 00:00:00.000,2018-04-23 00:00:00.000,1,Odisha,Nabarangpur,2,1,1,Clear,0,3,0,0,0,0,0
258241,2018,2018-05-03 00:00:00.000,2018-05-03 00:00:00.000,1,Chhattisgarh,Sukma,2,1,1,Clear,1,1,1,0,0,1,0
258254,2018,2018-05-09 00:00:00.000,2018-05-09 00:00:00.000,3,Chhattisgarh,Rajnandgaon,1,1,1,Clear,2,2,2,2,0,0,0
258260,2018,2018-05-13 00:00:00.000,2018-05-13 00:00:00.000,1,Odisha,Bolangir,2,1,1,Clear,2,2,2,0,0,2,0
258267,2018,2018-05-13 00:00:00.000,2018-05-13 00:00:00.000,1,Odisha,Kandhamal,2,1,1,Clear,4,4,4,0,0,4,0
258270,2018,2018-05-10 00:00:00.000,2018-05-10 00:00:00.000,1,Odisha,Malkangiri,2,1,1,Clear,1,1,1,0,0,1,0
258283,2018,2018-05-20 00:00:00.000,2018-05-20 00:00:00.000,1,Chhattisgarh,Dantewada,2,1,1,Clear,7,7,7,0,7,0,0
258284,2018,2018-05-27 00:00:00.000,2018-05-27 00:00:00.000,3,Chhattisgarh,Dantewada,2,1,1,Clear,1,1,1,1,0,0,0
258700,2018,2018-04-23 00:00:00.000,2018-04-23 00:00:00.000,3,Chhattisgarh,Kondagaon,2,1,1,Clear,1,1,1,1,0,0,0
258730,2018,2018-05-04 00:00:00.000,2018-05-04 00:00:00.000,3,Maharashtra,Gadchiroli,1,1,1,Clear,0,1,0,0,0,0,0
258761,2018,2018-05-14 00:00:00.000,2018-05-14 00:00:00.000,1,Odisha,Kandhamal,2,1,1,Clear,1,1,1,0,0,1,0
258765,2018,2018-05-14 00:00:00.000,2018-05-14 00:00:00.000,3,Odisha,Malkangiri,3,1,1,Clear,1,1,1,1,0,0,0
258775,2018,2018-05-18 00:00:00.000,2018-05-18 00:00:00.000,3,Chhattisgarh,Dantewada,1,1,1,Clear,1,1,1,1,0,0,0
258776,2018,2018-05-18 00:00:00.000,2018-05-18 00:00:00.000,3,Chhattisgarh,Dantewada,1,1,1,Clear,1,1,1,1,0,0,0
258788,2018,2018-05-24 00:00:00.000,2018-05-24 00:00:00.000,3,Jharkhand,Giridih,2,1,1,Clear,2,2,2,2,0,0,0
258797,2018,2018-05-28 00:00:00.000,2018-05-28 00:00:00.000,3,Jharkhand,Latehar,2,1,1,Clear,0,1,0,0,0,0,0
258809,2018,2018-06-03 00:00:00.000,2018-06-03 00:00:00.000,3,Bihar,Jamui,1,1,1,Clear,1,1,1,1,0,0,0
258839,2018,2018-06-19 00:00:00.000,2018-06-19 00:00:00.000,3,Jharkhand,Giridih,2,1,1,Clear,1,1,1,1,0,0,0
258841,2018,2018-06-20 00:00:00.000,2018-06-20 00:00:00.000,3,Odisha,Malkangiri,2,1,1,Clear,1,1,1,1,0,0,0
258876,2018,2018-06-26 00:00:00.000,2018-06-26 00:00:00.000,1,Jharkhand,Garhwa,1,1,1,Clear,6,6,6,0,6,0,0
258905,2018,2018-05-02 00:00:00.000,2018-05-02 00:00:00.000,1,Chhattisgarh,Gariaband,1,1,1,Clear,2,2,2,0,2,0,0
258907,2018,2018-05-05 00:00:00.000,2018-05-05 00:00:00.000,1,Chhattisgarh,Rajnandgaon,2,1,1,Clear,1,1,1,0,1,0,0
258908,2018,2018-05-10 00:00:00.000,2018-05-10 00:00:00.000,1,Chhattisgarh,Rajnandgaon,3,1,1,Clear,1,1,1,0,0,1,0
258909,2018,2018-05-16 00:00:00.000,2018-05-16 00:00:00.000,3,Chhattisgarh,Sukma,3,1,1,Clear,1,1,1,1,0,0,0
258910,2018,2018-05-16 00:00:00.000,2018-05-16 00:00:00.000,3,Chhattisgarh,Bijapur,3,1,1,Clear,0,1,0,0,0,0,0
258911,2018,2018-05-21 00:00:00.000,2018-05-21 00:00:00.000,1,Chhattisgarh,Bijapur,3,1,1,Clear,1,1,1,0,0,1,0
258912,2018,2018-05-21 00:00:00.000,2018-05-21 00:00:00.000,1,Chhattisgarh,Sukma,3,1,1,Clear,1,1,1,0,0,1,0
258913,2018,2018-05-24 00:00:00.000,2018-05-24 00:00:00.000,1,Chhattisgarh,Sukma,2,1,1,Clear,1,1,1,0,1,0,0
258914,2018,2018-05-27 00:00:00.000,2018-05-27 00:00:00.000,3,Chhattisgarh,Sukma,2,1,1,Clear,1,1,1,1,0,0,0
258926,2018,2018-05-01 00:00:00.000,2018-05-01 00:00:00.000,3,Jharkhand,Ranchi,2,1,1,Clear,1,1,1,1,0,0,0
258935,2018,2018-06-07 00:00:00.000,2018-06-07 00:00:00.000,1,Jharkhand,Seraikela-Kharsawan,1,1,1,Clear,1,1,1,0,1,0,0
258937,2018,2018-06-08 00:00:00.000,2018-06-08 00:00:00.000,1,Chhattisgarh,Bijapur,2,1,1,Clear,1,1,1,0,0,1,0
258945,2018,2018-05-16 00:00:00.000,2018-05-16 00:00:00.000,1,Odisha,Malkangiri,1,1,1,Clear,1,2,1,0,0,1,0
259786,2018,2018-02-18 00:00:00.000,2018-02-18 00:00:00.000,1,Chhattisgarh,Sukma,2,1,1,Clear,1,1,1,0,0,1,0
260673,2018,2018-07-03 00:00:00.000,2018-07-03 00:00:00.000,3,Chhattisgarh,Sukma,2,1,1,Clear,0,1,0,0,0,0,0
260674,2018,2018-07-04 00:00:00.000,2018-07-04 00:00:00.000,1,Chhattisgarh,Narayanpur,3,1,1,Clear,2,2,2,0,0,2,0
260681,2018,2018-07-06 00:00:00.000,2018-07-06 00:00:00.000,3,Chhattisgarh,Kanker,1,1,1,Clear,1,1,1,1,0,0,0
260690,2018,2018-07-09 00:00:00.000,2018-07-09 00:00:00.000,1,Chhattisgarh,Kanker,2,1,1,Clear,2,2,2,0,2,0,0
260714,2018,2018-07-15 00:00:00.000,2018-07-15 00:00:00.000,1,Chhattisgarh,Kanker,2,1,1,Clear,2,2,2,0,2,0,0
260715,2018,2018-07-15 00:00:00.000,2018-07-15 00:00:00.000,1,Chhattisgarh,Dantewada,1,1,1,Clear,1,1,1,0,1,0,0
260717,2018,2018-07-15 00:00:00.000,2018-07-15 00:00:00.000,3,Chhattisgarh,Kanker,1,1,1,Clear,1,1,1,1,0,0,0
260718,2018,2018-07-15 00:00:00.000,2018-07-15 00:00:00.000,3,Chhattisgarh,Kanker,1,1,1,Clear,1,1,1,1,0,0,0
260720,2018,2018-07-19 00:00:00.000,2018-07-19 00:00:00.000,1,Chhattisgarh,Bijapur,2,1,1,Clear,8,8,8,0,0,8,0
260734,2018,2018-08-03 00:00:00.000,2018-08-03 00:00:00.000,3,Jharkhand,Ranchi,3,1,1,Clear,1,1,1,1,0,0,0
262589,2018,2018-08-06 00:00:00.000,2018-08-06 00:00:00.000,1,Chhattisgarh,Sukma,2,1,1,Clear,15,15,15,0,0,9,6
262603,2018,2018-08-08 00:00:00.000,2018-08-08 00:00:00.000,3,Odisha,Malkangiri,2,1,1,Clear,1,1,1,1,0,0,0
262609,2018,2018-08-10 00:00:00.000,2018-08-10 00:00:00.000,3,Chhattisgarh,Dantewada,1,1,1,Clear,1,1,1,1,0,0,0
262613,2018,2018-08-08 00:00:00.000,2018-08-08 00:00:00.000,3,Chhattisgarh,Dantewada,2,1,1,Clear,1,1,1,1,0,0,0
262619,2018,2018-08-12 00:00:00.000,2018-08-12 00:00:00.000,3,Bihar,West Champaran (Bettiah),1,1,1,Clear,1,1,1,1,0,0,0
262684,2018,2018-08-19 00:00:00.000,2018-08-19 00:00:00.000,3,Chhattisgarh,Rajnandgaon,1,1,1,Clear,1,1,1,1,0,0,0
262729,2018,2018-08-26 00:00:00.000,2018-08-26 00:00:00.000,3,Chhattisgarh,Kabirdham,1,1,1,Clear,0,1,0,0,0,0,0
262734,2018,2018-08-26 00:00:00.000,2018-08-26 00:00:00.000,1,Chhattisgarh,Kabirdham,2,1,1,Clear,1,1,1,0,0,1,0
262803,2018,2018-09-03 00:00:00.000,2018-09-03 00:00:00.000,1,Chhattisgarh,Dhamtari,2,1,1,Clear,1,1,1,0,0,1,0
262805,2018,2018-09-02 00:00:00.000,2018-09-02 00:00:00.000,1,Chhattisgarh,Narayanpur,2,1,1,Clear,4,4,4,0,0,4,0
262806,2018,2018-07-27 00:00:00.000,2018-07-27 00:00:00.000,3,Andhra Pradesh,Visakhapatnam,3,1,1,Clear,1,1,1,1,0,0,0
262845,2018,2018-07-11 00:00:00.000,2018-07-11 00:00:00.000,1,Jharkhand,East Singhbhum,2,1,1,Clear,1,1,1,0,1,0,0
262857,2018,2018-07-20 00:00:00.000,2018-07-20 00:00:00.000,1,Bihar,Jamui,3,1,1,Clear,1,1,1,0,0,1,0
262860,2018,2018-07-01 00:00:00.000,2018-07-01 00:00:00.000,1,Chhattisgarh,Sukma,2,1,1,Clear,1,1,1,0,0,1,0
262863,2018,2018-07-02 00:00:00.000,2018-07-02 00:00:00.000,1,Chhattisgarh,Bijapur,2,1,1,Clear,1,1,1,0,0,1,0
262869,2018,2018-07-02 00:00:00.000,2018-07-02 00:00:00.000,1,Chhattisgarh,Sukma,2,1,1,Clear,1,1,1,0,0,1,0
262886,2018,2018-07-06 00:00:00.000,2018-07-06 00:00:00.000,1,Chhattisgarh,Dantewada,2,1,1,Clear,3,3,3,0,0,3,0
262890,2018,2018-07-09 00:00:00.000,2018-07-09 00:00:00.000,1,Chhattisgarh,Sukma,2,1,1,Clear,2,2,2,0,0,2,0
262893,2018,2018-07-13 00:00:00.000,2018-07-13 00:00:00.000,1,Chhattisgarh,Sukma,2,1,1,Clear,1,1,1,0,0,1,0
262895,2018,2018-07-18 00:00:00.000,2018-07-18 00:00:00.000,1,Chhattisgarh,Sukma,2,1,1,Clear,1,1,1,0,0,1,0
262896,2018,2018-07-23 00:00:00.000,2018-07-23 00:00:00.000,1,Chhattisgarh,Kondagaon,2,1,1,Clear,1,1,1,0,0,1,0
262899,2018,2018-07-24 00:00:00.000,2018-07-24 00:00:00.000,1,Telangana,Bhadradri Kothagudem,2,1,1,Clear,1,1,1,0,0,1,0
262902,2018,2018-08-13 00:00:00.000,2018-08-13 00:00:00.000,3,Bihar,Jamui,3,1,1,Clear,1,1,1,1,0,0,0
262904,2018,2018-08-03 00:00:00.000,2018-08-03 00:00:00.000,1,Chhattisgarh,Bijapur,1,1,1,Clear,1,1,1,0,0,1,0
262905,2018,2018-08-16 00:00:00.000,2018-08-16 00:00:00.000,1,Chhattisgarh,Dantewada,3,1,1,Clear,1,1,1,0,0,1,0
262906,2018,2018-08-29 00:00:00.000,2018-08-29 00:00:00.000,3,Chhattisgarh,Dantewada,1,1,1,Clear,1,1,1,1,0,0,0
262907,2018,2018-08-31 00:00:00.000,2018-08-31 00:00:00.000,1,Chhattisgarh,Kabirdham,3,1,1,Clear,1,1,1,0,0,1,0
266506,2018,2018-09-09 00:00:00.000,2018-09-09 00:00:00.000,3,Chhattisgarh,Dantewada,2,1,1,Clear,2,2,2,2,0,0,0
266579,2018,2018-09-13 00:00:00.000,2018-09-13 00:00:00.000,3,Chhattisgarh,Narayanpur,1,1,1,Clear,1,1,1,1,0,0,0
266580,2018,2018-09-01 00:00:00.000,2018-09-15 00:00:00.000,1,Chhattisgarh,Narayanpur,3,4,2,Clear,2,2,2,0,0,2,0
266582,2018,2018-09-14 00:00:00.000,2018-09-14 00:00:00.000,3,Chhattisgarh,Sukma,3,1,1,Clear,0,2,0,0,0,0,0
266586,2018,2018-09-17 00:00:00.000,2018-09-17 00:00:00.000,1,Bihar,Jamui,2,1,1,Clear,1,1,1,0,1,0,0
266610,2018,2018-09-23 00:00:00.000,2018-09-23 00:00:00.000,1,Andhra Pradesh,Visakhapatnam,2,1,1,Clear,2,2,2,1,1,0,0
266682,2018,2018-10-03 00:00:00.000,2018-10-03 00:00:00.000,1,Chhattisgarh,Sukma,2,1,1,Clear,3,3,3,0,0,3,0
266708,2018,2018-09-02 00:00:00.000,2018-09-02 00:00:00.000,3,Bihar,Lakhisarai,3,1,1,Clear,1,1,1,1,0,0,0
266710,2018,2018-09-01 00:00:00.000,2018-09-01 00:00:00.000,1,Chhattisgarh,Sukma,3,1,1,Clear,1,1,1,0,1,0,0
266719,2018,2018-09-10 00:00:00.000,2018-09-10 00:00:00.000,3,Telangana,Bhadradri Kothagudem,3,1,1,Clear,1,1,1,1,0,0,0
266726,2018,2018-08-26 00:00:00.000,2018-09-02 00:00:00.000,3,Maharashtra,Gadchiroli,1,4,1,Clear,1,1,1,1,0,0,0
267953,2018,2018-10-06 00:00:00.000,2018-10-07 00:00:00.000,3,Chhattisgarh,Sukma,2,2,1,Clear,1,1,1,1,0,0,0
267966,2018,2018-10-11 00:00:00.000,2018-10-11 00:00:00.000,1,Chhattisgarh,Bijapur,2,1,1,Clear,1,1,1,0,0,1,0
267975,2018,2018-10-12 00:00:00.000,2018-10-12 00:00:00.000,1,Andhra Pradesh,Visakhapatnam,3,1,1,Clear,1,1,1,0,0,1,0
267985,2018,2018-10-20 00:00:00.000,2018-10-20 00:00:00.000,1,Chhattisgarh,Bijapur,2,1,1,Clear,3,3,3,0,0,3,0
268157,2018,2018-10-23 00:00:00.000,2018-10-23 00:00:00.000,3,Odisha,Malkangiri,2,1,1,Clear,1,1,1,1,0,0,0
272493,2018,2018-10-16 00:00:00.000,2018-10-16 00:00:00.000,1,Maharashtra,Gadchiroli,2,1,1,Clear,1,1,1,0,0,1,0
272494,2018,2018-10-30 00:00:00.000,2018-10-30 00:00:00.000,1,Maharashtra,Gadchiroli,2,1,1,Clear,1,1,1,0,1,0,0
272512,2018,2018-10-13 00:00:00.000,2018-10-13 00:00:00.000,1,Chhattisgarh,Bijapur,2,1,1,Clear,1,1,1,0,0,1,0
272526,2018,2018-10-27 00:00:00.000,2018-10-27 00:00:00.000,1,Chhattisgarh,Bijapur,2,1,1,Clear,4,4,4,0,4,0,0
272528,2018,2018-10-30 00:00:00.000,2018-10-30 00:00:00.000,3,Chhattisgarh,Balrampur,2,1,1,Clear,0,1,0,0,0,0,0
272530,2018,2018-10-30 00:00:00.000,2018-10-30 00:00:00.000,1,Chhattisgarh,Dantewada,2,1,1,Clear,4,4,4,1,3,0,0
272559,2018,2018-11-02 00:00:00.000,2018-11-02 00:00:00.000,1,Chhattisgarh,Bijapur,2,1,1,Clear,1,1,1,0,0,1,0
272571,2018,2018-11-08 00:00:00.000,2018-11-08 00:00:00.000,1,Chhattisgarh,Dantewada,1,1,1,Clear,5,5,0,4,1,0,0
272572,2018,2018-11-09 00:00:00.000,2018-11-09 00:00:00.000,3,Bihar,Gaya,1,1,1,Clear,1,1,1,1,0,0,0
272580,2018,2018-11-11 00:00:00.000,2018-11-11 00:00:00.000,1,Chhattisgarh,Bijapur,2,1,1,Clear,1,1,1,0,0,1,0
272582,2018,2018-11-11 00:00:00.000,2018-11-11 00:00:00.000,1,Chhattisgarh,Kanker,2,1,1,Clear,1,1,1,0,1,0,0
272585,2018,2018-11-11 00:00:00.000,2018-11-11 00:00:00.000,3,Bihar,Gaya,3,1,1,Clear,1,1,1,1,0,0,0
272618,2018,2018-11-12 00:00:00.000,2018-11-12 00:00:00.000,1,Chhattisgarh,Sukma,2,1,1,Clear,2,2,2,0,0,2,0
272620,2018,2018-11-11 00:00:00.000,2018-11-11 00:00:00.000,1,Chhattisgarh,Kanker,3,1,1,Clear,2,2,2,0,1,1,0
272650,2018,2018-11-20 00:00:00.000,2018-11-20 00:00:00.000,1,Chhattisgarh,Sukma,3,1,1,Clear,1,1,1,0,0,1,0
272655,2018,2018-11-21 00:00:00.000,2018-11-21 00:00:00.000,1,Chhattisgarh,Sukma,2,1,1,Clear,1,1,1,0,0,1,0
272747,2018,2018-12-06 00:00:00.000,2018-12-06 00:00:00.000,3,Chhattisgarh,Narayanpur,1,1,1,Clear,1,1,1,1,0,0,0
272798,2018,2018-11-05 00:00:00.000,2018-11-05 00:00:00.000,1,Odisha,Malkangiri,2,1,1,Clear,5,5,5,0,0,5,0
272996,2018,2018-11-02 00:00:00.000,2018-11-02 00:00:00.000,1,Maharashtra,Gadchiroli,3,1,1,Clear,2,2,2,0,0,2,0
273021,2018,2018-11-07 00:00:00.000,2018-11-07 00:00:00.000,3,Chhattisgarh,Sukma,1,1,1,Clear,1,1,1,1,0,0,0
273043,2018,2018-11-12 00:00:00.000,2018-11-12 00:00:00.000,3,Chhattisgarh,Sukma,2,1,1,Clear,1,1,1,1,0,0,0
273044,2018,2018-11-12 00:00:00.000,2018-11-12 00:00:00.000,1,Chhattisgarh,Bijapur,2,1,1,Clear,5,5,5,0,0,5,0
273049,2018,2018-11-15 00:00:00.000,2018-11-15 00:00:00.000,1,Chhattisgarh,Sukma,2,1,1,Clear,1,1,1,1,0,0,0
273052,2018,2018-11-18 00:00:00.000,2018-11-18 00:00:00.000,1,Chhattisgarh,Sukma,2,1,1,Clear,1,1,1,0,1,0,0
273055,2018,2018-11-19 00:00:00.000,2018-11-19 00:00:00.000,1,Chhattisgarh,Sukma,3,1,1,Clear,1,1,1,0,0,1,0
273056,2018,2018-11-22 00:00:00.000,2018-11-22 00:00:00.000,1,Chhattisgarh,Bijapur,3,1,1,Clear,1,1,1,0,0,1,0
273062,2018,2018-11-25 00:00:00.000,2018-11-25 00:00:00.000,1,Chhattisgarh,Bijapur,2,1,1,Clear,1,1,1,0,0,1,0
273066,2018,2018-11-25 00:00:00.000,2018-11-25 00:00:00.000,3,Chhattisgarh,Bijapur,3,1,1,Clear,1,1,1,1,0,0,0
273067,2018,2018-11-25 00:00:00.000,2018-11-25 00:00:00.000,1,Chhattisgarh,Bijapur,3,1,1,Clear,1,1,1,0,0,1,0
273070,2018,2018-11-25 00:00:00.000,2018-11-25 00:00:00.000,1,Chhattisgarh,Bijapur,3,1,1,Clear,1,1,1,0,0,1,0
273072,2018,2018-11-26 00:00:00.000,2018-11-26 00:00:00.000,1,Chhattisgarh,Sukma,3,1,1,Clear,10,15,10,0,2,8,0
273075,2018,2018-11-26 00:00:00.000,2018-11-26 00:00:00.000,1,Chhattisgarh,Sukma,2,1,1,Clear,1,1,1,0,0,1,0
273078,2018,2018-11-26 00:00:00.000,2018-11-26 00:00:00.000,1,Chhattisgarh,Bijapur,2,1,1,Clear,0,1,0,0,0,0,0
273081,2018,2018-11-29 00:00:00.000,2018-11-29 00:00:00.000,1,Chhattisgarh,Sukma,3,1,1,Clear,1,1,1,0,0,1,0
273084,2018,2018-11-07 00:00:00.000,2018-11-07 00:00:00.000,3,Bihar,Gaya,2,1,1,Clear,1,1,1,1,0,0,0
273086,2018,2018-11-08 00:00:00.000,2018-11-08 00:00:00.000,3,Bihar,Gaya,2,1,1,Clear,1,1,1,1,0,0,0
273242,2018,2018-12-01 00:00:00.000,2018-12-01 00:00:00.000,1,Chhattisgarh,Bastar,3,1,1,Clear,1,1,1,0,0,1,0
273243,2018,2018-12-02 00:00:00.000,2018-12-02 00:00:00.000,3,Chhattisgarh,Rajnandgaon,1,1,1,Clear,1,1,1,1,0,0,0
273254,2018,2018-12-04 00:00:00.000,2018-12-04 00:00:00.000,1,Chhattisgarh,Bastar,1,1,1,Clear,2,2,2,0,2,0,0
273255,2018,2018-12-05 00:00:00.000,2018-12-05 00:00:00.000,3,Chhattisgarh,Dantewada,3,1,1,Clear,0,1,0,0,0,0,0
273261,2018,2018-12-07 00:00:00.000,2018-12-07 00:00:00.000,1,Chhattisgarh,Sukma,1,1,1,Clear,1,1,1,0,0,1,0
273263,2018,2018-12-11 00:00:00.000,2018-12-11 00:00:00.000,1,Chhattisgarh,Sukma,2,1,1,Clear,1,1,1,0,1,0,0
273265,2018,2018-12-12 00:00:00.000,2018-12-12 00:00:00.000,1,Chhattisgarh,Bijapur,2,1,1,Clear,1,1,1,0,0,1,0
273273,2018,2018-12-10 00:00:00.000,2018-12-10 00:00:00.000,3,Maharashtra,Gadchiroli,2,1,1,Clear,0,1,0,0,0,0,0
274991,2018,2018-12-30 00:00:00.000,2018-12-30 00:00:00.000,3,Bihar,Aurangabad,3,1,1,Clear,1,1,1,1,0,0,0
276026,2018,2018-12-31 00:00:00.000,2018-12-31 00:00:00.000,1,Jharkhand,Khunti,1,1,1,Clear,1,1,1,0,1,0,0
276032,2018,2018-05-18 00:00:00.000,2018-12-21 00:00:00.000,1,Chhattisgarh,Bijapur,2,5,1,Clear,1,1,1,0,1,0,0
538686,2018,2018-11-02 00:00:00.000,2018-11-02 00:00:00.000,3,Bihar,Aurangabad,2,1,1,Clear,1,1,1,1,0,0,0
277203,2019,2019-01-04 00:00:00.000,2019-01-04 00:00:00.000,1,Jharkhand,Chatra,3,1,1,Clear,1,1,1,0,0,1,0
277246,2019,2019-01-15 00:00:00.000,2019-01-16 00:00:00.000,3,Bihar,Jamui,2,2,1,Clear,2,2,2,2,0,0,0
277263,2019,2019-01-22 00:00:00.000,2019-01-22 00:00:00.000,3,Maharashtra,Gadchiroli,2,1,1,Clear,3,3,3,3,0,0,0
277268,2019,2019-01-25 00:00:00.000,2019-01-25 00:00:00.000,1,Chhattisgarh,Sukma,2,1,1,Clear,1,1,1,0,0,1,0
277271,2019,2019-01-26 00:00:00.000,2019-01-27 00:00:00.000,3,Maharashtra,Gadchiroli,2,2,1,Clear,1,1,1,1,0,0,0
277315,2019,2019-01-23 00:00:00.000,2019-01-30 00:00:00.000,3,Maharashtra,Gadchiroli,2,4,1,Clear,1,1,1,1,0,0,0
277326,2019,2019-02-02 00:00:00.000,2019-02-02 00:00:00.000,3,Maharashtra,Gadchiroli,2,1,1,Clear,2,2,2,2,0,0,0
277414,2019,2019-01-16 00:00:00.000,2019-01-16 00:00:00.000,3,Bihar,Jamui,2,1,1,Clear,2,2,2,2,0,0,0
277417,2019,2019-01-09 00:00:00.000,2019-01-09 00:00:00.000,3,Chhattisgarh,Kanker,3,1,1,Clear,1,1,1,1,0,0,0
277420,2019,2019-01-25 00:00:00.000,2019-01-25 00:00:00.000,1,Chhattisgarh,Sukma,3,1,1,Clear,1,1,1,0,0,1,0
277428,2019,2019-01-13 00:00:00.000,2019-01-13 00:00:00.000,1,Jharkhand,Dumka,2,1,1,Clear,1,1,1,0,0,1,0
277439,2019,2019-01-05 00:00:00.000,2019-01-05 00:00:00.000,3,Odisha,Kandhamal,1,1,1,Clear,1,1,1,1,0,0,0
279208,2019,2019-02-07 00:00:00.000,2019-02-07 00:00:00.000,1,Chhattisgarh,Bijapur,2,1,1,Clear,10,10,10,0,0,10,0
279382,2019,2019-02-28 00:00:00.000,2019-02-28 00:00:00.000,1,Chhattisgarh,Sukma,2,1,1,Clear,1,1,1,0,0,1,0
279415,2019,2019-02-14 00:00:00.000,2019-02-14 00:00:00.000,1,Bihar,Gaya,3,1,1,Clear,1,1,1,0,1,0,0
279430,2019,2019-02-02 00:00:00.000,2019-02-02 00:00:00.000,1,Chhattisgarh,Sukma,5,1,1,Clear,1,1,1,1,0,0,0
279438,2019,2019-02-28 00:00:00.000,2019-02-28 00:00:00.000,3,Jharkhand,Seraikela-Kharsawan,1,1,1,Clear,1,1,1,1,0,0,0
279457,2019,2019-02-06 00:00:00.000,2019-02-07 00:00:00.000,3,Maharashtra,Gadchiroli,2,2,1,Clear,1,1,1,1,0,0,0
279462,2019,2019-02-28 00:00:00.000,2019-02-28 00:00:00.000,1,Maharashtra,Gadchiroli,3,1,1,Clear,8,8,8,0,0,8,0
279468,2019,2019-02-11 00:00:00.000,2019-02-12 00:00:00.000,3,Odisha,Nabarangpur,2,2,1,Clear,1,1,1,1,0,0,0
282036,2019,2019-03-06 00:00:00.000,2019-03-07 00:00:00.000,1,Kerala,Wayanad,2,2,1,Clear,1,1,1,0,0,1,0
282065,2019,2019-03-26 00:00:00.000,2019-03-26 00:00:00.000,1,Chhattisgarh,Sukma,3,1,1,Clear,4,4,4,0,0,4,0
282156,2019,2019-03-16 00:00:00.000,2019-03-16 00:00:00.000,1,Andhra Pradesh,Visakhapatnam,2,1,1,Clear,2,2,2,0,0,0,2
282158,2019,2019-03-18 00:00:00.000,2019-03-18 00:00:00.000,1,Bihar,Nawada,2,1,1,Clear,1,1,1,0,0,1,0
282160,2019,2019-03-10 00:00:00.000,2019-03-10 00:00:00.000,3,Maharashtra,Gadchiroli,1,1,1,Clear,1,1,1,1,0,0,0
282161,2019,2019-03-08 00:00:00.000,2019-03-08 00:00:00.000,3,Chhattisgarh,Sukma,2,1,1,Clear,1,1,1,1,0,0,0
282162,2019,2019-03-18 00:00:00.000,2019-03-18 00:00:00.000,1,Chhattisgarh,Dantewada,2,1,1,Clear,1,1,1,0,1,0,0
282164,2019,2019-03-19 00:00:00.000,2019-03-19 00:00:00.000,1,Chhattisgarh,Rajnandgaon,2,1,1,Clear,1,1,1,0,0,1,0
282168,2019,2019-03-11 00:00:00.000,2019-03-11 00:00:00.000,3,Odisha,Malkangiri,1,1,1,Clear,1,1,1,1,0,0,0
282169,2019,2019-03-13 00:00:00.000,2019-03-13 00:00:00.000,1,Odisha,Kandhamal,2,1,1,Clear,1,1,1,0,0,1,0
284758,2019,2019-04-09 00:00:00.000,2019-04-09 00:00:00.000,1,Chhattisgarh,Dantewada,2,1,1,Clear,5,5,5,0,5,0,0
284766,2019,2019-04-14 00:00:00.000,2019-04-14 00:00:00.000,3,Bihar,Gaya,1,1,1,Clear,1,1,1,1,0,0,0
284767,2019,2019-04-17 00:00:00.000,2019-04-17 00:00:00.000,1,Odisha,Kandhamal,2,1,1,Clear,1,1,1,0,1,0,0
284771,2019,2019-04-18 00:00:00.000,2019-04-18 00:00:00.000,1,Chhattisgarh,Dantewada,3,1,1,Clear,2,2,2,0,0,2,0
284779,2019,2019-04-30 00:00:00.000,2019-04-30 00:00:00.000,3,Odisha,Bolangir,1,1,1,Clear,1,1,1,1,0,0,0
284780,2019,2019-05-01 00:00:00.000,2019-05-01 00:00:00.000,1,Maharashtra,Gadchiroli,2,1,1,Clear,16,16,16,1,15,0,0
284783,2019,2019-04-27 00:00:00.000,2019-04-27 00:00:00.000,1,Maharashtra,Gadchiroli,2,1,1,Clear,2,2,2,0,0,2,0
284796,2019,2019-04-29 00:00:00.000,2019-04-29 00:00:00.000,1,Bihar,Muzaffarpur,3,1,1,Clear,1,1,1,0,0,1,0
284798,2019,2019-04-04 00:00:00.000,2019-04-04 00:00:00.000,1,Chhattisgarh,Kanker,1,1,1,Clear,4,4,4,0,4,0,0
284802,2019,2019-04-05 00:00:00.000,2019-04-05 00:00:00.000,1,Chhattisgarh,Dhamtari,2,1,1,Clear,1,1,1,0,1,0,0
284803,2019,2019-04-11 00:00:00.000,2019-04-11 00:00:00.000,1,Chhattisgarh,Narayanpur,2,1,1,Clear,1,1,1,0,0,1,0
284805,2019,2019-04-20 00:00:00.000,2019-04-20 00:00:00.000,1,Chhattisgarh,Bijapur,2,1,1,Clear,2,2,2,0,0,2,0
284807,2019,2019-04-23 00:00:00.000,2019-04-23 00:00:00.000,1,Chhattisgarh,Bijapur,2,1,1,Clear,1,1,1,0,0,1,0
284811,2019,2019-04-27 00:00:00.000,2019-04-27 00:00:00.000,1,Chhattisgarh,Bijapur,2,1,1,Clear,2,2,2,0,2,0,0
284816,2019,2019-04-21 00:00:00.000,2019-04-21 00:00:00.000,3,Jharkhand,Giridih,3,1,1,Clear,1,1,1,1,0,0,0
284819,2019,2019-04-26 00:00:00.000,2019-04-26 00:00:00.000,3,Jharkhand,Chatra,3,1,1,Clear,1,1,1,1,0,0,0
284821,2019,2019-04-27 00:00:00.000,2019-04-27 00:00:00.000,3,Odisha,Kandhamal,3,1,1,Clear,1,1,1,1,0,0,0
284822,2019,2019-04-28 00:00:00.000,2019-04-28 00:00:00.000,3,Odisha,Bolangir,1,1,1,Clear,1,1,1,1,0,0,0
287211,2019,2019-05-06 00:00:00.000,2019-05-06 00:00:00.000,3,Chhattisgarh,Bijapur,3,1,1,Clear,0,2,0,0,0,0,0
287282,2019,2019-05-24 00:00:00.000,2019-05-25 00:00:00.000,3,Chhattisgarh,Bijapur,1,2,1,Clear,1,1,0,1,0,0,0
287343,2019,2019-06-01 00:00:00.000,2019-06-01 00:00:00.000,1,Chhattisgarh,Bastar,1,1,1,Clear,1,1,1,0,1,0,0
287347,2019,2019-06-02 00:00:00.000,2019-06-02 00:00:00.000,1,Jharkhand,Dumka,3,1,1,Clear,1,1,1,0,1,0,0
287406,2019,2019-05-03 00:00:00.000,2019-05-03 00:00:00.000,1,Bihar,Aurangabad,3,1,1,Clear,0,1,0,0,0,0,0
287441,2019,2019-05-18 00:00:00.000,2019-05-18 00:00:00.000,1,Bihar,Gaya,1,1,1,Clear,1,1,1,0,0,1,0
287443,2019,2019-05-01 00:00:00.000,2019-05-01 00:00:00.000,3,Chhattisgarh,Sukma,1,1,1,Clear,2,2,2,2,0,0,0
287446,2019,2019-05-02 00:00:00.000,2019-05-02 00:00:00.000,1,Chhattisgarh,Dantewada,2,1,1,Clear,1,1,1,0,0,1,0
287450,2019,2019-05-07 00:00:00.000,2019-05-07 00:00:00.000,3,Chhattisgarh,Sukma,1,1,1,Clear,1,1,1,1,0,0,0
287453,2019,2019-05-08 00:00:00.000,2019-05-08 00:00:00.000,1,Chhattisgarh,Dantewada,2,1,1,Clear,2,2,2,0,0,2,0
287475,2019,2019-05-25 00:00:00.000,2019-05-25 00:00:00.000,3,Chhattisgarh,Bijapur,2,1,1,Clear,1,1,1,1,0,0,0
287482,2019,2019-05-26 00:00:00.000,2019-05-26 00:00:00.000,1,Chhattisgarh,Dantewada,2,1,1,Clear,1,1,1,0,0,1,0
287485,2019,2019-05-05 00:00:00.000,2019-05-05 00:00:00.000,3,Maharashtra,Gadchiroli,1,1,1,Clear,1,1,1,1,0,0,0
287488,2019,2019-05-06 00:00:00.000,2019-05-06 00:00:00.000,3,Maharashtra,Gadchiroli,2,1,1,Clear,1,1,1,1,0,0,0
287489,2019,2019-05-06 00:00:00.000,2019-05-06 00:00:00.000,3,Maharashtra,Gadchiroli,1,1,1,Clear,1,1,1,1,0,0,0
287504,2019,2019-05-08 00:00:00.000,2019-05-08 00:00:00.000,1,Odisha,Koraput,2,1,1,Clear,5,5,5,0,0,5,0
290834,2019,2019-06-10 00:00:00.000,2019-06-10 00:00:00.000,3,Chhattisgarh,Kanker,3,1,1,Clear,1,1,1,1,0,0,0
290882,2019,2019-06-14 00:00:00.000,2019-06-14 00:00:00.000,1,West Bengal,Purulia,2,1,1,Clear,5,5,5,0,5,0,0
290883,2019,2019-06-15 00:00:00.000,2019-06-15 00:00:00.000,3,Chhattisgarh,Sukma,1,1,1,Clear,1,1,1,1,0,0,0
290892,2019,2019-06-18 00:00:00.000,2019-06-19 00:00:00.000,3,Chhattisgarh,Bijapur,2,2,1,Clear,1,1,1,1,0,0,0
290899,2019,2019-06-23 00:00:00.000,2019-06-23 00:00:00.000,1,Chhattisgarh,Bijapur,1,1,1,Clear,1,1,1,0,1,0,0
290903,2019,2019-05-28 00:00:00.000,2019-05-28 00:00:00.000,1,Jharkhand,Seraikela-Kharsawan,3,1,1,Clear,1,1,1,0,1,0,0
290909,2019,2019-06-29 00:00:00.000,2019-06-29 00:00:00.000,1,Odisha,Malkangiri,2,1,1,Clear,1,1,1,1,0,0,0
290919,2019,2019-06-28 00:00:00.000,2019-06-28 00:00:00.000,3,Andhra Pradesh,Visakhapatnam,1,1,1,Clear,1,1,1,1,0,0,0
290925,2019,2019-06-13 00:00:00.000,2019-06-14 00:00:00.000,1,Chhattisgarh,Kanker,2,2,1,Clear,2,2,2,0,0,2,0
290928,2019,2019-06-18 00:00:00.000,2019-06-18 00:00:00.000,1,Chhattisgarh,Dhamtari,2,1,1,Clear,1,1,1,0,0,1,0
290931,2019,2019-06-25 00:00:00.000,2019-06-25 00:00:00.000,3,Chhattisgarh,Bijapur,2,1,1,Clear,2,2,2,2,0,0,0
290934,2019,2019-06-27 00:00:00.000,2019-06-27 00:00:00.000,1,Chhattisgarh,Sukma,2,1,1,Clear,1,1,1,0,0,1,0
290938,2019,2019-06-28 00:00:00.000,2019-06-28 00:00:00.000,1,Chhattisgarh,Bijapur,1,1,1,Clear,4,4,4,1,3,0,0
290940,2019,2019-06-01 00:00:00.000,2019-06-01 00:00:00.000,3,Jharkhand,Lohardaga,2,1,1,Clear,1,1,1,1,0,0,0
290943,2019,2019-06-06 00:00:00.000,2019-06-06 00:00:00.000,3,Jharkhand,Garhwa,2,1,1,Clear,1,1,1,1,0,0,0
290944,2019,2019-06-13 00:00:00.000,2019-06-13 00:00:00.000,3,Jharkhand,Gumla,1,1,1,Clear,1,1,1,1,0,0,0
290946,2019,2019-06-19 00:00:00.000,2019-06-19 00:00:00.000,1,Jharkhand,Simdega,2,1,1,Clear,1,1,1,0,0,1,0
290955,2019,2019-06-19 00:00:00.000,2019-06-19 00:00:00.000,3,Madhya Pradesh,Balaghat,2,1,1,Clear,1,1,1,1,0,0,0
291480,2019,2019-07-12 00:00:00.000,2019-07-12 00:00:00.000,1,Chhattisgarh,Sukma,2,1,1,Clear,1,1,1,0,0,1,0
291481,2019,2019-07-09 00:00:00.000,2019-07-12 00:00:00.000,3,Chhattisgarh,Sukma,5,2,2,Clear,1,1,1,1,0,0,0
292088,2019,2019-07-21 00:00:00.000,2019-07-21 00:00:00.000,3,Odisha,Kalahandi,1,1,1,Clear,1,1,1,1,0,0,0
292092,2019,2019-07-21 00:00:00.000,2019-07-21 00:00:00.000,3,Odisha,Kalahandi,1,1,1,Clear,1,1,1,1,0,0,0
292095,2019,2019-07-24 00:00:00.000,2019-07-24 00:00:00.000,1,Odisha,Kalahandi,2,1,1,Clear,1,1,1,0,0,1,0
292108,2019,2019-07-27 00:00:00.000,2019-07-27 00:00:00.000,1,Chhattisgarh,Bastar,2,1,1,Clear,7,7,7,0,0,6,1
298892,2019,2019-08-03 00:00:00.000,2019-08-03 00:00:00.000,1,Chhattisgarh,Rajnandgaon,2,1,1,Clear,7,7,7,0,0,7,0
298898,2019,2019-08-04 00:00:00.000,2019-08-04 00:00:00.000,3,Jharkhand,Khunti,1,1,1,Clear,2,2,2,2,0,0,0
298900,2019,2019-08-10 00:00:00.000,2019-08-10 00:00:00.000,1,Jharkhand,Hazaribagh,2,1,1,Clear,1,1,1,0,0,1,0
298921,2019,2019-08-17 00:00:00.000,2019-08-17 00:00:00.000,1,Chhattisgarh,Narayanpur,2,1,1,Clear,6,6,6,0,1,5,0
298923,2019,2019-08-26 00:00:00.000,2019-08-26 00:00:00.000,3,Chhattisgarh,Kanker,1,1,1,Clear,1,1,1,1,0,0,0
298951,2019,2019-08-19 00:00:00.000,2019-08-19 00:00:00.000,1,Andhra Pradesh,Visakhapatnam,3,1,1,Clear,2,2,2,0,0,2,0
298952,2019,2019-08-19 00:00:00.000,2019-08-19 00:00:00.000,3,Bihar,Lakhisarai,1,1,1,Clear,2,2,2,2,0,0,0
298954,2019,2019-08-15 00:00:00.000,2019-08-15 00:00:00.000,3,Chhattisgarh,Kanker,1,1,1,Clear,0,1,0,0,0,0,0
298956,2019,2019-08-24 00:00:00.000,2019-08-24 00:00:00.000,1,Chhattisgarh,Narayanpur,2,1,1,Clear,6,6,6,0,1,5,0
298957,2019,2019-08-27 00:00:00.000,2019-08-27 00:00:00.000,3,Chhattisgarh,Kanker,1,1,1,Clear,1,1,1,1,0,0,0
298959,2019,2019-08-30 00:00:00.000,2019-08-30 00:00:00.000,1,Chhattisgarh,Dantewada,3,1,1,Clear,1,1,1,0,1,0,0
298960,2019,2019-08-09 00:00:00.000,2019-08-09 00:00:00.000,1,Jharkhand,Khunti,3,1,1,Clear,1,1,1,0,0,1,0
298974,2019,2019-08-28 00:00:00.000,2019-08-28 00:00:00.000,1,Odisha,Malkangiri,3,1,1,Clear,2,2,2,0,1,1,0
298989,2019,2019-08-21 00:00:00.000,2019-08-21 00:00:00.000,1,Telangana,Bhadradri Kothagudem,2,1,1,Clear,1,1,1,0,0,1,0
304755,2019,2019-09-14 00:00:00.000,2019-09-14 00:00:00.000,3,Chhattisgarh,Dantewada,3,1,1,Clear,1,1,1,1,0,0,0
304795,2019,2019-09-29 00:00:00.000,2019-09-29 00:00:00.000,1,Chhattisgarh,Kabirdham,3,1,1,Clear,1,1,1,0,0,1,0
304811,2019,2019-10-01 00:00:00.000,2019-10-01 00:00:00.000,3,Chhattisgarh,Bijapur,3,1,1,Clear,1,1,1,1,0,0,0
304854,2019,2019-09-22 00:00:00.000,2019-09-22 00:00:00.000,1,Andhra Pradesh,Visakhapatnam,1,1,1,Clear,5,5,5,0,0,5,0
304861,2019,2019-09-12 00:00:00.000,2019-09-12 00:00:00.000,3,Bihar,Munger,3,1,1,Clear,1,1,1,1,0,0,0
304871,2019,2019-09-13 00:00:00.000,2019-09-13 00:00:00.000,1,Chhattisgarh,Dantewada,1,1,1,Clear,2,2,2,0,0,2,0
304878,2019,2019-09-14 00:00:00.000,2019-09-14 00:00:00.000,1,Chhattisgarh,Sukma,2,1,1,Clear,3,3,3,0,0,3,0
304880,2019,2019-09-15 00:00:00.000,2019-09-15 00:00:00.000,1,Chhattisgarh,Bijapur,1,1,1,Clear,1,1,1,0,0,1,0
304884,2019,2019-09-19 00:00:00.000,2019-09-19 00:00:00.000,3,Chhattisgarh,Dantewada,1,1,1,Clear,1,1,1,1,0,0,0
304890,2019,2019-09-21 00:00:00.000,2019-09-21 00:00:00.000,3,Chhattisgarh,Bijapur,3,1,1,Clear,1,1,1,1,0,0,0
304903,2019,2019-09-24 00:00:00.000,2019-09-24 00:00:00.000,3,Chhattisgarh,Kanker,3,1,1,Clear,0,3,0,0,0,0,0
304910,2019,2019-09-27 00:00:00.000,2019-09-27 00:00:00.000,3,Chhattisgarh,Sukma,1,1,1,Clear,1,1,1,1,0,0,0
304928,2019,2019-09-11 00:00:00.000,2019-09-11 00:00:00.000,3,Maharashtra,Gadchiroli,2,1,1,Clear,1,1,1,1,0,0,0
304933,2019,2019-09-15 00:00:00.000,2019-09-15 00:00:00.000,1,Maharashtra,Gadchiroli,3,1,1,Clear,2,2,2,0,0,2,0
312103,2019,2019-10-12 00:00:00.000,2019-10-12 00:00:00.000,3,Chhattisgarh,Bijapur,2,1,1,Clear,1,1,1,1,0,0,0
312197,2019,2019-10-18 00:00:00.000,2019-10-18 00:00:00.000,3,Maharashtra,Gondia,1,1,1,Clear,1,1,1,1,0,0,0
312265,2019,2019-10-28 00:00:00.000,2019-10-29 00:00:00.000,1,Kerala,Palakkad,1,2,1,Clear,4,4,4,0,0,4,0
312299,2019,2019-10-20 00:00:00.000,2019-10-20 00:00:00.000,3,Andhra Pradesh,Visakhapatnam,1,1,1,Clear,1,1,1,1,0,0,0
312305,2019,2019-10-22 00:00:00.000,2019-10-22 00:00:00.000,3,Andhra Pradesh,Visakhapatnam,1,1,1,Clear,1,1,1,1,0,0,0
312309,2019,2019-10-12 00:00:00.000,2019-10-12 00:00:00.000,3,Bihar,Lakhisarai,1,1,1,Clear,1,1,1,1,0,0,0
312314,2019,2019-10-15 00:00:00.000,2019-10-15 00:00:00.000,1,Chhattisgarh,Sukma,2,1,1,Clear,1,1,1,0,0,1,0
312454,2019,2019-10-04 00:00:00.000,2019-10-04 00:00:00.000,1,Jharkhand,Ranchi,2,1,1,Clear,2,2,2,0,2,0,0
321691,2019,2019-11-07 00:00:00.000,2019-11-07 00:00:00.000,1,Chhattisgarh,Bijapur,3,1,1,Clear,1,1,1,0,1,0,0
322004,2019,2019-11-22 00:00:00.000,2019-11-22 00:00:00.000,1,Jharkhand,Latehar,3,1,1,Clear,4,4,4,0,4,0,0
322174,2019,2019-11-07 00:00:00.000,2019-11-07 00:00:00.000,3,Bihar,Aurangabad,3,1,1,Clear,1,1,1,1,0,0,0
322179,2019,2019-12-29 00:00:00.000,2019-12-29 00:00:00.000,3,Bihar,Lakhisarai,3,1,1,Clear,1,1,1,1,0,0,0
322181,2019,2019-12-29 00:00:00.000,2019-12-29 00:00:00.000,3,Bihar,Lakhisarai,3,1,1,Clear,1,1,1,1,0,0,0
322185,2019,2019-11-05 00:00:00.000,2019-11-05 00:00:00.000,1,Chhattisgarh,Dantewada,3,1,1,Clear,2,2,2,0,0,2,0
322212,2019,2019-11-10 00:00:00.000,2019-11-10 00:00:00.000,3,Chhattisgarh,Sukma,1,1,1,Clear,1,1,1,1,0,0,0
322214,2019,2019-11-13 00:00:00.000,2019-11-13 00:00:00.000,1,Chhattisgarh,Sukma,3,1,1,Clear,1,1,1,0,0,1,0
322219,2019,2019-11-23 00:00:00.000,2019-11-23 00:00:00.000,1,Chhattisgarh,Sukma,1,1,1,Clear,2,2,2,0,0,2,0
322225,2019,2019-11-23 00:00:00.000,2019-11-23 00:00:00.000,1,Chhattisgarh,Sukma,1,1,1,Clear,1,1,1,0,0,1,0
322228,2019,2019-12-12 00:00:00.000,2019-12-12 00:00:00.000,1,Chhattisgarh,Sukma,2,1,1,Clear,2,2,2,0,0,2,0
322229,2019,2019-12-19 00:00:00.000,2019-12-19 00:00:00.000,1,Chhattisgarh,Sukma,3,1,1,Clear,1,1,1,0,0,1,0
322230,2019,2019-12-19 00:00:00.000,2019-12-19 00:00:00.000,1,Chhattisgarh,Sukma,3,1,1,Clear,1,1,1,0,0,1,0
322232,2019,2019-11-23 00:00:00.000,2019-11-23 00:00:00.000,3,Jharkhand,Palamu,3,1,1,Clear,2,2,2,2,0,0,0
322234,2019,2019-11-25 00:00:00.000,2019-11-25 00:00:00.000,3,Jharkhand,West Singhbhum,3,1,1,Clear,1,1,1,1,0,0,0
322235,2019,2019-11-28 00:00:00.000,2019-11-28 00:00:00.000,1,Jharkhand,Seraikela-Kharsawan,3,1,1,Clear,1,1,1,0,0,1,0
322236,2019,2019-12-12 00:00:00.000,2019-12-12 00:00:00.000,1,Jharkhand,Lohardaga,3,1,1,Clear,1,1,1,1,0,0,0
322238,2019,2019-12-24 00:00:00.000,2019-12-24 00:00:00.000,1,Jharkhand,Lohardaga,3,1,1,Clear,1,1,1,1,0,0,0
322239,2019,2019-12-27 00:00:00.000,2019-12-27 00:00:00.000,3,Jharkhand,Chatra,3,1,1,Clear,1,1,1,1,0,0,0
322243,2019,2019-11-17 00:00:00.000,2019-12-02 00:00:00.000,3,Madhya Pradesh,Balaghat,3,4,1,Clear,0,1,0,0,0,0,0
322244,2019,2019-11-27 00:00:00.000,2019-11-27 00:00:00.000,3,Maharashtra,Gadchiroli,2,1,1,Clear,1,1,1,1,0,0,0
322245,2019,2019-11-30 00:00:00.000,2019-11-30 00:00:00.000,1,Maharashtra,Gadchiroli,3,1,1,Clear,2,2,2,0,0,2,0
322246,2019,2019-12-01 00:00:00.000,2019-12-01 00:00:00.000,1,Maharashtra,Gadchiroli,3,1,1,Clear,2,2,2,1,1,0,0
322247,2019,2019-12-20 00:00:00.000,2019-12-20 00:00:00.000,3,Maharashtra,Gadchiroli,2,1,1,Clear,0,1,0,0,0,0,0
322248,2019,2019-11-02 00:00:00.000,2019-11-02 00:00:00.000,3,Odisha,Nabarangpur,3,1,1,Clear,0,1,0,0,0,0,0
324329,2019,2019-04-15 00:00:00.000,2019-04-15 00:00:00.000,1,Jharkhand,Giridih,3,1,1,Clear,4,4,4,0,1,3,0
324343,2019,2019-06-01 00:00:00.000,2019-06-01 00:00:00.000,1,Jharkhand,Gumla,3,1,1,Clear,6,6,6,0,1,5,0
324352,2019,2019-07-06 00:00:00.000,2019-07-06 00:00:00.000,1,Chhattisgarh,Dhamtari,3,1,1,Clear,4,4,4,0,0,4,0
324519,2019,2019-02-24 00:00:00.000,2019-02-24 00:00:00.000,1,Jharkhand,Gumla,3,1,1,Clear,3,3,3,0,0,3,0
324539,2019,2019-06-30 00:00:00.000,2019-06-30 00:00:00.000,3,Odisha,Malkangiri,3,1,1,Clear,1,1,1,1,0,0,0
324540,2019,2019-07-09 00:00:00.000,2019-07-09 00:00:00.000,1,Chhattisgarh,Sukma,2,1,1,Clear,1,1,1,0,0,1,0
324541,2019,2019-07-10 00:00:00.000,2019-07-10 00:00:00.000,1,Madhya Pradesh,Balaghat,3,1,1,Clear,2,2,2,0,0,2,0
324542,2019,2019-07-14 00:00:00.000,2019-07-14 00:00:00.000,1,Chhattisgarh,Dantewada,3,1,1,Clear,2,2,2,0,0,2,0
324543,2019,2019-07-18 00:00:00.000,2019-07-18 00:00:00.000,1,Jharkhand,Lohardaga,3,1,1,Clear,3,3,3,0,0,3,0
324544,2019,2019-07-18 00:00:00.000,2019-07-18 00:00:00.000,3,Andhra Pradesh,Visakhapatnam,1,1,1,Clear,2,2,2,2,0,0,0
324545,2019,2019-07-23 00:00:00.000,2019-07-23 00:00:00.000,1,Chhattisgarh,Sukma,1,1,1,Clear,1,1,1,0,0,1,0
324546,2019,2019-07-24 00:00:00.000,2019-07-24 00:00:00.000,3,Bihar,Muzaffarpur,3,1,1,Clear,1,1,1,1,0,0,0
324547,2019,2019-07-24 00:00:00.000,2019-07-24 00:00:00.000,3,Jharkhand,West Singhbhum,1,1,1,Clear,0,2,0,0,0,0,0
324548,2019,2019-07-25 00:00:00.000,2019-07-25 00:00:00.000,1,Bihar,Gaya,3,1,1,Clear,3,3,3,0,0,3,0
324550,2019,2019-07-29 00:00:00.000,2019-07-29 00:00:00.000,1,Maharashtra,Gadchiroli,3,1,1,Clear,1,1,1,0,0,1,0
324551,2019,2019-07-29 00:00:00.000,2019-07-29 00:00:00.000,1,Chhattisgarh,Sukma,2,1,1,Clear,2,2,2,0,0,2,0
324552,2019,2019-07-31 00:00:00.000,2019-07-31 00:00:00.000,1,Chhattisgarh,Bastar,1,1,1,Clear,1,1,1,0,1,0,0
324564,2019,2019-10-11 00:00:00.000,2019-10-11 00:00:00.000,1,Chhattisgarh,Bijapur,3,1,1,Clear,1,1,1,0,0,1,0
324711,2020,2020-01-13 00:00:00.000,2020-01-13 00:00:00.000,1,Chhattisgarh,Dantewada,1,1,1,Clear,1,1,1,0,1,0,0
324785,2020,2020-01-03 00:00:00.000,2020-01-03 00:00:00.000,3,Chhattisgarh,Narayanpur,2,1,1,Clear,1,1,1,1,0,0,0
324805,2020,2020-01-19 00:00:00.000,2020-01-19 00:00:00.000,1,Chhattisgarh,Bijapur,2,1,1,Clear,1,1,1,0,0,1,0
324812,2020,2020-01-24 00:00:00.000,2020-01-24 00:00:00.000,3,Jharkhand,Bokaro,1,1,1,Clear,1,1,1,1,0,0,0
324814,2020,2020-01-02 00:00:00.000,2020-01-02 00:00:00.000,3,Odisha,Kandhamal,3,1,1,Clear,1,1,1,1,0,0,0
332471,2020,2020-02-09 00:00:00.000,2020-02-09 00:00:00.000,3,Chhattisgarh,Dantewada,3,1,1,Clear,1,1,1,1,0,0,0
332483,2020,2020-02-10 00:00:00.000,2020-02-10 00:00:00.000,1,Chhattisgarh,Bijapur,3,1,1,Clear,4,4,4,0,3,1,0
332500,2020,2020-02-19 00:00:00.000,2020-02-19 00:00:00.000,1,Chhattisgarh,Sukma,2,1,1,Clear,1,1,1,0,0,1,0
332501,2020,2020-02-18 00:00:00.000,2020-02-18 00:00:00.000,1,Chhattisgarh,Sukma,2,1,1,Clear,1,1,1,0,1,0,0
332502,2020,2020-02-19 00:00:00.000,2020-02-19 00:00:00.000,1,Chhattisgarh,Narayanpur,3,1,1,Clear,1,1,1,0,0,1,0
332526,2020,2020-02-23 00:00:00.000,2020-02-23 00:00:00.000,3,Odisha,Malkangiri,1,1,1,Clear,1,1,1,1,0,0,0
332527,2020,2020-02-17 00:00:00.000,2020-02-17 00:00:00.000,1,Maharashtra,Gadchiroli,2,1,1,Clear,1,1,1,0,0,1,0
332529,2020,2020-02-17 00:00:00.000,2020-02-17 00:00:00.000,3,Jharkhand,Seraikela-Kharsawan,3,1,1,Clear,1,1,1,1,0,0,0
332530,2020,2020-02-06 00:00:00.000,2020-02-06 00:00:00.000,3,Chhattisgarh,Bijapur,3,1,1,Clear,1,1,1,1,0,0,0
332531,2020,2020-02-15 00:00:00.000,2020-02-15 00:00:00.000,1,Chhattisgarh,Sukma,3,1,1,Clear,1,1,1,0,0,1,0
332536,2020,2020-02-21 00:00:00.000,2020-02-21 00:00:00.000,3,Chhattisgarh,Kanker,1,1,1,Clear,1,1,1,1,0,0,0
332537,2020,2020-02-28 00:00:00.000,2020-02-28 00:00:00.000,3,Chhattisgarh,Sukma,3,1,1,Clear,1,1,1,1,0,0,0
332538,2020,2020-02-28 00:00:00.000,2020-02-28 00:00:00.000,3,Chhattisgarh,Sukma,1,1,1,Clear,1,1,1,1,0,0,0
336372,2020,2020-03-11 00:00:00.000,2020-03-12 00:00:00.000,1,Chhattisgarh,Sukma,3,2,1,Clear,1,1,1,0,1,0,0
336381,2020,2020-03-21 00:00:00.000,2020-03-21 00:00:00.000,1,Chhattisgarh,Sukma,2,1,1,Clear,20,42,20,0,17,3,0
336383,2020,2020-03-21 00:00:00.000,2020-03-23 00:00:00.000,3,Chhattisgarh,Dantewada,3,2,1,Clear,1,1,1,1,0,0,0
336436,2020,2020-03-29 00:00:00.000,2020-03-29 00:00:00.000,3,Maharashtra,Gadchiroli,3,1,1,Clear,1,1,1,1,0,0,0
336438,2020,2020-03-31 00:00:00.000,2020-03-31 00:00:00.000,1,Jharkhand,Gumla,3,1,1,Clear,1,1,1,0,0,1,0
336441,2020,2020-03-03 00:00:00.000,2020-03-03 00:00:00.000,1,Chhattisgarh,Sukma,3,1,1,Clear,1,1,1,0,1,0,0
336443,2020,2020-03-14 00:00:00.000,2020-03-14 00:00:00.000,1,Chhattisgarh,Bastar,3,1,1,Clear,2,2,2,0,2,0,0
336454,2020,2020-03-19 00:00:00.000,2020-03-19 00:00:00.000,1,Chhattisgarh,Dantewada,3,1,1,Clear,1,1,1,0,0,1,0
339086,2020,2020-04-04 00:00:00.000,2020-04-04 00:00:00.000,1,Jharkhand,West Singhbhum,3,1,1,Clear,3,3,3,0,0,3,0
339094,2020,2020-04-08 00:00:00.000,2020-04-08 00:00:00.000,3,Maharashtra,Gadchiroli,1,1,1,Clear,1,1,1,1,0,0,0
339107,2020,2020-04-17 00:00:00.000,2020-04-17 00:00:00.000,1,Chhattisgarh,Sukma,3,1,1,Clear,1,1,1,0,0,1,0
339115,2020,2020-04-19 00:00:00.000,2020-04-19 00:00:00.000,3,Jharkhand,West Singhbhum,3,1,1,Clear,1,1,1,1,0,0,0
339218,2020,2020-04-08 00:00:00.000,2020-04-08 00:00:00.000,3,Bihar,Unspecified,4,1,1,Clear,3,3,3,3,0,0,0
339221,2020,2020-04-16 00:00:00.000,2020-04-16 00:00:00.000,1,Chhattisgarh,Bijapur,3,1,1,Clear,1,1,1,0,0,1,0
339224,2020,2020-04-14 00:00:00.000,2020-04-16 00:00:00.000,1,Chhattisgarh,Bijapur,1,2,1,Clear,1,1,1,0,1,0,0
339226,2020,2020-04-17 00:00:00.000,2020-04-17 00:00:00.000,1,Chhattisgarh,Bijapur,3,1,1,Clear,1,1,1,1,0,0,0
339229,2020,2020-04-25 00:00:00.000,2020-04-25 00:00:00.000,1,Chhattisgarh,Sukma,3,1,1,Clear,2,2,2,0,0,2,0
342472,2020,2020-05-21 00:00:00.000,2020-05-21 00:00:00.000,1,Chhattisgarh,Dantewada,3,1,1,Clear,2,2,2,0,0,2,0
342478,2020,2020-05-08 00:00:00.000,2020-05-08 00:00:00.000,1,Chhattisgarh,Rajnandgaon,2,1,1,Clear,5,5,5,0,1,4,0
342479,2020,2020-05-11 00:00:00.000,2020-05-11 00:00:00.000,1,Chhattisgarh,Bastar,3,1,1,Clear,1,1,1,0,1,0,0
342480,2020,2020-05-23 00:00:00.000,2020-05-23 00:00:00.000,1,Chhattisgarh,Sukma,1,1,1,Clear,2,2,2,0,0,2,0
342482,2020,2020-05-31 00:00:00.000,2020-05-31 00:00:00.000,1,Jharkhand,West Singhbhum,2,1,1,Clear,2,2,2,1,1,0,0
342483,2020,2020-05-02 00:00:00.000,2020-05-02 00:00:00.000,1,Maharashtra,Gadchiroli,2,1,1,Clear,1,1,1,0,0,1,0
342484,2020,2020-05-17 00:00:00.000,2020-05-17 00:00:00.000,1,Maharashtra,Gadchiroli,2,1,1,Clear,2,2,2,0,2,0,0
347122,2020,2020-06-08 00:00:00.000,2020-06-08 00:00:00.000,3,Madhya Pradesh,Balaghat,3,1,1,Clear,1,1,1,1,0,0,0
347123,2020,2020-06-11 00:00:00.000,2020-06-11 00:00:00.000,3,Maharashtra,Gadchiroli,2,1,1,Clear,1,1,1,1,0,0,0
347124,2020,2020-06-02 00:00:00.000,2020-06-02 00:00:00.000,1,Chhattisgarh,Bijapur,2,1,1,Clear,1,1,1,0,0,1,0
347130,2020,2020-06-18 00:00:00.000,2020-06-18 00:00:00.000,1,Jharkhand,Koderma,3,1,1,Clear,1,1,1,0,0,1,0
352766,2020,2020-07-03 00:00:00.000,2020-07-03 00:00:00.000,1,Maharashtra,Gadchiroli,3,1,1,Clear,1,1,1,0,0,1,0
352771,2020,2020-07-06 00:00:00.000,2020-07-06 00:00:00.000,1,Odisha,Kandhamal,2,1,1,Clear,1,1,1,0,0,1,0
352772,2020,2020-07-05 00:00:00.000,2020-07-05 00:00:00.000,1,Odisha,Kandhamal,2,1,1,Clear,4,4,4,0,0,4,0
352906,2020,2020-07-23 00:00:00.000,2020-07-23 00:00:00.000,1,Odisha,Kandhamal,3,1,1,Clear,2,2,2,0,0,2,0
352977,2020,2020-07-26 00:00:00.000,2020-07-26 00:00:00.000,1,Andhra Pradesh,Visakhapatnam,2,1,1,Clear,1,1,1,0,0,1,0
352979,2020,2020-07-09 00:00:00.000,2020-07-10 00:00:00.000,3,Bihar,Munger,3,2,1,Clear,2,2,2,2,0,0,0
352982,2020,2020-07-10 00:00:00.000,2020-07-10 00:00:00.000,1,Bihar,West Champaran (Bettiah),5,1,1,Clear,4,4,4,0,0,4,0
352987,2020,2020-07-01 00:00:00.000,2020-07-01 00:00:00.000,3,Chhattisgarh,Dantewada,3,1,1,Clear,1,1,1,1,0,0,0
352992,2020,2020-07-02 00:00:00.000,2020-07-02 00:00:00.000,1,Chhattisgarh,Bijapur,1,1,1,Clear,1,1,1,0,1,0,0
352997,2020,2020-07-14 00:00:00.000,2020-07-14 00:00:00.000,3,Chhattisgarh,Sukma,2,1,1,Clear,1,1,1,1,0,0,0
353025,2020,2020-07-27 00:00:00.000,2020-07-27 00:00:00.000,1,Chhattisgarh,Narayanpur,3,1,1,Clear,1,1,1,0,1,0,0
353066,2020,2020-07-10 00:00:00.000,2020-07-10 00:00:00.000,3,Maharashtra,Gadchiroli,1,1,1,Clear,1,1,1,1,0,0,0
353072,2020,2020-08-14 00:00:00.000,2020-08-14 00:00:00.000,1,Maharashtra,Gadchiroli,1,1,1,Clear,1,1,1,0,1,0,0
353083,2020,2020-08-26 00:00:00.000,2020-08-26 00:00:00.000,1,Maharashtra,Gadchiroli,1,1,1,Clear,1,1,1,0,0,1,0
353275,2020,2020-08-03 00:00:00.000,2020-08-03 00:00:00.000,1,Andhra Pradesh,Visakhapatnam,5,1,1,Clear,2,2,2,2,0,0,0
353276,2020,2020-08-05 00:00:00.000,2020-08-05 00:00:00.000,1,Chhattisgarh,Bijapur,5,1,1,Clear,1,1,1,0,0,1,0
353279,2020,2020-08-10 00:00:00.000,2020-08-10 00:00:00.000,1,Chhattisgarh,Kanker,3,1,1,Clear,1,1,1,0,0,1,0
353280,2020,2020-08-12 00:00:00.000,2020-08-12 00:00:00.000,1,Chhattisgarh,Sukma,3,1,1,Clear,4,4,4,0,0,4,0
353282,2020,2020-08-23 00:00:00.000,2020-08-23 00:00:00.000,1,Chhattisgarh,Bijapur,1,1,1,Clear,1,1,0,1,0,0,0
353284,2020,2020-08-30 00:00:00.000,2020-08-31 00:00:00.000,1,Chhattisgarh,Bijapur,2,2,1,Clear,1,1,1,0,1,0,0
353286,2020,2020-08-30 00:00:00.000,2020-08-30 00:00:00.000,1,Chhattisgarh,Dhamtari,2,1,1,Clear,1,1,1,0,0,1,0
353435,2020,2020-08-30 00:00:00.000,2020-09-01 00:00:00.000,1,Chhattisgarh,Dantewada,3,2,1,Clear,1,1,1,0,1,0,0
357956,2020,2020-09-03 00:00:00.000,2020-09-03 00:00:00.000,3,Chhattisgarh,Dantewada,2,1,1,Clear,2,2,2,2,0,0,0
357961,2020,2020-09-03 00:00:00.000,2020-09-05 00:00:00.000,3,Chhattisgarh,Bijapur,2,2,1,Clear,4,4,4,4,0,0,0
357964,2020,2020-09-02 00:00:00.000,2020-09-02 00:00:00.000,3,Chhattisgarh,Kanker,2,1,1,Clear,1,1,1,1,0,0,0
357979,2020,2020-09-13 00:00:00.000,2020-09-14 00:00:00.000,3,Jharkhand,West Singhbhum,3,2,1,Clear,1,1,1,1,0,0,0
357995,2020,2020-09-21 00:00:00.000,2020-09-21 00:00:00.000,3,Chhattisgarh,Bijapur,1,1,1,Clear,1,1,1,1,0,0,0
358004,2020,2020-09-21 00:00:00.000,2020-09-21 00:00:00.000,3,Chhattisgarh,Bijapur,1,1,1,Clear,1,1,1,1,0,0,0
358008,2020,2020-09-22 00:00:00.000,2020-09-22 00:00:00.000,3,Chhattisgarh,Sukma,3,1,1,Clear,1,1,1,1,0,0,0
358045,2020,2020-09-23 00:00:00.000,2020-09-23 00:00:00.000,1,Telangana,Bhadradri Kothagudem,2,1,1,Clear,3,3,3,0,0,3,0
358089,2020,2020-09-30 00:00:00.000,2020-09-30 00:00:00.000,3,Chhattisgarh,Bijapur,1,1,1,Clear,1,1,1,1,0,0,0
358092,2020,2020-09-30 00:00:00.000,2020-09-30 00:00:00.000,3,Chhattisgarh,Bijapur,1,1,1,Clear,1,1,1,1,0,0,0
358114,2020,2020-09-11 00:00:00.000,2020-09-11 00:00:00.000,1,Chhattisgarh,Bijapur,1,1,1,Clear,1,1,1,0,1,0,0
358123,2020,2020-09-18 00:00:00.000,2020-09-18 00:00:00.000,1,Chhattisgarh,Bijapur,2,1,1,Clear,1,1,1,0,1,0,0
358132,2020,2020-09-28 00:00:00.000,2020-09-28 00:00:00.000,1,Chhattisgarh,Bijapur,2,1,1,Clear,4,4,4,0,0,4,0
358152,2020,2020-09-09 00:00:00.000,2020-09-09 00:00:00.000,1,Odisha,Kalahandi,5,1,1,Clear,7,7,7,0,2,5,0
358159,2020,2020-09-03 00:00:00.000,2020-09-03 00:00:00.000,1,Telangana,Bhadradri Kothagudem,2,1,1,Clear,1,1,1,0,0,1,0
358163,2020,2020-09-07 00:00:00.000,2020-09-07 00:00:00.000,1,Telangana,Bhadradri Kothagudem,2,1,1,Clear,2,2,2,0,0,2,0
358169,2020,2020-09-20 00:00:00.000,2020-09-20 00:00:00.000,1,Telangana,Kumarambhem,3,1,1,Clear,2,2,2,0,0,2,0
364273,2020,2020-09-01 00:00:00.000,2020-10-03 00:00:00.000,1,Chhattisgarh,Bijapur,3,5,2,Clear,2,2,2,0,2,0,0
364379,2020,2020-11-03 00:00:00.000,2020-11-03 00:00:00.000,1,Kerala,Wayanad,5,1,1,Clear,1,1,1,0,0,1,0
364440,2020,2020-10-02 00:00:00.000,2020-10-02 00:00:00.000,3,Chhattisgarh,Bastar,1,1,1,Clear,1,1,1,1,0,0,0
364448,2020,2020-10-16 00:00:00.000,2020-10-16 00:00:00.000,1,Chhattisgarh,Bijapur,3,1,1,Clear,1,1,1,0,0,1,0
364454,2020,2020-10-20 00:00:00.000,2020-10-20 00:00:00.000,1,Chhattisgarh,Bijapur,3,1,1,Clear,1,1,1,0,0,1,0
364456,2020,2020-10-24 00:00:00.000,2020-10-24 00:00:00.000,1,Chhattisgarh,Narayanpur,2,1,1,Clear,1,1,1,0,1,0,0
364458,2020,2020-10-29 00:00:00.000,2020-10-29 00:00:00.000,1,Chhattisgarh,Sukma,2,1,1,Clear,1,1,1,0,0,1,0
364462,2020,2020-10-18 00:00:00.000,2020-10-18 00:00:00.000,3,Jharkhand,Chatra,1,1,1,Clear,1,1,1,1,0,0,0
364464,2020,2020-10-18 00:00:00.000,2020-10-18 00:00:00.000,1,Maharashtra,Gadchiroli,5,1,1,Clear,5,5,5,0,0,5,0
364468,2020,2020-10-21 00:00:00.000,2020-10-21 00:00:00.000,3,Odisha,Malkangiri,2,1,1,Clear,1,1,1,1,0,0,0
364472,2020,2020-10-11 00:00:00.000,2020-10-11 00:00:00.000,3,Telangana,Mulugu,1,1,1,Clear,1,1,1,1,0,0,0
364474,2020,2020-10-18 00:00:00.000,2020-10-18 00:00:00.000,1,Telangana,Mulugu,3,1,1,Clear,2,2,2,0,0,2,0
364475,2020,2020-10-25 00:00:00.000,2020-10-25 00:00:00.000,3,Telangana,Bhadradri Kothagudem,2,1,1,Clear,1,1,1,1,0,0,0
370473,2020,2020-11-07 00:00:00.000,2020-11-07 00:00:00.000,1,Madhya Pradesh,Balaghat,1,1,1,Clear,1,1,1,0,0,1,0
370493,2020,2020-11-15 00:00:00.000,2020-11-15 00:00:00.000,3,Jharkhand,Lohardaga,2,1,1,Clear,1,1,1,1,0,0,0
370497,2020,2020-11-17 00:00:00.000,2020-11-17 00:00:00.000,3,Jharkhand,Lohardaga,2,1,1,Clear,1,1,1,1,0,0,0
370505,2020,2020-11-21 00:00:00.000,2020-11-21 00:00:00.000,3,Jharkhand,Chatra,1,1,1,Clear,1,1,1,1,0,0,0
370507,2020,2020-11-21 00:00:00.000,2020-11-22 00:00:00.000,1,Bihar,Gaya,1,2,1,Clear,5,5,5,2,0,3,0
370509,2020,2020-11-26 00:00:00.000,2020-11-26 00:00:00.000,1,Chhattisgarh,Bijapur,2,1,1,Clear,1,1,1,0,0,1,0
370515,2020,2020-11-26 00:00:00.000,2020-11-26 00:00:00.000,1,Odisha,Malkangiri,2,1,1,Clear,1,1,1,0,0,1,0
370524,2020,2020-11-28 00:00:00.000,2020-11-28 00:00:00.000,1,Chhattisgarh,Sukma,2,1,1,Clear,1,1,1,0,1,0,0
370540,2020,2020-11-30 00:00:00.000,2020-11-30 00:00:00.000,3,Chhattisgarh,Bijapur,1,1,1,Clear,1,1,1,1,0,0,0
370553,2020,2020-11-03 00:00:00.000,2020-11-03 00:00:00.000,3,Chhattisgarh,Dhamtari,2,1,1,Clear,1,1,1,1,0,0,0
370558,2020,2020-11-03 00:00:00.000,2020-11-03 00:00:00.000,1,Chhattisgarh,Bijapur,2,1,1,Clear,1,1,1,0,0,1,0
370562,2020,2020-11-08 00:00:00.000,2020-11-08 00:00:00.000,1,Chhattisgarh,Bijapur,2,1,1,Clear,1,1,1,0,0,1,0
370564,2020,2020-11-23 00:00:00.000,2020-11-23 00:00:00.000,1,Chhattisgarh,Kanker,1,1,1,Clear,3,3,3,0,0,3,0
373838,2020,2020-12-04 00:00:00.000,2020-12-04 00:00:00.000,1,Chhattisgarh,Bijapur,2,1,1,Clear,1,1,1,0,0,1,0
373843,2020,2020-12-13 00:00:00.000,2020-12-13 00:00:00.000,1,Chhattisgarh,Sukma,3,1,1,Clear,1,1,1,0,1,0,0
373855,2020,2020-12-27 00:00:00.000,2020-12-29 00:00:00.000,3,Chhattisgarh,Rajnandgaon,2,2,1,Clear,1,1,1,1,0,0,0
373868,2020,2020-12-02 00:00:00.000,2020-12-02 00:00:00.000,3,Chhattisgarh,Bijapur,1,1,1,Clear,2,2,2,2,0,0,0
373872,2020,2020-12-16 00:00:00.000,2020-12-16 00:00:00.000,1,Chhattisgarh,Sukma,2,1,1,Clear,1,1,1,0,0,1,0
373878,2020,2020-12-14 00:00:00.000,2020-12-14 00:00:00.000,3,Andhra Pradesh,Visakhapatnam,2,1,1,Clear,1,1,1,1,0,0,0
373894,2020,2020-12-12 00:00:00.000,2020-12-12 00:00:00.000,1,Madhya Pradesh,Balaghat,2,1,1,Clear,2,2,2,0,0,2,0
373899,2020,2020-12-11 00:00:00.000,2020-12-11 00:00:00.000,1,Odisha,Kandhamal,3,1,1,Clear,1,1,1,0,0,1,0
373902,2020,2020-12-12 00:00:00.000,2020-12-12 00:00:00.000,1,Odisha,Malkangiri,5,1,1,Clear,2,2,2,0,0,2,0
373904,2020,2020-12-17 00:00:00.000,2020-12-17 00:00:00.000,3,Odisha,Malkangiri,3,1,1,Clear,1,1,1,1,0,0,0
374251,2020,2020-12-23 00:00:00.000,2020-12-23 00:00:00.000,3,Andhra Pradesh,Visakhapatnam,1,1,1,Clear,1,1,1,1,0,0,0
374258,2020,2020-12-28 00:00:00.000,2020-12-28 00:00:00.000,1,Chhattisgarh,Dantewada,2,1,1,Clear,2,2,2,0,0,2,0
375952,2020,2020-01-01 00:00:00.000,2020-09-24 00:00:00.000,3,Chhattisgarh,Bijapur,3,5,2,Clear,5,5,5,5,0,0,0
375979,2020,2020-01-01 00:00:00.000,2020-04-19 00:00:00.000,1,Unspecified,Unspecified,6,5,2,Clear,2,2,2,0,0,2,0
376887,2020,2020-01-01 00:00:00.000,2020-09-24 00:00:00.000,3,Chhattisgarh,Unspecified,4,5,2,Clear,7,7,7,7,0,0,0
376898,2020,2020-01-27 00:00:00.000,2020-01-28 00:00:00.000,3,Chhattisgarh,Bijapur,2,2,1,Clear,1,1,1,1,0,0,0
376901,2020,2020-01-29 00:00:00.000,2020-01-29 00:00:00.000,3,Chhattisgarh,Rajnandgaon,1,1,1,Clear,1,1,1,1,0,0,0
376906,2020,2020-03-24 00:00:00.000,2020-03-24 00:00:00.000,3,Chhattisgarh,Bijapur,2,1,1,Clear,1,1,1,1,0,0,0
376910,2020,2020-05-23 00:00:00.000,2020-05-23 00:00:00.000,3,Jharkhand,Seraikela-Kharsawan,3,1,1,Clear,2,2,2,2,0,0,0
376917,2020,2020-11-01 00:00:00.000,2020-11-01 00:00:00.000,3,Jharkhand,West Singhbhum,2,1,1,Clear,1,1,1,1,0,0,0
380230,2020,2020-10-20 00:00:00.000,2020-10-20 00:00:00.000,3,Jharkhand,Chatra,5,1,1,Clear,1,1,1,1,0,0,0
378982,2021,2021-01-05 00:00:00.000,2021-01-06 00:00:00.000,3,Maharashtra,Gadchiroli,2,2,1,Clear,1,1,1,1,0,0,0
378984,2021,2021-01-11 00:00:00.000,2021-01-11 00:00:00.000,1,Bihar,Munger,2,1,1,Clear,1,1,1,0,1,0,0
378989,2021,2021-01-17 00:00:00.000,2021-01-17 00:00:00.000,3,Jharkhand,Chatra,1,1,1,Clear,1,1,1,1,0,0,0
379001,2021,2021-01-30 00:00:00.000,2021-01-30 00:00:00.000,1,Chhattisgarh,Kanker,1,1,1,Clear,1,1,1,0,1,0,0
379002,2021,2021-01-29 00:00:00.000,2021-01-29 00:00:00.000,3,Odisha,Kandhamal,1,1,1,Clear,2,2,2,2,0,0,0
379003,2021,2021-01-29 00:00:00.000,2021-01-29 00:00:00.000,3,Chhattisgarh,Narayanpur,1,1,1,Clear,1,1,1,1,0,0,0
379004,2021,2021-01-31 00:00:00.000,2021-01-31 00:00:00.000,1,Odisha,Malkangiri,2,1,1,Clear,1,1,1,0,0,1,0
379029,2021,2021-01-13 00:00:00.000,2021-01-13 00:00:00.000,1,Chhattisgarh,Dantewada,2,1,1,Clear,1,1,1,0,0,1,0
379030,2021,2021-01-14 00:00:00.000,2021-01-14 00:00:00.000,3,Chhattisgarh,Rajnandgaon,2,1,1,Clear,1,1,1,1,0,0,0
379031,2021,2021-01-16 00:00:00.000,2021-01-16 00:00:00.000,1,Chhattisgarh,Bijapur,2,1,1,Clear,1,1,1,0,0,1,0
379032,2021,2021-01-19 00:00:00.000,2021-01-19 00:00:00.000,1,Chhattisgarh,Bijapur,3,1,1,Clear,1,1,1,0,0,1,0
379033,2021,2021-01-24 00:00:00.000,2021-01-24 00:00:00.000,1,Chhattisgarh,Kondagaon,3,1,1,Clear,1,1,1,0,1,0,0
379034,2021,2021-01-25 00:00:00.000,2021-01-25 00:00:00.000,3,Chhattisgarh,Bijapur,2,1,1,Clear,1,1,1,1,0,0,0
379035,2021,2021-01-25 00:00:00.000,2021-01-25 00:00:00.000,3,Chhattisgarh,Rajnandgaon,2,1,1,Clear,1,1,1,1,0,0,0
379036,2021,2021-01-25 00:00:00.000,2021-01-25 00:00:00.000,3,Chhattisgarh,Rajnandgaon,2,1,1,Clear,1,1,1,1,0,0,0
379037,2021,2021-01-28 00:00:00.000,2021-01-28 00:00:00.000,1,Chhattisgarh,Bijapur,1,1,1,Clear,1,1,1,0,1,0,0
379062,2021,2021-01-16 00:00:00.000,2021-01-16 00:00:00.000,1,Jharkhand,Latehar,2,1,1,Clear,1,1,1,1,0,0,0
384667,2021,2021-02-06 00:00:00.000,2021-02-06 00:00:00.000,1,Chhattisgarh,Dantewada,2,1,1,Clear,1,1,1,0,0,1,0
384670,2021,2021-02-12 00:00:00.000,2021-02-13 00:00:00.000,1,Madhya Pradesh,Mandla,2,2,1,Clear,2,2,2,0,0,2,0
384706,2021,2021-02-11 00:00:00.000,2021-02-11 00:00:00.000,1,Bihar,Lakhisarai,2,1,1,Clear,1,1,1,0,0,1,0
384708,2021,2021-02-07 00:00:00.000,2021-02-07 00:00:00.000,1,Chhattisgarh,Bijapur,2,1,1,Clear,1,1,1,0,1,0,0
384710,2021,2021-02-15 00:00:00.000,2021-02-15 00:00:00.000,3,Chhattisgarh,Narayanpur,1,1,1,Clear,1,1,1,1,0,0,0
384711,2021,2021-02-17 00:00:00.000,2021-02-17 00:00:00.000,3,Chhattisgarh,Rajnandgaon,1,1,1,Clear,1,1,1,1,0,0,0
384714,2021,2021-02-23 00:00:00.000,2021-02-23 00:00:00.000,3,Chhattisgarh,Dantewada,3,1,1,Clear,1,1,1,1,0,0,0
384715,2021,2021-02-24 00:00:00.000,2021-02-24 00:00:00.000,1,Chhattisgarh,Narayanpur,3,1,1,Clear,1,1,1,0,1,0,0
384716,2021,2021-02-24 00:00:00.000,2021-02-24 00:00:00.000,1,Chhattisgarh,Kanker,2,1,1,Clear,1,1,1,0,0,1,0
384718,2021,2021-02-24 00:00:00.000,2021-02-24 00:00:00.000,1,Chhattisgarh,Narayanpur,2,1,1,Clear,1,1,1,0,1,0,0
384722,2021,2021-02-16 00:00:00.000,2021-02-16 00:00:00.000,1,Jharkhand,Lohardaga,2,1,1,Clear,1,1,1,0,1,0,0
390073,2021,2021-03-04 00:00:00.000,2021-03-04 00:00:00.000,1,Jharkhand,West Singhbhum,2,1,1,Clear,3,3,3,0,3,0,0
390081,2021,2021-03-04 00:00:00.000,2021-03-04 00:00:00.000,1,Chhattisgarh,Dantewada,2,1,1,Clear,1,1,1,0,1,0,0
390213,2021,2021-03-17 00:00:00.000,2021-03-19 00:00:00.000,3,Chhattisgarh,Dantewada,2,2,1,Clear,1,1,1,1,0,0,0
390218,2021,2021-03-20 00:00:00.000,2021-03-21 00:00:00.000,1,Chhattisgarh,Bijapur,2,2,1,Clear,1,1,1,0,1,0,0
390231,2021,2021-03-16 00:00:00.000,2021-03-16 00:00:00.000,1,Bihar,Gaya,2,1,1,Clear,4,4,4,0,0,4,0
390239,2021,2021-03-23 00:00:00.000,2021-03-23 00:00:00.000,1,Chhattisgarh,Narayanpur,5,1,1,Clear,5,5,5,0,5,0,0
390281,2021,2021-04-03 00:00:00.000,2021-04-03 00:00:00.000,1,Chhattisgarh,Unspecified,5,1,1,Clear,26,34,23,0,22,4,0
390287,2021,2021-04-03 00:00:00.000,2021-04-03 00:00:00.000,1,Maharashtra,Gadchiroli,2,1,1,Clear,1,1,1,0,1,0,0
390693,2021,2021-03-20 00:00:00.000,2021-03-20 00:00:00.000,1,Chhattisgarh,Dantewada,2,1,1,Clear,2,2,2,0,0,2,0
390695,2021,2021-03-26 00:00:00.000,2021-03-26 00:00:00.000,1,Chhattisgarh,Bijapur,1,1,1,Clear,1,1,1,0,1,0,0
390698,2021,2021-03-05 00:00:00.000,2021-03-05 00:00:00.000,3,Andhra Pradesh,Visakhapatnam,1,1,1,Clear,1,1,1,1,0,0,0
390734,2021,2021-03-05 00:00:00.000,2021-03-05 00:00:00.000,1,Chhattisgarh,Narayanpur,2,1,1,Clear,1,1,1,0,1,0,0
390738,2021,2021-03-13 00:00:00.000,2021-03-13 00:00:00.000,1,Chhattisgarh,Bijapur,5,1,1,Clear,1,1,1,0,0,1,0
396521,2021,2021-04-23 00:00:00.000,2021-04-23 00:00:00.000,1,Odisha,Kalahandi,2,1,1,Clear,1,1,1,0,0,1,0
396526,2021,2021-04-21 00:00:00.000,2021-04-24 00:00:00.000,1,Chhattisgarh,Bijapur,3,2,1,Clear,1,1,1,0,1,0,0
396680,2021,2021-04-11 00:00:00.000,2021-04-11 00:00:00.000,1,Chhattisgarh,Dantewada,2,1,1,Clear,1,1,1,0,0,1,0
396686,2021,2021-04-16 00:00:00.000,2021-04-16 00:00:00.000,3,Chhattisgarh,Sukma,1,1,1,Clear,1,1,1,1,0,0,0
396691,2021,2021-04-15 00:00:00.000,2021-04-15 00:00:00.000,1,Chhattisgarh,Sukma,1,1,1,Clear,2,2,0,0,2,0,0
396702,2021,2021-04-20 00:00:00.000,2021-04-20 00:00:00.000,1,Chhattisgarh,Dantewada,2,1,1,Clear,1,1,1,0,0,1,0
396714,2021,2021-04-23 00:00:00.000,2021-04-23 00:00:00.000,3,Jharkhand,West Singhbhum,1,1,1,Clear,1,1,1,1,0,0,0
396732,2021,2021-04-28 00:00:00.000,2021-04-28 00:00:00.000,1,Maharashtra,Gadchiroli,2,1,1,Clear,2,2,2,0,0,2,0
402153,2021,2021-05-21 00:00:00.000,2021-05-21 00:00:00.000,1,Maharashtra,Gadchiroli,1,1,1,Clear,13,13,13,0,0,13,0
402207,2021,2021-05-11 00:00:00.000,2021-05-11 00:00:00.000,1,Chhattisgarh,Sukma,1,1,1,Clear,1,1,1,0,1,0,0
402208,2021,2021-05-12 00:00:00.000,2021-05-12 00:00:00.000,3,Chhattisgarh,Narayanpur,1,1,1,Clear,1,1,1,1,0,0,0
402209,2021,2021-05-14 00:00:00.000,2021-05-14 00:00:00.000,1,Chhattisgarh,Dantewada,2,1,1,Clear,1,1,1,0,0,1,0
402210,2021,2021-05-18 00:00:00.000,2021-05-18 00:00:00.000,1,Chhattisgarh,Bijapur,3,1,1,Clear,1,1,1,0,1,0,0
402211,2021,2021-05-22 00:00:00.000,2021-05-22 00:00:00.000,1,Chhattisgarh,Dantewada,2,1,1,Clear,1,1,1,0,0,1,0
402212,2021,2021-05-31 00:00:00.000,2021-05-31 00:00:00.000,1,Chhattisgarh,Dantewada,2,1,1,Clear,1,1,1,0,0,1,0
402213,2021,2021-05-31 00:00:00.000,2021-05-31 00:00:00.000,1,Jharkhand,Gumla,3,1,1,Clear,1,1,1,0,0,1,0
402214,2021,2021-05-13 00:00:00.000,2021-05-13 00:00:00.000,1,Maharashtra,Gadchiroli,1,1,1,Clear,2,2,2,0,0,2,0
402215,2021,2021-05-20 00:00:00.000,2021-05-20 00:00:00.000,3,Maharashtra,Gadchiroli,2,1,1,Clear,1,1,1,1,0,0,0
402278,2021,2021-06-01 00:00:00.000,2021-06-01 00:00:00.000,1,Chhattisgarh,Kondagaon,2,1,1,Clear,2,2,2,0,0,2,0
402287,2021,2021-04-28 00:00:00.000,2021-04-30 00:00:00.000,1,Chhattisgarh,Kanker,3,2,1,Clear,1,1,0,0,1,0,0
404235,2021,2021-06-10 00:00:00.000,2021-06-10 00:00:00.000,1,Odisha,Bargarh,1,1,1,Clear,1,1,1,0,0,1,0
404263,2021,2021-06-12 00:00:00.000,2021-06-12 00:00:00.000,1,Jharkhand,Latehar,2,1,1,Clear,1,1,1,1,0,0,0
405440,2021,2021-06-16 00:00:00.000,2021-06-16 00:00:00.000,1,Andhra Pradesh,Visakhapatnam,2,1,1,Clear,6,6,6,0,0,6,0
405442,2021,2021-06-18 00:00:00.000,2021-06-18 00:00:00.000,1,Chhattisgarh,Bastar,3,1,1,Clear,1,1,1,0,0,1,0
405443,2021,2021-06-19 00:00:00.000,2021-06-19 00:00:00.000,1,Chhattisgarh,Narayanpur,2,1,1,Clear,2,2,2,0,0,2,0
405446,2021,2021-06-27 00:00:00.000,2021-06-27 00:00:00.000,1,Chhattisgarh,Dantewada,3,1,1,Clear,1,1,1,0,0,1,0
405448,2021,2021-06-30 00:00:00.000,2021-06-30 00:00:00.000,1,Chhattisgarh,Bastar,3,1,1,Clear,1,1,1,0,0,1,0
405451,2021,2021-06-20 00:00:00.000,2021-06-20 00:00:00.000,1,Jharkhand,Lohardaga,3,1,1,Clear,1,1,1,1,0,0,0
405454,2021,2021-06-29 00:00:00.000,2021-06-29 00:00:00.000,3,Madhya Pradesh,Balaghat,3,1,1,Clear,1,1,1,1,0,0,0
405457,2021,2021-06-11 00:00:00.000,2021-06-11 00:00:00.000,1,Odisha,Bargarh,2,1,1,Clear,1,1,1,0,0,1,0
409036,2021,2021-07-11 00:00:00.000,2021-07-12 00:00:00.000,3,Chhattisgarh,Bijapur,2,2,1,Clear,1,1,1,1,0,0,0
409045,2021,2021-07-14 00:00:00.000,2021-07-14 00:00:00.000,1,Jharkhand,Gumla,2,1,1,Clear,1,1,1,1,0,0,0
409049,2021,2021-07-15 00:00:00.000,2021-07-15 00:00:00.000,1,Jharkhand,Gumla,2,1,1,Clear,1,1,1,0,0,1,0
409051,2021,2021-07-16 00:00:00.000,2021-07-16 00:00:00.000,3,Chhattisgarh,Bijapur,1,1,1,Clear,1,1,1,1,0,0,0
409057,2021,2021-07-18 00:00:00.000,2021-07-20 00:00:00.000,3,Chhattisgarh,Bijapur,3,2,1,Clear,1,1,0,1,0,0,0
409142,2021,2021-07-03 00:00:00.000,2021-07-03 00:00:00.000,3,Chhattisgarh,Narayanpur,3,1,1,Clear,1,1,1,1,0,0,0
409145,2021,2021-07-13 00:00:00.000,2021-07-13 00:00:00.000,1,Chhattisgarh,Bijapur,3,1,1,Clear,1,4,1,0,0,1,0
409147,2021,2021-07-15 00:00:00.000,2021-07-15 00:00:00.000,1,Chhattisgarh,Dantewada,3,1,1,Clear,3,3,3,0,0,3,0
409152,2021,2021-07-16 00:00:00.000,2021-07-16 00:00:00.000,3,Chhattisgarh,Gariaband,1,1,1,Clear,1,1,1,1,0,0,0
409156,2021,2021-07-20 00:00:00.000,2021-07-20 00:00:00.000,1,Chhattisgarh,Narayanpur,3,1,1,Clear,1,1,1,0,1,0,0
409159,2021,2021-07-25 00:00:00.000,2021-07-25 00:00:00.000,1,Chhattisgarh,Sukma,2,1,1,Clear,1,1,1,0,0,1,0
409163,2021,2021-07-16 00:00:00.000,2021-07-16 00:00:00.000,1,Jharkhand,West Singhbhum,1,1,1,Clear,1,1,1,0,0,1,0
409469,2021,2021-07-22 00:00:00.000,2021-07-22 00:00:00.000,1,Odisha,Nuapada,3,1,1,Clear,0,1,0,0,0,0,0
413477,2021,2021-08-25 00:00:00.000,2021-08-25 00:00:00.000,3,Bihar,Jamui,2,1,1,Clear,2,2,2,2,0,0,0
413500,2021,2021-08-05 00:00:00.000,2021-08-05 00:00:00.000,1,Chhattisgarh,Dantewada,3,1,1,Clear,2,2,2,2,0,0,0
413501,2021,2021-08-20 00:00:00.000,2021-08-20 00:00:00.000,1,Chhattisgarh,Narayanpur,2,1,1,Clear,2,2,2,0,2,0,0
413505,2021,2021-08-24 00:00:00.000,2021-08-24 00:00:00.000,1,Chhattisgarh,Sukma,2,1,1,Clear,2,2,2,0,0,2,0
413511,2021,2021-08-18 00:00:00.000,2021-08-18 00:00:00.000,1,Jharkhand,Gumla,2,1,1,Clear,1,1,1,1,0,0,0
413668,2021,2021-08-01 00:00:00.000,2021-08-01 00:00:00.000,1,Telangana,Bhadradri Kothagudem,2,1,1,Clear,1,1,1,0,0,1,0
416142,2021,2021-09-23 00:00:00.000,2021-09-23 00:00:00.000,3,Chhattisgarh,Narayanpur,1,1,1,Clear,1,1,1,1,0,0,0
416144,2021,2021-09-19 00:00:00.000,2021-09-19 00:00:00.000,3,Maharashtra,Gadchiroli,2,1,1,Clear,1,1,1,1,0,0,0
420415,2021,2021-10-02 00:00:00.000,2021-10-02 00:00:00.000,3,Jharkhand,West Singhbhum,2,1,1,Clear,0,1,0,0,0,0,0
420451,2021,2021-10-12 00:00:00.000,2021-10-12 00:00:00.000,1,Odisha,Malkangiri,2,1,1,Clear,3,3,3,0,0,3,0
420474,2021,2021-10-25 00:00:00.000,2021-10-25 00:00:00.000,1,Chhattisgarh,Bijapur,2,1,1,Clear,3,3,3,0,0,3,0
420480,2021,2021-10-23 00:00:00.000,2021-10-23 00:00:00.000,1,Bihar,Lakhisarai,3,1,1,Clear,1,1,1,0,0,1,0
420481,2021,2021-10-31 00:00:00.000,2021-10-31 00:00:00.000,1,Chhattisgarh,Dantewada,2,1,1,Clear,3,3,3,0,0,3,0
422023,2021,2021-11-09 00:00:00.000,2021-11-09 00:00:00.000,1,Chhattisgarh,Dantewada,2,1,1,Clear,1,1,1,0,1,0,0
422027,2021,2021-11-11 00:00:00.000,2021-11-11 00:00:00.000,3,Jharkhand,Hazaribagh,3,1,1,Clear,1,1,1,1,0,0,0
422045,2021,2021-11-13 00:00:00.000,2021-11-13 00:00:00.000,1,Maharashtra,Gadchiroli,2,1,1,Clear,26,26,26,0,0,26,0
422046,2021,2021-11-13 00:00:00.000,2021-11-13 00:00:00.000,3,Bihar,Gaya,1,1,1,Clear,4,4,4,4,0,0,0
423001,2021,2021-11-01 00:00:00.000,2021-11-03 00:00:00.000,3,Bihar,Madhubani,3,2,1,Clear,1,1,1,1,0,0,0
423003,2021,2021-11-05 00:00:00.000,2021-11-05 00:00:00.000,1,Chhattisgarh,Dantewada,2,1,1,Clear,1,1,1,0,0,1,0
423004,2021,2021-11-15 00:00:00.000,2021-11-15 00:00:00.000,1,Chhattisgarh,Narayanpur,2,1,1,Clear,1,1,1,0,0,1,0
423005,2021,2021-11-26 00:00:00.000,2021-11-26 00:00:00.000,1,Chhattisgarh,Sukma,2,1,1,Clear,1,1,1,0,0,1,0
423008,2021,2021-11-13 00:00:00.000,2021-11-13 00:00:00.000,3,Madhya Pradesh,Balaghat,1,1,1,Clear,2,2,2,2,0,0,0
423010,2021,2021-11-07 00:00:00.000,2021-11-07 00:00:00.000,1,Odisha,Kalahandi,2,1,1,Clear,1,1,1,0,0,1,0
423013,2021,2021-11-27 00:00:00.000,2021-11-27 00:00:00.000,1,Odisha,Bolangir,2,1,1,Clear,1,1,1,0,0,1,0
424194,2021,2021-12-13 00:00:00.000,2021-12-13 00:00:00.000,3,Chhattisgarh,Sukma,2,1,1,Clear,1,1,1,1,0,0,0
424203,2021,2021-12-18 00:00:00.000,2021-12-18 00:00:00.000,1,Chhattisgarh,Dantewada,2,1,1,Clear,2,2,2,0,0,2,0
425508,2021,2021-12-21 00:00:00.000,2021-12-22 00:00:00.000,3,Chhattisgarh,Bijapur,2,2,1,Clear,1,1,1,1,0,0,0
425520,2021,2021-12-28 00:00:00.000,2021-12-28 00:00:00.000,3,Jharkhand,West Singhbhum,2,1,1,Clear,1,1,1,1,0,0,0
425527,2021,2021-12-31 00:00:00.000,2021-12-31 00:00:00.000,1,Chhattisgarh,Sukma,2,1,1,Clear,1,1,1,0,1,0,0
425617,2021,2021-12-23 00:00:00.000,2021-12-23 00:00:00.000,1,Bihar,Munger,2,1,1,Clear,1,1,1,0,1,0,0
425622,2021,2021-12-27 00:00:00.000,2021-12-27 00:00:00.000,1,Chhattisgarh,Sukma,2,1,1,Clear,6,6,6,0,0,6,0
425625,2021,2021-12-21 00:00:00.000,2021-12-21 00:00:00.000,3,Jharkhand,West Singhbhum,1,1,1,Clear,1,1,1,1,0,0,0
425627,2021,2021-12-23 00:00:00.000,2021-12-23 00:00:00.000,1,Jharkhand,Lohardaga,2,1,1,Clear,1,1,1,1,0,0,0
427720,2022,2022-01-03 00:00:00.000,2022-01-03 00:00:00.000,3,Chhattisgarh,Kanker,1,1,1,Clear,1,1,1,1,0,0,0
427721,2022,2022-01-01 00:00:00.000,2022-01-01 00:00:00.000,3,Chhattisgarh,Bijapur,1,1,1,Clear,1,1,1,1,0,0,0
427730,2022,2022-01-04 00:00:00.000,2022-01-04 00:00:00.000,1,Jharkhand,West Singhbhum,1,1,1,Clear,2,2,2,0,2,0,0
427746,2022,2022-01-10 00:00:00.000,2022-01-11 00:00:00.000,3,Chhattisgarh,Bijapur,1,2,1,Clear,1,1,1,1,0,0,0
427755,2022,2022-01-18 00:00:00.000,2022-01-18 00:00:00.000,1,Telangana,Khammam,2,1,1,Clear,3,3,3,0,0,3,0
427756,2022,2022-01-18 00:00:00.000,2022-01-18 00:00:00.000,1,Chhattisgarh,Bijapur,2,1,1,Clear,1,1,1,0,0,1,0
427757,2022,2022-01-18 00:00:00.000,2022-01-18 00:00:00.000,1,Chhattisgarh,Dantewada,2,1,1,Clear,1,1,1,0,0,1,0
427782,2022,2022-01-26 00:00:00.000,2022-01-26 00:00:00.000,3,Chhattisgarh,Sukma,2,1,1,Clear,1,1,1,1,0,0,0
427820,2022,2022-01-05 00:00:00.000,2022-01-05 00:00:00.000,1,Bihar,Aurangabad,2,1,1,Clear,1,1,1,0,0,1,0
427827,2022,2022-01-11 00:00:00.000,2022-01-11 00:00:00.000,3,Chhattisgarh,Rajnandgaon,2,1,1,Clear,1,1,1,1,0,0,0
427830,2022,2022-01-21 00:00:00.000,2022-01-21 00:00:00.000,3,Chhattisgarh,Bijapur,2,1,1,Clear,1,1,1,1,0,0,0
427831,2022,2022-01-24 00:00:00.000,2022-01-24 00:00:00.000,1,Chhattisgarh,Narayanpur,2,1,1,Clear,1,1,1,1,0,0,0
427833,2022,2022-01-30 00:00:00.000,2022-01-30 00:00:00.000,1,Chhattisgarh,Sukma,2,1,1,Clear,1,1,1,0,0,1,0
427838,2022,2022-01-15 00:00:00.000,2022-01-15 00:00:00.000,3,Odisha,Malkangiri,3,1,1,Clear,1,1,1,1,0,0,0
430493,2022,2022-02-09 00:00:00.000,2022-02-09 00:00:00.000,3,Odisha,Kandhamal,2,1,1,Clear,1,1,1,1,0,0,0
430495,2022,2022-02-05 00:00:00.000,2022-02-05 00:00:00.000,3,Odisha,Kalahandi,2,1,1,Clear,1,1,1,1,0,0,0
430496,2022,2022-02-09 00:00:00.000,2022-02-09 00:00:00.000,3,Chhattisgarh,Bijapur,1,1,1,Clear,1,1,1,1,0,0,0
430562,2022,2022-02-12 00:00:00.000,2022-02-12 00:00:00.000,1,Chhattisgarh,Bijapur,2,1,1,Clear,1,1,1,0,1,0,0
430566,2022,2022-02-16 00:00:00.000,2022-02-17 00:00:00.000,1,Jharkhand,Lohardaga,2,2,1,Clear,1,1,1,0,0,1,0
430570,2022,2022-02-19 00:00:00.000,2022-02-20 00:00:00.000,1,Chhattisgarh,Dantewada,2,2,1,Clear,1,1,1,0,0,1,0
430574,2022,2022-02-24 00:00:00.000,2022-02-24 00:00:00.000,1,Chhattisgarh,Bijapur,2,1,1,Clear,1,1,1,0,1,0,0
430587,2022,2022-02-02 00:00:00.000,2022-02-02 00:00:00.000,1,Bihar,Lakhisarai,2,1,1,Clear,2,2,2,0,0,2,0
430594,2022,2022-02-27 00:00:00.000,2022-02-27 00:00:00.000,1,Chhattisgarh,Bijapur,2,1,1,Clear,2,2,2,0,0,2,0
430601,2022,2022-02-15 00:00:00.000,2022-02-15 00:00:00.000,3,Odisha,Kandhamal,5,1,1,Clear,1,1,1,1,0,0,0
432905,2022,2022-03-11 00:00:00.000,2022-03-11 00:00:00.000,1,Chhattisgarh,Bijapur,2,1,1,Clear,1,1,1,0,0,1,0
432916,2022,2022-03-14 00:00:00.000,2022-03-14 00:00:00.000,1,Chhattisgarh,Narayanpur,2,1,1,Clear,1,1,1,0,1,0,0
434015,2022,2022-03-15 00:00:00.000,2022-03-15 00:00:00.000,1,Chhattisgarh,Dantewada,2,1,1,Clear,2,2,2,0,0,2,0
434021,2022,2022-03-17 00:00:00.000,2022-03-17 00:00:00.000,3,Chhattisgarh,Bijapur,1,1,1,Clear,1,1,1,1,0,0,0
434027,2022,2022-03-21 00:00:00.000,2022-03-21 00:00:00.000,1,Chhattisgarh,Kanker,1,1,1,Clear,1,1,1,0,1,0,0
434050,2022,2022-03-01 00:00:00.000,2022-03-01 00:00:00.000,1,Chhattisgarh,Dantewada,2,1,1,Clear,1,1,1,0,0,1,0
434054,2022,2022-03-24 00:00:00.000,2022-03-24 00:00:00.000,1,Chhattisgarh,Dantewada,1,1,1,Clear,1,1,1,0,1,0,0
434055,2022,2022-03-27 00:00:00.000,2022-03-27 00:00:00.000,1,Chhattisgarh,Dantewada,1,1,1,Clear,1,1,1,0,1,0,0
434066,2022,2022-03-23 00:00:00.000,2022-03-23 00:00:00.000,3,Madhya Pradesh,Mandla,2,1,1,Clear,1,1,1,1,0,0,0
436241,2022,2022-04-13 00:00:00.000,2022-04-14 00:00:00.000,3,Maharashtra,Gadchiroli,3,2,1,Clear,2,2,2,2,0,0,0
436543,2022,2022-04-06 00:00:00.000,2022-04-06 00:00:00.000,3,Andhra Pradesh,Visakhapatnam,1,1,1,Clear,1,1,1,1,0,0,0
436544,2022,2022-04-10 00:00:00.000,2022-04-10 00:00:00.000,1,Chhattisgarh,Bijapur,1,1,1,Clear,1,1,1,0,1,0,0
436545,2022,2022-04-17 00:00:00.000,2022-04-17 00:00:00.000,3,Chhattisgarh,Dantewada,1,1,1,Clear,1,1,1,1,0,0,0
436546,2022,2022-04-28 00:00:00.000,2022-04-28 00:00:00.000,3,Chhattisgarh,Dantewada,1,1,1,Clear,1,1,1,1,0,0,0
436547,2022,2022-04-23 00:00:00.000,2022-04-23 00:00:00.000,1,Jharkhand,Lohardaga,2,1,1,Clear,1,1,1,1,0,0,0
438697,2022,2022-05-03 00:00:00.000,2022-05-03 00:00:00.000,3,Chhattisgarh,Bijapur,3,1,1,Clear,1,1,1,1,0,0,0
438698,2022,2022-05-04 00:00:00.000,2022-05-04 00:00:00.000,1,Chhattisgarh,Narayanpur,3,1,1,Clear,1,1,1,0,1,0,0
438796,2022,2022-05-01 00:00:00.000,2022-05-02 00:00:00.000,3,Chhattisgarh,Dantewada,1,2,1,Clear,1,1,1,1,0,0,0
438798,2022,2022-06-03 00:00:00.000,2022-06-03 00:00:00.000,3,Chhattisgarh,Sukma,2,1,1,Clear,1,1,1,1,0,0,0
438802,2022,2022-05-31 00:00:00.000,2022-05-31 00:00:00.000,3,Jharkhand,Giridih,2,1,1,Clear,1,1,1,1,0,0,0
438803,2022,2022-05-16 00:00:00.000,2022-05-16 00:00:00.000,3,Maharashtra,Gadchiroli,1,1,1,Clear,1,1,1,1,0,0,0
438804,2022,2022-05-23 00:00:00.000,2022-05-23 00:00:00.000,3,Maharashtra,Gadchiroli,2,1,1,Clear,1,1,1,1,0,0,0
440777,2022,2022-06-10 00:00:00.000,2022-06-10 00:00:00.000,3,Jharkhand,West Singhbhum,1,1,1,Clear,1,1,1,1,0,0,0
441092,2022,2022-06-08 00:00:00.000,2022-06-08 00:00:00.000,1,Bihar,Jamui,2,1,1,Clear,1,1,1,0,0,1,0
441095,2022,2022-06-19 00:00:00.000,2022-06-19 00:00:00.000,3,Chhattisgarh,Kondagaon,1,1,1,Clear,1,1,1,1,0,0,0
441097,2022,2022-06-21 00:00:00.000,2022-06-21 00:00:00.000,1,Chhattisgarh,Bijapur,2,1,1,Clear,1,1,1,0,0,1,0
441101,2022,2022-06-20 00:00:00.000,2022-06-20 00:00:00.000,1,Madhya Pradesh,Balaghat,2,1,1,Clear,3,3,3,0,0,3,0
441102,2022,2022-06-22 00:00:00.000,2022-06-22 00:00:00.000,3,Maharashtra,Gadchiroli,1,1,1,Clear,1,1,1,1,0,0,0
441105,2022,2022-06-21 00:00:00.000,2022-06-21 00:00:00.000,1,Odisha,Nuapada,2,1,1,Clear,3,3,3,0,3,0,0
442402,2022,2022-06-28 00:00:00.000,2022-06-28 00:00:00.000,3,Jharkhand,West Singhbhum,2,1,1,Clear,1,1,1,1,0,0,0
442404,2022,2022-06-28 00:00:00.000,2022-06-29 00:00:00.000,1,Chhattisgarh,Bijapur,1,2,1,Clear,1,1,1,0,1,0,0
442407,2022,2022-06-30 00:00:00.000,2022-06-30 00:00:00.000,1,Chhattisgarh,Dantewada,2,1,1,Clear,1,1,1,0,0,1,0
442408,2022,2022-07-01 00:00:00.000,2022-07-01 00:00:00.000,1,Chhattisgarh,Sukma,3,1,1,Clear,1,1,1,0,0,1,0
443939,2022,2022-07-22 00:00:00.000,2022-07-22 00:00:00.000,1,Chhattisgarh,Sukma,2,1,1,Clear,1,1,1,0,0,1,0
443941,2022,2022-07-23 00:00:00.000,2022-07-26 00:00:00.000,1,Chhattisgarh,Dantewada,2,2,1,Clear,1,1,1,0,0,1,0
443942,2022,2022-07-29 00:00:00.000,2022-07-29 00:00:00.000,1,Chhattisgarh,Sukma,2,1,1,Clear,1,1,1,0,0,1,0
446738,2022,2022-08-01 00:00:00.000,2022-08-01 00:00:00.000,1,Chhattisgarh,Sukma,2,1,1,Clear,1,1,1,0,0,1,0
446818,2022,2022-08-21 00:00:00.000,2022-08-21 00:00:00.000,3,Chhattisgarh,Bijapur,2,1,1,Clear,1,1,1,1,0,0,0
446923,2022,2022-08-07 00:00:00.000,2022-08-07 00:00:00.000,3,Chhattisgarh,Bijapur,1,1,1,Clear,1,1,0,1,0,0,0
446927,2022,2022-08-11 00:00:00.000,2022-08-11 00:00:00.000,3,Chhattisgarh,Bijapur,2,1,1,Clear,1,1,1,1,0,0,0
446931,2022,2022-08-12 00:00:00.000,2022-08-12 00:00:00.000,1,Chhattisgarh,Dantewada,2,1,1,Clear,1,1,1,0,0,1,0
446935,2022,2022-08-23 00:00:00.000,2022-08-23 00:00:00.000,3,Chhattisgarh,Dantewada,3,1,1,Clear,1,1,1,1,0,0,0
446938,2022,2022-08-27 00:00:00.000,2022-08-27 00:00:00.000,3,Chhattisgarh,Narayanpur,3,1,1,Clear,1,1,1,1,0,0,0
446943,2022,2022-08-06 00:00:00.000,2022-08-06 00:00:00.000,3,Madhya Pradesh,Balaghat,1,1,1,Clear,1,1,1,1,0,0,0
446965,2022,2022-08-18 00:00:00.000,2022-08-18 00:00:00.000,3,Odisha,Nuapada,2,1,1,Clear,1,1,1,1,0,0,0
446967,2022,2022-08-30 00:00:00.000,2022-08-30 00:00:00.000,1,Telangana,Bhadradri Kothagudem,2,1,1,Clear,1,1,1,0,1,0,0
449087,2022,2022-09-02 00:00:00.000,2022-09-02 00:00:00.000,1,Jharkhand,Seraikela-Kharsawan,2,1,1,Clear,2,2,2,0,0,2,0
449156,2022,2022-09-19 00:00:00.000,2022-09-19 00:00:00.000,3,Chhattisgarh,Kanker,2,1,1,Clear,1,1,1,1,0,0,0
449185,2022,2022-09-22 00:00:00.000,2022-09-22 00:00:00.000,3,Jharkhand,West Singhbhum,1,1,1,Clear,1,1,0,1,0,0,0
449267,2022,2022-09-28 00:00:00.000,2022-09-28 00:00:00.000,1,Chhattisgarh,Bijapur,2,1,1,Clear,1,1,1,0,1,0,0
449280,2022,2022-09-06 00:00:00.000,2022-09-06 00:00:00.000,1,Kerala,Wayanad,5,1,1,Clear,1,1,1,0,0,1,0
449282,2022,2022-09-30 00:00:00.000,2022-09-30 00:00:00.000,1,Maharashtra,Gadchiroli,2,1,1,Clear,1,1,1,0,0,1,0
452769,2022,2022-10-16 00:00:00.000,2022-10-16 00:00:00.000,3,Chhattisgarh,Bijapur,2,1,1,Clear,2,2,2,2,0,0,0
452827,2022,2022-10-24 00:00:00.000,2022-10-24 00:00:00.000,3,Odisha,Kandhamal,2,1,1,Clear,1,1,1,1,0,0,0
452838,2022,2022-10-11 00:00:00.000,2022-10-11 00:00:00.000,1,Odisha,Kandhamal,2,1,1,Clear,1,1,1,0,0,1,0
452842,2022,2022-10-25 00:00:00.000,2022-10-25 00:00:00.000,3,Chhattisgarh,Mohla-Manpur-Ambagarh Chowki,1,1,1,Clear,1,1,1,1,0,0,0
452851,2022,2022-10-24 00:00:00.000,2022-10-24 00:00:00.000,3,Chhattisgarh,Bijapur,1,1,1,Clear,1,1,1,1,0,0,0
452864,2022,2022-10-31 00:00:00.000,2022-10-31 00:00:00.000,1,Chhattisgarh,Kanker,2,1,1,Clear,2,2,2,0,0,2,0
452904,2022,2022-10-16 00:00:00.000,2022-10-16 00:00:00.000,1,Chhattisgarh,Kanker,2,1,1,Clear,1,1,1,0,0,1,0
456168,2022,2022-11-10 00:00:00.000,2022-11-10 00:00:00.000,1,Chhattisgarh,Bastar,3,1,1,Clear,1,1,1,0,1,0,0
456173,2022,2022-11-15 00:00:00.000,2022-11-15 00:00:00.000,3,Chhattisgarh,Kanker,1,1,1,Clear,1,1,1,1,0,0,0
456176,2022,2022-11-26 00:00:00.000,2022-11-26 00:00:00.000,1,Chhattisgarh,Bijapur,2,1,1,Clear,4,4,4,0,0,4,0
456258,2022,2022-11-20 00:00:00.000,2022-11-20 00:00:00.000,1,Jharkhand,West Singhbhum,2,1,1,Clear,1,1,1,1,0,0,0
456276,2022,2022-11-30 00:00:00.000,2022-11-30 00:00:00.000,1,Madhya Pradesh,Balaghat,2,1,1,Clear,2,2,2,0,0,2,0
456281,2022,2022-11-11 00:00:00.000,2022-11-11 00:00:00.000,1,Odisha,Koraput,2,1,1,Clear,2,2,2,0,0,2,0
456283,2022,2022-11-24 00:00:00.000,2022-11-24 00:00:00.000,3,Odisha,Kalahandi,2,1,1,Clear,1,1,1,1,0,0,0
456287,2022,2022-11-24 00:00:00.000,2022-11-24 00:00:00.000,1,Odisha,Bolangir,1,1,1,Clear,2,2,2,0,0,2,0
456290,2022,2022-11-09 00:00:00.000,2022-11-09 00:00:00.000,3,Telangana,Mulugu,2,1,1,Clear,1,1,1,1,0,0,0
456475,2022,2022-11-29 00:00:00.000,2022-11-29 00:00:00.000,1,Chhattisgarh,Sukma,2,1,1,Clear,1,1,1,0,1,0,0
456497,2022,2022-11-10 00:00:00.000,2022-11-10 00:00:00.000,3,Odisha,Kandhamal,3,1,1,Clear,1,1,1,1,0,0,0
459442,2022,2022-12-20 00:00:00.000,2022-12-20 00:00:00.000,1,Chhattisgarh,Dantewada,2,1,1,Clear,1,1,1,0,0,1,0
459584,2022,2022-12-29 00:00:00.000,2022-12-29 00:00:00.000,1,Jharkhand,Lohardaga,2,1,1,Clear,1,1,1,0,0,1,0
459597,2022,2022-12-31 00:00:00.000,2022-12-31 00:00:00.000,3,Chhattisgarh,Bijapur,3,1,1,Clear,1,1,1,1,0,0,0
459888,2022,2022-12-15 00:00:00.000,2022-12-15 00:00:00.000,3,Chhattisgarh,Dantewada,2,1,1,Clear,1,1,1,1,0,0,0
459894,2022,2022-12-23 00:00:00.000,2022-12-23 00:00:00.000,1,Chhattisgarh,Bijapur,2,1,1,Clear,2,2,2,0,0,2,0
459912,2022,2022-12-18 00:00:00.000,2022-12-18 00:00:00.000,1,Madhya Pradesh,Balaghat,3,1,1,Clear,1,1,1,0,0,1,0
459921,2022,2022-12-06 00:00:00.000,2022-12-06 00:00:00.000,1,Odisha,Kandhamal,2,1,1,Clear,2,2,2,0,0,2,0
462639,2023,2023-01-28 00:00:00.000,2023-01-28 00:00:00.000,1,Jharkhand,Chatra,1,1,1,Clear,1,1,1,0,0,1,0
462787,2023,2023-01-04 00:00:00.000,2023-01-04 00:00:00.000,3,Andhra Pradesh,Alluri Sitharama Raju,2,1,1,Clear,1,1,1,1,0,0,0
466208,2023,2023-02-05 00:00:00.000,2023-02-05 00:00:00.000,3,Chhattisgarh,Bijapur,1,1,1,Clear,1,1,1,1,0,0,0
466240,2023,2023-02-10 00:00:00.000,2023-02-10 00:00:00.000,1,Chhattisgarh,Narayanpur,1,1,1,Clear,1,1,1,0,1,0,0
466249,2023,2023-02-11 00:00:00.000,2023-02-11 00:00:00.000,3,Chhattisgarh,Dantewada,2,1,1,Clear,1,1,1,1,0,0,0
466264,2023,2023-02-20 00:00:00.000,2023-02-20 00:00:00.000,1,Chhattisgarh,Rajnandgaon,2,1,1,Clear,2,2,2,0,2,0,0
466273,2023,2023-02-25 00:00:00.000,2023-02-25 00:00:00.000,1,Chhattisgarh,Kanker,1,1,1,Clear,1,1,1,0,1,0,0
466275,2023,2023-02-25 00:00:00.000,2023-02-25 00:00:00.000,1,Chhattisgarh,Sukma,2,1,1,Clear,3,3,3,0,3,0,0
466448,2023,2023-02-08 00:00:00.000,2023-02-08 00:00:00.000,1,Chhattisgarh,Bijapur,2,1,1,Clear,1,1,1,1,0,0,0
466456,2023,2023-02-20 00:00:00.000,2023-02-20 00:00:00.000,1,Chhattisgarh,Bijapur,1,1,1,Clear,1,1,1,0,1,0,0
466458,2023,2023-02-26 00:00:00.000,2023-02-26 00:00:00.000,1,Chhattisgarh,Narayanpur,2,1,1,Clear,1,1,1,0,1,0,0
466462,2023,2023-02-21 00:00:00.000,2023-02-23 00:00:00.000,1,Jharkhand,West Singhbhum,2,2,1,Clear,1,1,1,1,0,0,0
466463,2023,2023-03-01 00:00:00.000,2023-03-01 00:00:00.000,1,Jharkhand,West Singhbhum,2,1,1,Clear,1,1,1,1,0,0,0
466470,2023,2023-02-23 00:00:00.000,2023-02-23 00:00:00.000,3,Odisha,Nabarangpur,1,1,1,Clear,1,1,1,1,0,0,0
470140,2023,2023-03-11 00:00:00.000,2023-03-12 00:00:00.000,3,Chhattisgarh,Gariaband,1,2,1,Clear,1,1,1,1,0,0,0
470159,2023,2023-03-17 00:00:00.000,2023-03-17 00:00:00.000,3,Odisha,Nabarangpur,2,1,1,Clear,1,1,1,1,0,0,0
470220,2023,2023-03-21 00:00:00.000,2023-03-21 00:00:00.000,1,Chhattisgarh,Bijapur,2,1,1,Clear,1,2,1,0,0,1,0
470257,2023,2023-03-28 00:00:00.000,2023-03-28 00:00:00.000,3,Chhattisgarh,Narayanpur,3,1,1,Clear,1,1,1,1,0,0,0
470258,2023,2023-03-28 00:00:00.000,2023-03-28 00:00:00.000,3,Chhattisgarh,Sukma,2,1,1,Clear,1,1,1,1,0,0,0
470279,2023,2023-03-27 00:00:00.000,2023-03-27 00:00:00.000,1,Chhattisgarh,Bijapur,2,1,1,Clear,1,1,1,0,1,0,0
470289,2023,2023-04-01 00:00:00.000,2023-04-01 00:00:00.000,1,Maharashtra,Gadchiroli,2,1,1,Clear,1,1,1,0,0,1,0
470292,2023,2023-04-03 00:00:00.000,2023-04-03 00:00:00.000,1,Jharkhand,Chatra,2,1,1,Clear,5,5,5,0,0,5,0
470440,2023,2023-03-07 00:00:00.000,2023-03-07 00:00:00.000,1,Chhattisgarh,Sukma,2,1,1,Clear,1,1,0,0,1,0,0
470448,2023,2023-03-08 00:00:00.000,2023-03-08 00:00:00.000,1,Chhattisgarh,Kanker,2,1,1,Clear,1,1,1,1,0,0,0
470468,2023,2023-04-08 00:00:00.000,2023-04-08 00:00:00.000,3,Chhattisgarh,Sukma,1,1,1,Clear,1,1,0,1,0,0,0
470501,2023,2023-03-25 00:00:00.000,2023-03-25 00:00:00.000,1,Jharkhand,West Singhbhum,2,1,1,Clear,1,1,1,1,0,0,0
470513,2023,2023-03-09 00:00:00.000,2023-03-09 00:00:00.000,3,Maharashtra,Gadchiroli,1,1,1,Clear,1,1,1,1,0,0,0
474462,2023,2023-04-18 00:00:00.000,2023-04-18 00:00:00.000,1,Chhattisgarh,Bijapur,2,1,1,Clear,1,1,1,0,0,1,0
474468,2023,2023-04-22 00:00:00.000,2023-04-22 00:00:00.000,1,Madhya Pradesh,Balaghat,2,1,1,Clear,2,2,2,0,0,2,0
474480,2023,2023-04-26 00:00:00.000,2023-04-26 00:00:00.000,1,Chhattisgarh,Dantewada,2,1,1,Clear,11,11,11,0,10,0,1
474488,2023,2023-04-28 00:00:00.000,2023-04-28 00:00:00.000,1,Jharkhand,West Singhbhum,2,1,1,Clear,1,1,1,1,0,0,0
474622,2023,2023-04-30 00:00:00.000,2023-04-30 00:00:00.000,1,Maharashtra,Gadchiroli,2,1,1,Clear,3,3,3,0,0,3,0
474628,2023,2023-05-01 00:00:00.000,2023-05-02 00:00:00.000,3,Chhattisgarh,Bijapur,2,2,1,Clear,1,1,1,1,0,0,0
474642,2023,2023-05-02 00:00:00.000,2023-05-02 00:00:00.000,1,Chhattisgarh,Gariaband,2,1,1,Clear,1,1,1,0,0,1,0
474726,2023,2023-05-08 00:00:00.000,2023-05-08 00:00:00.000,1,Chhattisgarh,Sukma,2,1,1,Clear,2,2,2,0,0,2,0
474926,2023,2023-04-29 00:00:00.000,2023-04-29 00:00:00.000,3,Chhattisgarh,Sukma,2,1,1,Clear,1,1,1,0,0,0,1
474929,2023,2023-05-11 00:00:00.000,2023-05-11 00:00:00.000,1,Chhattisgarh,Sukma,2,1,1,Clear,1,1,1,0,0,1,0
474959,2023,2023-05-09 00:00:00.000,2023-05-09 00:00:00.000,1,Odisha,Kalahandi,2,1,1,Clear,3,3,3,0,0,3,0
474963,2023,2023-05-10 00:00:00.000,2023-05-10 00:00:00.000,3,Odisha,Kandhamal,2,1,1,Clear,1,1,1,1,0,0,0
474969,2023,2023-05-07 00:00:00.000,2023-05-07 00:00:00.000,1,Telangana,Bhadradri Kothagudem,2,1,1,Clear,2,2,2,0,0,2,0
476137,2023,2023-05-18 00:00:00.000,2023-05-19 00:00:00.000,1,Jharkhand,West Singhbhum,2,2,1,Clear,1,1,1,1,0,0,0
476142,2023,2023-05-25 00:00:00.000,2023-05-25 00:00:00.000,1,Jharkhand,West Singhbhum,1,1,1,Clear,1,1,1,1,0,0,0
476664,2023,2023-05-27 00:00:00.000,2023-05-27 00:00:00.000,3,Chhattisgarh,Sukma,3,1,1,Clear,1,1,1,1,0,0,0
476665,2023,2023-06-01 00:00:00.000,2023-06-01 00:00:00.000,1,Jharkhand,Gumla,2,1,1,Clear,1,1,1,0,0,1,0
476666,2023,2023-06-02 00:00:00.000,2023-06-02 00:00:00.000,1,Jharkhand,Gumla,2,1,1,Clear,1,1,1,0,0,1,0
480092,2023,2023-06-12 00:00:00.000,2023-06-12 00:00:00.000,1,Chhattisgarh,Narayanpur,2,1,1,Clear,1,1,1,0,0,1,0
480166,2023,2023-06-19 00:00:00.000,2023-06-19 00:00:00.000,3,Chhattisgarh,Bijapur,1,1,1,Clear,1,1,1,1,0,0,0
480171,2023,2023-06-21 00:00:00.000,2023-06-21 00:00:00.000,3,Chhattisgarh,Bijapur,2,1,1,Clear,1,1,1,1,0,0,0
480200,2023,2023-06-29 00:00:00.000,2023-06-29 00:00:00.000,1,Chhattisgarh,Sukma,1,1,1,Clear,2,2,2,1,1,0,0
480264,2023,2023-06-19 00:00:00.000,2023-06-19 00:00:00.000,1,Chhattisgarh,Bijapur,1,1,1,Clear,1,1,1,0,1,0,0
480267,2023,2023-06-27 00:00:00.000,2023-06-27 00:00:00.000,1,Chhattisgarh,Sukma,2,1,1,Clear,1,1,1,0,0,1,0
483368,2023,2023-07-22 00:00:00.000,2023-07-22 00:00:00.000,3,Chhattisgarh,Narayanpur,2,1,1,Clear,1,1,1,1,0,0,0
483369,2023,2023-07-22 00:00:00.000,2023-07-22 00:00:00.000,1,Chhattisgarh,Bijapur,3,1,1,Clear,1,1,1,0,0,1,0
483371,2023,2023-07-19 00:00:00.000,2023-07-19 00:00:00.000,3,Jharkhand,Latehar,2,1,1,Clear,1,1,1,1,0,0,0
487564,2023,2023-08-21 00:00:00.000,2023-08-21 00:00:00.000,1,Jharkhand,West Singhbhum,2,1,1,Clear,1,1,1,0,0,1,0
487569,2023,2023-08-21 00:00:00.000,2023-08-21 00:00:00.000,1,Chhattisgarh,Narayanpur,2,1,1,Clear,1,1,1,0,0,1,0
488091,2023,2023-08-12 00:00:00.000,2023-08-13 00:00:00.000,3,Chhattisgarh,Kondagaon,1,2,1,Clear,1,1,1,1,0,0,0
488094,2023,2023-08-27 00:00:00.000,2023-08-27 00:00:00.000,1,Chhattisgarh,Dhamtari,2,1,1,Clear,1,1,1,0,0,1,0
488105,2023,2023-08-11 00:00:00.000,2023-08-11 00:00:00.000,1,Jharkhand,West Singhbhum,2,1,1,Clear,1,1,1,0,1,0,0
488109,2023,2023-08-15 00:00:00.000,2023-08-15 00:00:00.000,1,Jharkhand,West Singhbhum,2,1,1,Clear,2,2,2,0,2,0,0
488113,2023,2023-08-19 00:00:00.000,2023-08-19 00:00:00.000,3,Jharkhand,West Singhbhum,2,1,1,Clear,1,1,1,1,0,0,0
488120,2023,2023-08-22 00:00:00.000,2023-08-22 00:00:00.000,3,Jharkhand,West Singhbhum,2,1,1,Clear,1,1,1,1,0,0,0
488122,2023,2023-08-29 00:00:00.000,2023-08-29 00:00:00.000,3,Jharkhand,West Singhbhum,3,1,1,Clear,1,1,1,1,0,0,0
493608,2023,2023-08-30 00:00:00.000,2023-08-30 00:00:00.000,1,Chhattisgarh,Bijapur,2,1,1,Clear,1,1,1,0,1,0,0
493911,2023,2023-09-05 00:00:00.000,2023-09-05 00:00:00.000,1,Chhattisgarh,Sukma,2,1,1,Clear,2,2,2,0,0,2,0
493923,2023,2023-09-07 00:00:00.000,2023-09-07 00:00:00.000,3,Jharkhand,West Singhbhum,2,1,1,Clear,1,1,1,1,0,0,0
494047,2023,2023-09-08 00:00:00.000,2023-09-08 00:00:00.000,3,Jharkhand,West Singhbhum,1,1,1,Clear,1,1,1,1,0,0,0
494115,2023,2023-09-20 00:00:00.000,2023-09-20 00:00:00.000,1,Chhattisgarh,Dantewada,2,1,1,Clear,3,3,3,0,0,3,0
494127,2023,2023-09-28 00:00:00.000,2023-09-28 00:00:00.000,1,Jharkhand,West Singhbhum,2,1,1,Clear,1,1,1,0,1,0,0
494129,2023,2023-09-29 00:00:00.000,2023-09-29 00:00:00.000,1,Madhya Pradesh,Balaghat,3,1,1,Clear,1,1,1,0,0,1,0
494636,2023,2023-09-13 00:00:00.000,2023-09-13 00:00:00.000,1,Jharkhand,West Singhbhum,3,1,1,Clear,1,1,1,1,0,0,0
497631,2023,2023-10-17 00:00:00.000,2023-10-17 00:00:00.000,1,Chhattisgarh,Bijapur,3,1,1,Clear,1,1,1,0,0,1,0
497648,2023,2023-10-20 00:00:00.000,2023-10-21 00:00:00.000,1,Chhattisgarh,Kanker,2,2,1,Clear,2,2,2,0,0,2,0
497892,2023,2023-11-01 00:00:00.000,2023-11-02 00:00:00.000,3,Chhattisgarh,Bijapur,2,2,1,Clear,1,1,1,1,0,0,0
497966,2023,2023-11-01 00:00:00.000,2023-11-02 00:00:00.000,3,Chhattisgarh,Kanker,1,2,1,Clear,3,3,3,3,0,0,0
497984,2023,2023-11-04 00:00:00.000,2023-11-04 00:00:00.000,3,Chhattisgarh,Narayanpur,3,1,1,Clear,1,1,1,1,0,0,0
498011,2023,2023-09-27 00:00:00.000,2023-09-27 00:00:00.000,1,Jharkhand,West Singhbhum,2,1,1,Clear,1,1,1,0,0,1,0
501580,2023,2023-11-04 00:00:00.000,2023-11-04 00:00:00.000,3,Chhattisgarh,Narayanpur,3,1,1,Clear,1,1,1,1,0,0,0
501585,2023,2023-11-06 00:00:00.000,2023-11-06 00:00:00.000,1,Chhattisgarh,Kanker,1,1,1,Clear,1,1,1,0,1,0,0
501634,2023,2023-11-16 00:00:00.000,2023-11-16 00:00:00.000,3,Maharashtra,Gadchiroli,1,1,1,Clear,1,1,1,1,0,0,0
501677,2023,2023-11-17 00:00:00.000,2023-11-17 00:00:00.000,1,Chhattisgarh,Gariaband,2,1,1,Clear,1,1,1,0,1,0,0
501680,2023,2023-11-20 00:00:00.000,2023-11-20 00:00:00.000,3,Chhattisgarh,Kanker,1,1,1,Clear,1,1,1,1,0,0,0
501771,2023,2023-11-23 00:00:00.000,2023-11-23 00:00:00.000,3,Maharashtra,Gadchiroli,1,1,1,Clear,1,1,1,1,0,0,0
501773,2023,2023-11-24 00:00:00.000,2023-11-24 00:00:00.000,3,Maharashtra,Gadchiroli,1,1,1,Clear,1,1,1,1,0,0,0
501898,2023,2023-12-02 00:00:00.000,2023-12-02 00:00:00.000,3,Maharashtra,Gadchiroli,3,1,1,Clear,1,1,1,1,0,0,0
502509,2023,2023-11-07 00:00:00.000,2023-11-07 00:00:00.000,1,Chhattisgarh,Kanker,2,1,1,Clear,1,1,1,1,0,0,0
502511,2023,2023-11-23 00:00:00.000,2023-11-24 00:00:00.000,1,Chhattisgarh,Narayanpur,1,2,1,Clear,1,1,1,0,1,0,0
502512,2023,2023-11-24 00:00:00.000,2023-11-24 00:00:00.000,3,Chhattisgarh,Narayanpur,2,1,1,Clear,2,2,2,2,0,0,0
502514,2023,2023-11-17 00:00:00.000,2023-11-17 00:00:00.000,1,Jharkhand,West Singhbhum,2,1,1,Clear,1,1,1,0,1,0,0
502516,2023,2023-11-02 00:00:00.000,2023-11-02 00:00:00.000,3,Madhya Pradesh,Balaghat,1,1,1,Clear,1,1,1,1,0,0,0
502517,2023,2023-11-15 00:00:00.000,2023-11-16 00:00:00.000,3,Maharashtra,Gadchiroli,3,2,1,Clear,1,1,1,1,0,0,0
507086,2023,2023-12-09 00:00:00.000,2023-12-09 00:00:00.000,3,Chhattisgarh,Narayanpur,1,1,1,Clear,1,1,1,1,0,0,0
507096,2023,2023-12-14 00:00:00.000,2023-12-14 00:00:00.000,1,Chhattisgarh,Kanker,2,1,1,Clear,1,1,1,0,1,0,0
507106,2023,2023-12-23 00:00:00.000,2023-12-24 00:00:00.000,3,Chhattisgarh,Bijapur,2,2,1,Clear,1,1,0,1,0,0,0
507108,2023,2023-12-24 00:00:00.000,2023-12-24 00:00:00.000,1,Chhattisgarh,Dantewada,2,1,1,Clear,3,3,3,0,0,3,0
507318,2023,2023-12-13 00:00:00.000,2023-12-13 00:00:00.000,1,Chhattisgarh,Narayanpur,2,1,1,Clear,1,1,1,0,1,0,0
507321,2023,2023-12-17 00:00:00.000,2023-12-17 00:00:00.000,1,Chhattisgarh,Sukma,3,1,1,Clear,1,1,1,0,1,0,0
507331,2023,2023-12-01 00:00:00.000,2023-12-01 00:00:00.000,1,Chhattisgarh,Kanker,1,1,1,Clear,1,1,1,0,1,0,0
507347,2023,2023-12-26 00:00:00.000,2023-12-26 00:00:00.000,3,Jharkhand,Bokaro,3,1,1,Clear,1,1,1,1,0,0,0
507349,2023,2023-12-14 00:00:00.000,2023-12-14 00:00:00.000,1,Madhya Pradesh,Balaghat,2,1,1,Clear,1,1,1,0,0,1,0
507351,2023,2023-12-14 00:00:00.000,2023-12-14 00:00:00.000,1,Maharashtra,Gadchiroli,2,1,1,Clear,2,2,2,0,0,2,0
510017,2023,2023-12-29 00:00:00.000,2023-12-29 00:00:00.000,1,Chhattisgarh,Bijapur,2,1,1,Clear,1,1,1,0,1,0,0
531903,2023,2023-12-22 00:00:00.000,2023-12-22 00:00:00.000,3,Jharkhand,Khunti,1,1,1,Clear,1,1,1,1,0,0,0
509848,2024,2024-01-12 00:00:00.000,2024-01-12 00:00:00.000,1,Chhattisgarh,Bijapur,2,1,1,Clear,1,1,1,0,0,1,0
509850,2024,2024-01-16 00:00:00.000,2024-01-16 00:00:00.000,1,Chhattisgarh,Dantewada,2,1,1,Clear,1,1,1,0,0,1,0
509987,2024,2024-01-01 00:00:00.000,2024-01-01 00:00:00.000,1,Chhattisgarh,Bijapur,1,1,1,Clear,1,1,1,1,0,0,0
510003,2024,2024-01-15 00:00:00.000,2024-01-15 00:00:00.000,3,Chhattisgarh,Bijapur,2,1,1,Clear,1,1,1,1,0,0,0
510014,2024,2024-01-16 00:00:00.000,2024-01-16 00:00:00.000,1,Chhattisgarh,Bijapur,2,1,1,Clear,4,35,0,0,4,0,0
510020,2024,2024-01-20 00:00:00.000,2024-01-20 00:00:00.000,1,Chhattisgarh,Bijapur,2,1,1,Clear,3,3,3,0,0,3,0
510021,2024,2024-01-30 00:00:00.000,2024-01-30 00:00:00.000,1,Chhattisgarh,Bijapur,2,1,1,Clear,9,9,9,0,3,6,0
510023,2024,2024-01-09 00:00:00.000,2024-01-10 00:00:00.000,3,Jharkhand,West Singhbhum,1,2,1,Clear,1,1,1,1,0,0,0
510257,2024,2024-02-02 00:00:00.000,2024-02-02 00:00:00.000,1,Chhattisgarh,Narayanpur,2,1,1,Clear,2,2,2,0,0,2,0
510260,2024,2024-02-04 00:00:00.000,2024-02-04 00:00:00.000,1,Chhattisgarh,Sukma,2,1,1,Clear,1,1,1,0,0,1,0
510262,2024,2024-02-03 00:00:00.000,2024-02-03 00:00:00.000,1,Odisha,Kandhamal,3,1,1,Clear,1,1,1,0,0,1,0
510419,2024,2024-02-01 00:00:00.000,2024-02-01 00:00:00.000,1,Chhattisgarh,Dantewada,2,1,1,Clear,1,1,1,0,1,0,0
512902,2024,2024-02-07 00:00:00.000,2024-02-07 00:00:00.000,1,Chhattisgarh,Sukma,2,1,1,Clear,1,1,1,0,0,1,0
512907,2024,2024-02-07 00:00:00.000,2024-02-07 00:00:00.000,3,Chhattisgarh,Bijapur,1,1,1,Clear,1,1,1,1,0,0,0
512910,2024,2024-02-14 00:00:00.000,2024-02-14 00:00:00.000,3,Chhattisgarh,Narayanpur,1,1,1,Clear,1,1,1,1,0,0,0
512912,2024,2024-02-18 00:00:00.000,2024-02-18 00:00:00.000,1,Chhattisgarh,Bijapur,1,1,1,Clear,1,1,1,0,1,0,0
512913,2024,2024-02-24 00:00:00.000,2024-02-24 00:00:00.000,1,Chhattisgarh,Sukma,2,1,1,Clear,1,1,1,0,0,1,0
512916,2024,2024-02-23 00:00:00.000,2024-02-23 00:00:00.000,3,Chhattisgarh,Sukma,1,1,1,Clear,2,2,2,2,0,0,0
512918,2024,2024-02-25 00:00:00.000,2024-02-25 00:00:00.000,1,Chhattisgarh,Bijapur,2,1,1,Clear,1,1,1,0,1,0,0
512919,2024,2024-02-25 00:00:00.000,2024-02-25 00:00:00.000,1,Chhattisgarh,Kanker,2,1,1,Clear,3,3,3,0,0,0,3
512923,2024,2024-02-15 00:00:00.000,2024-02-15 00:00:00.000,1,Jharkhand,West Singhbhum,2,1,1,Clear,1,1,1,1,0,0,0
512924,2024,2024-02-23 00:00:00.000,2024-02-23 00:00:00.000,3,Jharkhand,West Singhbhum,2,1,1,Clear,1,1,1,1,0,0,0
513335,2024,2024-02-27 00:00:00.000,2024-02-27 00:00:00.000,1,Chhattisgarh,Bijapur,2,1,1,Clear,2,2,2,0,0,2,0
513337,2024,2024-02-27 00:00:00.000,2024-02-27 00:00:00.000,1,Chhattisgarh,Bijapur,2,1,1,Clear,2,2,2,0,0,2,0
513735,2024,2024-03-01 00:00:00.000,2024-03-01 00:00:00.000,3,Chhattisgarh,Bijapur,1,1,1,Clear,1,1,1,1,0,0,0
513737,2024,2024-03-03 00:00:00.000,2024-03-03 00:00:00.000,1,Chhattisgarh,Kanker,2,1,1,Clear,2,2,2,0,1,1,0
515212,2024,2024-03-06 00:00:00.000,2024-03-06 00:00:00.000,3,Chhattisgarh,Bijapur,2,1,1,Clear,1,1,1,1,0,0,0
515214,2024,2024-03-11 00:00:00.000,2024-03-11 00:00:00.000,1,Chhattisgarh,Dantewada,2,1,1,Clear,1,1,1,0,0,1,0
515840,2024,2024-03-15 00:00:00.000,2024-03-15 00:00:00.000,1,Chhattisgarh,Bijapur,2,1,1,Clear,2,2,2,0,0,2,0
515845,2024,2024-03-16 00:00:00.000,2024-03-16 00:00:00.000,1,Chhattisgarh,Kanker,2,1,1,Clear,1,1,1,0,0,1,0
516158,2024,2024-03-19 00:00:00.000,2024-03-19 00:00:00.000,1,Maharashtra,Gadchiroli,2,1,1,Clear,4,4,4,0,0,4,0
516841,2024,2024-03-19 00:00:00.000,2024-03-19 00:00:00.000,1,Chhattisgarh,Dantewada,2,1,1,Clear,2,2,2,0,0,2,0
516853,2024,2024-03-23 00:00:00.000,2024-03-23 00:00:00.000,1,Chhattisgarh,Bijapur,2,1,1,Clear,2,2,2,0,0,2,0
516861,2024,2024-03-24 00:00:00.000,2024-03-24 00:00:00.000,1,Chhattisgarh,Sukma,2,1,1,Clear,1,1,1,0,0,1,0
516868,2024,2024-03-25 00:00:00.000,2024-03-25 00:00:00.000,3,Chhattisgarh,Bijapur,2,1,1,Clear,3,3,3,3,0,0,0
517081,2024,2024-03-27 00:00:00.000,2024-03-27 00:00:00.000,1,Chhattisgarh,Bijapur,2,1,1,Clear,6,6,6,0,0,6,0
517095,2024,2024-03-29 00:00:00.000,2024-03-29 00:00:00.000,3,Maharashtra,Gadchiroli,5,1,1,Clear,1,1,1,1,0,0,0
517412,2024,2024-03-08 00:00:00.000,2024-03-11 00:00:00.000,3,Chhattisgarh,Bijapur,2,2,1,Clear,1,1,1,1,0,0,0
517625,2024,2024-04-01 00:00:00.000,2024-04-01 00:00:00.000,1,Chhattisgarh,Sukma,2,1,1,Clear,1,1,1,0,0,1,0
517638,2024,2024-04-02 00:00:00.000,2024-04-02 00:00:00.000,1,Chhattisgarh,Bijapur,2,1,1,Clear,13,13,13,0,0,13,0
517646,2024,2024-04-01 00:00:00.000,2024-04-02 00:00:00.000,1,Madhya Pradesh,Balaghat,2,2,1,Clear,2,2,2,0,0,2,0
520120,2024,2024-04-16 00:00:00.000,2024-04-16 00:00:00.000,1,Chhattisgarh,Narayanpur,2,1,1,Clear,29,29,29,0,0,29,0
520122,2024,2024-04-30 00:00:00.000,2024-05-01 00:00:00.000,1,Chhattisgarh,Kanker,5,2,1,Clear,10,10,10,0,0,10,0
520123,2024,2024-04-26 00:00:00.000,2024-04-26 00:00:00.000,3,Chhattisgarh,Dantewada,1,1,1,Clear,1,1,1,1,0,0,0
520547,2024,2024-05-01 00:00:00.000,2024-05-02 00:00:00.000,3,Chhattisgarh,Bijapur,2,2,1,Clear,2,2,2,2,0,0,0
520548,2024,2024-04-05 00:00:00.000,2024-04-05 00:00:00.000,1,Chhattisgarh,Dantewada,2,1,1,Clear,1,1,1,0,0,1,0
520549,2024,2024-04-05 00:00:00.000,2024-04-05 00:00:00.000,3,Chhattisgarh,Mohla-Manpur-Ambagarh Chowki,2,1,1,Clear,1,1,1,1,0,0,0
520551,2024,2024-04-05 00:00:00.000,2024-04-05 00:00:00.000,3,Chhattisgarh,Narayanpur,2,1,1,Clear,1,1,1,1,0,0,0
520554,2024,2024-04-06 00:00:00.000,2024-04-06 00:00:00.000,1,Chhattisgarh,Bijapur,2,1,1,Clear,3,3,3,0,0,3,0
520556,2024,2024-04-12 00:00:00.000,2024-04-12 00:00:00.000,1,Chhattisgarh,Bijapur,2,1,1,Clear,1,1,1,1,0,0,0
520558,2024,2024-04-16 00:00:00.000,2024-04-16 00:00:00.000,1,Chhattisgarh,Narayanpur,1,1,1,Clear,1,1,1,0,1,0,0
520562,2024,2024-04-19 00:00:00.000,2024-04-19 00:00:00.000,1,Chhattisgarh,Bijapur,2,1,1,Clear,1,1,1,0,1,0,0
520563,2024,2024-04-20 00:00:00.000,2024-04-20 00:00:00.000,1,Chhattisgarh,Bijapur,2,1,1,Clear,1,1,1,1,0,0,0
520564,2024,2024-04-21 00:00:00.000,2024-04-21 00:00:00.000,1,Chhattisgarh,Bijapur,2,1,1,Clear,1,1,1,0,0,1,0
520567,2024,2024-04-29 00:00:00.000,2024-04-29 00:00:00.000,1,Chhattisgarh,Sukma,2,1,1,Clear,1,1,1,0,0,1,0
520571,2024,2024-04-25 00:00:00.000,2024-04-25 00:00:00.000,1,Odisha,Boudh,2,1,1,Clear,2,2,2,0,0,2,0
524159,2024,2024-05-10 00:00:00.000,2024-05-10 00:00:00.000,1,Chhattisgarh,Bijapur,2,1,1,Clear,12,12,12,0,0,2,10
524203,2024,2024-05-23 00:00:00.000,2024-05-23 00:00:00.000,1,Chhattisgarh,Bastar,3,1,1,Clear,7,7,7,0,0,7,0
525661,2024,2024-05-24 00:00:00.000,2024-05-24 00:00:00.000,1,Chhattisgarh,Bastar,3,1,1,Clear,1,1,1,0,0,1,0
525662,2024,2024-05-25 00:00:00.000,2024-05-25 00:00:00.000,1,Chhattisgarh,Sukma,3,1,1,Clear,1,1,1,0,0,1,0
525664,2024,2024-05-25 00:00:00.000,2024-05-25 00:00:00.000,1,Chhattisgarh,Bijapur,3,1,1,Clear,2,2,2,0,0,2,0
525681,2024,2024-05-29 00:00:00.000,2024-05-29 00:00:00.000,1,Chhattisgarh,Bijapur,2,1,1,Clear,2,2,2,0,0,2,0
525683,2024,2024-06-02 00:00:00.000,2024-06-03 00:00:00.000,1,Chhattisgarh,Sukma,3,2,1,Clear,1,1,0,0,1,0,0
525691,2024,2024-05-13 00:00:00.000,2024-05-13 00:00:00.000,1,Maharashtra,Gadchiroli,3,1,1,Clear,3,3,3,0,0,3,0
525716,2024,2024-05-18 00:00:00.000,2024-05-18 00:00:00.000,1,Chhattisgarh,Sukma,3,1,1,Clear,1,1,1,0,0,1,0
525718,2024,2024-05-23 00:00:00.000,2024-05-23 00:00:00.000,1,Jharkhand,West Singhbhum,3,1,1,Clear,1,1,1,0,0,1,0
525720,2024,2024-05-26 00:00:00.000,2024-05-26 00:00:00.000,3,Odisha,Kandhamal,1,1,1,Clear,1,1,1,1,0,0,0
525763,2024,2024-05-11 00:00:00.000,2024-05-11 00:00:00.000,1,Chhattisgarh,Dhamtari,3,1,1,Clear,1,1,1,0,0,1,0
527752,2024,2024-06-07 00:00:00.000,2024-06-07 00:00:00.000,1,Chhattisgarh,Narayanpur,3,1,1,Clear,6,7,5,0,0,6,0
527758,2024,2024-06-07 00:00:00.000,2024-06-07 00:00:00.000,1,Chhattisgarh,Kondagaon,1,1,1,Clear,1,1,1,0,1,0,0
527792,2024,2024-06-15 00:00:00.000,2024-06-15 00:00:00.000,1,Chhattisgarh,Narayanpur,2,1,1,Clear,9,9,9,0,1,8,0
527815,2024,2024-06-17 00:00:00.000,2024-06-17 00:00:00.000,1,Jharkhand,West Singhbhum,2,1,1,Clear,5,5,5,0,0,5,0
527853,2024,2024-06-23 00:00:00.000,2024-06-23 00:00:00.000,1,Chhattisgarh,Dhamtari,2,1,1,Clear,1,1,1,0,0,1,0
527860,2024,2024-06-23 00:00:00.000,2024-06-23 00:00:00.000,1,Chhattisgarh,Sukma,2,1,1,Clear,2,2,2,0,1,0,1
527884,2024,2024-06-29 00:00:00.000,2024-06-30 00:00:00.000,1,Chhattisgarh,Narayanpur,2,2,1,Clear,1,1,1,1,0,0,0
527886,2024,2024-06-02 00:00:00.000,2024-06-02 00:00:00.000,3,Chhattisgarh,Narayanpur,1,1,1,Clear,1,1,1,1,0,0,0
527888,2024,2024-06-03 00:00:00.000,2024-06-03 00:00:00.000,1,Telangana,Mulugu,2,1,1,Clear,1,1,1,1,0,0,0
531851,2024,2024-07-02 00:00:00.000,2024-07-02 00:00:00.000,1,Chhattisgarh,Narayanpur,5,1,1,Clear,5,5,5,0,0,5,0
531855,2024,2024-07-04 00:00:00.000,2024-07-04 00:00:00.000,3,Chhattisgarh,Dantewada,2,1,1,Clear,1,1,1,1,0,0,0
531867,2024,2024-07-07 00:00:00.000,2024-07-07 00:00:00.000,3,Chhattisgarh,Sukma,2,1,1,Clear,1,1,1,1,0,0,0
531881,2024,2024-07-09 00:00:00.000,2024-07-09 00:00:00.000,1,Chhattisgarh,Kanker,2,1,1,Clear,1,1,1,0,0,1,0
531882,2024,2024-07-11 00:00:00.000,2024-07-11 00:00:00.000,3,Chhattisgarh,Sukma,3,1,1,Clear,2,2,2,2,0,0,0
531884,2024,2024-07-17 00:00:00.000,2024-07-17 00:00:00.000,1,Chhattisgarh,Bijapur,2,1,1,Clear,2,2,2,0,2,0,0
531887,2024,2024-07-19 00:00:00.000,2024-07-19 00:00:00.000,1,Chhattisgarh,Bijapur,2,1,1,Clear,1,1,1,0,0,1,0
531893,2024,2024-07-20 00:00:00.000,2024-07-20 00:00:00.000,1,Chhattisgarh,Sukma,2,1,1,Clear,1,1,1,0,0,1,0
531907,2024,2024-07-11 00:00:00.000,2024-07-11 00:00:00.000,3,Jharkhand,West Singhbhum,1,1,1,Clear,1,1,1,1,0,0,0
531913,2024,2024-07-08 00:00:00.000,2024-07-08 00:00:00.000,1,Madhya Pradesh,Balaghat,3,1,1,Clear,1,1,1,0,0,1,0
531915,2024,2024-07-17 00:00:00.000,2024-07-17 00:00:00.000,1,Maharashtra,Gadchiroli,1,1,1,Clear,12,12,12,0,0,12,0
534471,2024,2024-07-28 00:00:00.000,2024-07-28 00:00:00.000,1,Chhattisgarh,Bijapur,3,1,1,Clear,1,1,1,1,0,0,0
534473,2024,2024-07-25 00:00:00.000,2024-07-25 00:00:00.000,3,Maharashtra,Gadchiroli,3,1,1,Clear,1,1,1,1,0,0,0
534475,2024,2024-07-30 00:00:00.000,2024-07-30 00:00:00.000,3,Maharashtra,Gadchiroli,2,1,1,Clear,1,1,1,1,0,0,0
534481,2024,2024-07-25 00:00:00.000,2024-07-25 00:00:00.000,1,Telangana,Bhadradri Kothagudem,2,1,1,Clear,1,1,1,0,0,1,0
538684,2024,2024-08-13 00:00:00.000,2024-08-13 00:00:00.000,3,Chhattisgarh,Sukma,1,1,1,Clear,1,1,0,1,0,0,0
538698,2024,2024-08-25 00:00:00.000,2024-08-25 00:00:00.000,3,Chhattisgarh,Bijapur,1,1,1,Clear,1,1,1,1,0,0,0
538699,2024,2024-08-27 00:00:00.000,2024-08-27 00:00:00.000,3,Chhattisgarh,Bijapur,1,1,1,Clear,1,1,1,1,0,0,0
538829,2024,2024-08-08 00:00:00.000,2024-08-08 00:00:00.000,3,Chhattisgarh,Sukma,1,1,1,Clear,1,1,0,1,0,0,0
538833,2024,2024-08-10 00:00:00.000,2024-08-10 00:00:00.000,1,Chhattisgarh,Dantewada,2,1,1,Clear,1,1,1,0,0,1,0
538835,2024,2024-08-11 00:00:00.000,2024-08-11 00:00:00.000,1,Chhattisgarh,Sukma,2,1,1,Clear,1,1,1,1,0,0,0
538860,2024,2024-05-11 00:00:00.000,2024-05-11 00:00:00.000,1,Chhattisgarh,Bijapur,2,1,1,Clear,2,2,2,2,0,0,0
538867,2024,2024-08-11 00:00:00.000,2024-08-11 00:00:00.000,1,Chhattisgarh,Sukma,1,1,1,Clear,1,1,1,0,1,0,0
538869,2024,2024-08-23 00:00:00.000,2024-08-23 00:00:00.000,3,Chhattisgarh,Bijapur,2,1,1,Clear,1,1,1,1,0,0,0
538909,2024,2024-08-29 00:00:00.000,2024-08-29 00:00:00.000,1,Chhattisgarh,Narayanpur,2,1,1,Clear,3,3,3,0,0,3,0
538911,2024,2024-09-03 00:00:00.000,2024-09-03 00:00:00.000,1,Chhattisgarh,Dantewada,2,1,1,Clear,9,10,9,0,0,9,0
538917,2024,2024-09-05 00:00:00.000,2024-09-05 00:00:00.000,1,Telangana,Bhadradri Kothagudem,2,1,1,Clear,6,6,6,0,0,6,0
539014,2024,2024-05-11 00:00:00.000,2024-05-11 00:00:00.000,1,Chhattisgarh,Bijapur,2,1,1,Clear,1,1,1,1,0,0,0
543942,2024,2024-09-12 00:00:00.000,2024-09-12 00:00:00.000,3,Chhattisgarh,Bijapur,2,1,1,Clear,2,2,2,2,0,0,0
543994,2024,2024-10-04 00:00:00.000,2024-10-04 00:00:00.000,1,Chhattisgarh,Dantewada,2,1,1,Clear,38,38,38,0,0,38,0
544008,2024,2024-10-04 00:00:00.000,2024-10-04 00:00:00.000,3,Chhattisgarh,Sukma,1,1,1,Clear,1,1,1,1,0,0,0
544009,2024,2024-10-05 00:00:00.000,2024-10-05 00:00:00.000,3,Chhattisgarh,Bijapur,1,1,1,Clear,2,2,2,2,0,0,0
544034,2024,2024-09-14 00:00:00.000,2024-09-14 00:00:00.000,1,Chhattisgarh,Sukma,2,1,1,Clear,1,1,1,0,0,1,0
544037,2024,2024-09-23 00:00:00.000,2024-09-23 00:00:00.000,1,Chhattisgarh,Narayanpur,5,1,1,Clear,3,3,3,0,0,3,0
544038,2024,2024-09-24 00:00:00.000,2024-09-24 00:00:00.000,1,Chhattisgarh,Sukma,2,1,1,Clear,2,2,2,0,0,2,0
544039,2024,2024-09-25 00:00:00.000,2024-09-25 00:00:00.000,3,Chhattisgarh,Sukma,1,1,1,Clear,1,1,1,1,0,0,0
549376,2024,2024-10-08 00:00:00.000,2024-10-08 00:00:00.000,3,Chhattisgarh,Bijapur,1,1,1,Clear,1,1,1,1,0,0,0
549397,2024,2024-10-19 00:00:00.000,2024-10-19 00:00:00.000,3,Chhattisgarh,Narayanpur,3,1,1,Clear,1,1,0,1,0,0,0
549507,2024,2024-10-25 00:00:00.000,2024-10-25 00:00:00.000,1,Chhattisgarh,Sukma,2,1,1,Clear,1,1,1,0,0,1,0
549522,2024,2024-10-29 00:00:00.000,2024-10-29 00:00:00.000,3,Chhattisgarh,Bijapur,2,1,1,Clear,1,1,1,1,0,0,0
549608,2024,2024-10-07 00:00:00.000,2024-10-07 00:00:00.000,1,Chhattisgarh,Sukma,2,1,1,Clear,1,1,1,0,0,1,0
549610,2024,2024-10-10 00:00:00.000,2024-10-10 00:00:00.000,1,Jharkhand,Chatra,3,1,1,Clear,2,2,2,0,0,2,0
549612,2024,2024-10-18 00:00:00.000,2024-10-18 00:00:00.000,1,Odisha,Sundargarh,2,1,1,Clear,1,1,1,1,0,0,0
549614,2024,2024-10-19 00:00:00.000,2024-10-19 00:00:00.000,3,Chhattisgarh,Sukma,2,1,1,Clear,1,1,1,1,0,0,0
549615,2024,2024-10-19 00:00:00.000,2024-10-19 00:00:00.000,1,Chhattisgarh,Bastar,2,1,1,Clear,2,2,2,0,2,0,0
549617,2024,2024-10-21 00:00:00.000,2024-10-21 00:00:00.000,1,Maharashtra,Gadchiroli,2,1,1,Clear,5,5,5,0,0,5,0
549619,2024,2024-10-23 00:00:00.000,2024-10-23 00:00:00.000,3,Chhattisgarh,Sukma,2,1,1,Clear,1,1,1,1,0,0,0
549620,2024,2024-10-25 00:00:00.000,2024-10-25 00:00:00.000,1,Odisha,Kandhamal,2,1,1,Clear,1,1,1,0,0,1,0
555404,2024,2024-11-18 00:00:00.000,2024-11-18 00:00:00.000,1,Karnataka,Udupi,2,1,1,Clear,1,1,1,0,0,1,0
555412,2024,2024-11-20 00:00:00.000,2024-11-20 00:00:00.000,1,Odisha,Malkangiri,3,1,1,Clear,1,1,1,0,0,1,0
555537,2024,2024-12-01 00:00:00.000,2024-12-01 00:00:00.000,3,Chhattisgarh,Bijapur,2,1,1,Clear,1,1,1,1,0,0,0
555760,2024,2024-11-08 00:00:00.000,2024-11-08 00:00:00.000,1,Chhattisgarh,Bijapur,2,1,1,Clear,3,3,3,0,0,3,0
555763,2024,2024-11-12 00:00:00.000,2024-11-12 00:00:00.000,3,Chhattisgarh,Bijapur,2,1,1,Clear,1,1,1,1,0,0,0
555764,2024,2024-11-16 00:00:00.000,2024-11-16 00:00:00.000,1,Chhattisgarh,Narayanpur,5,1,1,Clear,5,5,5,0,0,5,0
555774,2024,2024-11-21 00:00:00.000,2024-11-21 00:00:00.000,3,Telangana,Mulugu,1,1,1,Clear,2,2,2,2,0,0,0
555776,2024,2024-11-22 00:00:00.000,2024-11-22 00:00:00.000,1,Chhattisgarh,Sukma,2,1,1,Clear,10,11,10,0,0,10,0
555780,2024,2024-12-01 00:00:00.000,2024-12-01 00:00:00.000,1,Telangana,Warangal,2,1,1,Clear,7,8,7,0,0,7,0
558933,2024,2024-12-04 00:00:00.000,2024-12-04 00:00:00.000,3,Chhattisgarh,Bijapur,2,1,1,Clear,1,1,1,1,0,0,0
558936,2024,2024-12-04 00:00:00.000,2024-12-04 00:00:00.000,3,Chhattisgarh,Bijapur,2,1,1,Clear,1,1,1,1,0,0,0
558940,2024,2024-12-06 00:00:00.000,2024-12-06 00:00:00.000,3,Chhattisgarh,Bijapur,1,1,1,Clear,1,1,1,1,0,0,0
559055,2024,2024-12-04 00:00:00.000,2024-12-04 00:00:00.000,1,Chhattisgarh,Narayanpur,2,1,1,Clear,1,1,1,0,1,0,0
559073,2024,2024-12-11 00:00:00.000,2024-12-12 00:00:00.000,1,Chhattisgarh,Narayanpur,5,2,1,Clear,7,7,7,0,0,2,5
559080,2024,2024-12-13 00:00:00.000,2024-12-13 00:00:00.000,1,Chhattisgarh,Bijapur,2,1,1,Clear,2,2,2,0,0,2,0
559081,2024,2024-12-16 00:00:00.000,2024-12-16 00:00:00.000,1,Chhattisgarh,Dantewada,3,1,1,Clear,1,1,1,1,0,0,0
559086,2024,2024-12-21 00:00:00.000,2024-12-21 00:00:00.000,3,Chhattisgarh,Bijapur,1,1,1,Clear,2,2,2,2,0,0,0
559090,2024,2024-12-22 00:00:00.000,2024-12-22 00:00:00.000,3,Chhattisgarh,Bijapur,2,1,1,Clear,1,1,1,1,0,0,0
559028,2025,2025-01-05 00:00:00.000,2025-01-05 00:00:00.000,1,Chhattisgarh,Narayanpur,5,1,1,Clear,6,6,6,0,1,5,0
559029,2025,2025-01-06 00:00:00.000,2025-01-06 00:00:00.000,1,Chhattisgarh,Bijapur,2,1,1,Clear,9,9,9,1,8,0,0
559051,2025,2025-01-03 00:00:00.000,2025-01-03 00:00:00.000,1,Chhattisgarh,Gariaband,3,1,1,Clear,1,2,1,0,0,1,0
562159,2025,2025-01-09 00:00:00.000,2025-01-09 00:00:00.000,1,Chhattisgarh,Bijapur,2,1,1,Clear,3,3,3,0,0,3,0
562211,2025,2025-01-12 00:00:00.000,2025-01-12 00:00:00.000,1,Chhattisgarh,Bijapur,2,1,1,Clear,5,5,5,0,0,5,0
562265,2025,2025-01-16 00:00:00.000,2025-01-16 00:00:00.000,1,Chhattisgarh,Bijapur,5,1,1,Clear,12,24,12,0,0,8,4
562289,2025,2025-01-20 00:00:00.000,2025-01-21 00:00:00.000,1,Chhattisgarh,Gariaband,2,2,1,Clear,12,12,12,0,0,12,0
562290,2025,2025-01-20 00:00:00.000,2025-01-20 00:00:00.000,1,Chhattisgarh,Gariaband,2,1,1,Clear,2,2,2,0,0,2,0
562330,2025,2025-01-01 00:00:00.000,2025-01-21 00:00:00.000,1,Chhattisgarh,Unspecified,4,4,2,Clear,1,1,1,0,0,1,0
562358,2025,2025-01-20 00:00:00.000,2025-01-20 00:00:00.000,1,Chhattisgarh,Gariaband,2,1,2,Clear,2,2,0,0,0,2,0
562364,2025,2025-01-26 00:00:00.000,2025-01-26 00:00:00.000,3,Chhattisgarh,Bijapur,3,1,1,Clear,1,1,1,1,0,0,0
562379,2025,2025-02-01 00:00:00.000,2025-02-01 00:00:00.000,1,Chhattisgarh,Bijapur,2,1,1,Clear,8,8,8,0,0,8,0
562389,2025,2025-01-07 00:00:00.000,2025-01-07 00:00:00.000,1,Jharkhand,West Singhbhum,2,1,1,Clear,1,1,1,1,0,0,0
562397,2025,2025-01-22 00:00:00.000,2025-01-22 00:00:00.000,1,Jharkhand,Bokaro,3,1,1,Clear,2,2,2,0,0,2,0
562411,2025,2025-01-29 00:00:00.000,2025-01-29 00:00:00.000,1,Jharkhand,West Singhbhum,2,1,1,Clear,2,2,2,0,0,2,0
562413,2025,2025-02-02 00:00:00.000,2025-02-02 00:00:00.000,3,Jharkhand,Chatra,2,1,1,Clear,1,1,1,1,0,0,0
562417,2025,2025-02-01 00:00:00.000,2025-02-01 00:00:00.000,3,Maharashtra,Gadchiroli,1,1,1,Clear,1,1,1,1,0,0,0
564218,2025,2025-02-03 00:00:00.000,2025-02-03 00:00:00.000,3,Chhattisgarh,Bijapur,5,1,1,Clear,2,2,2,2,0,0,0
564227,2025,2025-02-04 00:00:00.000,2025-02-04 00:00:00.000,3,Chhattisgarh,Dantewada,2,1,1,Clear,1,1,1,1,0,0,0
568220,2025,2025-02-06 00:00:00.000,2025-02-06 00:00:00.000,3,Chhattisgarh,Dantewada,1,1,1,Clear,1,1,1,1,0,0,0
568230,2025,2025-02-09 00:00:00.000,2025-02-09 00:00:00.000,1,Chhattisgarh,Bijapur,5,1,1,Clear,33,33,33,0,2,31,0
568256,2025,2025-02-11 00:00:00.000,2025-02-11 00:00:00.000,1,Maharashtra,Gadchiroli,2,1,1,Clear,1,1,1,0,1,0,0
568282,2025,2025-02-19 00:00:00.000,2025-02-19 00:00:00.000,1,Madhya Pradesh,Balaghat,2,1,1,Clear,4,4,4,0,0,4,0
568283,2025,2025-02-19 00:00:00.000,2025-02-19 00:00:00.000,3,Chhattisgarh,Bastar,1,1,1,Clear,2,2,2,2,0,0,0
568300,2025,2025-03-01 00:00:00.000,2025-03-01 00:00:00.000,1,Chhattisgarh,Sukma,2,1,1,Clear,2,2,2,0,0,2,0
570483,2025,2025-03-03 00:00:00.000,2025-03-03 00:00:00.000,3,Chhattisgarh,Sukma,1,1,1,Clear,1,1,1,1,0,0,0
570537,2025,2025-02-09 00:00:00.000,2025-02-09 00:00:00.000,1,Madhya Pradesh,Mandla,2,1,1,Clear,1,1,1,0,0,1,0
572813,2025,2025-03-20 00:00:00.000,2025-03-20 00:00:00.000,1,Chhattisgarh,Kanker,5,1,1,Clear,4,4,4,0,0,4,0
572814,2025,2025-03-20 00:00:00.000,2025-03-20 00:00:00.000,1,Chhattisgarh,Bijapur,2,1,1,Clear,27,27,27,0,1,26,0
572829,2025,2025-03-22 00:00:00.000,2025-03-22 00:00:00.000,1,Jharkhand,West Singhbhum,2,1,1,Clear,1,1,1,0,1,0,0
572932,2025,2025-03-07 00:00:00.000,2025-03-07 00:00:00.000,1,Chhattisgarh,Narayanpur,5,1,1,Clear,1,1,1,1,0,0,0
572941,2025,2025-03-25 00:00:00.000,2025-03-25 00:00:00.000,1,Chhattisgarh,Dantewada,5,1,1,Clear,3,3,3,0,0,3,0
572951,2025,2025-03-29 00:00:00.000,2025-03-29 00:00:00.000,1,Chhattisgarh,Sukma,2,1,1,Clear,17,17,17,0,0,17,0
572955,2025,2025-03-30 00:00:00.000,2025-03-30 00:00:00.000,1,Chhattisgarh,Bijapur,2,1,1,Clear,1,1,1,1,0,0,0
572956,2025,2025-03-31 00:00:00.000,2025-03-31 00:00:00.000,1,Chhattisgarh,Dantewada,5,1,1,Clear,1,1,1,0,0,1,0
572959,2025,2025-04-04 00:00:00.000,2025-04-04 00:00:00.000,1,Chhattisgarh,Narayanpur,2,1,1,Clear,1,1,1,1,0,0,0
572988,2025,2025-04-02 00:00:00.000,2025-04-02 00:00:00.000,1,Madhya Pradesh,Unspecified,5,1,1,Clear,2,2,2,0,0,2,0
574127,2025,2025-03-29 00:00:00.000,2025-03-29 00:00:00.000,1,Chhattisgarh,Bijapur,2,1,1,Clear,1,1,1,0,0,1,0
577193,2025,2025-04-12 00:00:00.000,2025-04-12 00:00:00.000,1,Chhattisgarh,Bijapur,5,1,1,Clear,3,3,3,0,0,3,0
577198,2025,2025-04-12 00:00:00.000,2025-04-12 00:00:00.000,1,Jharkhand,West Singhbhum,3,1,1,Clear,1,1,1,0,1,0,0
577228,2025,2025-04-21 00:00:00.000,2025-04-21 00:00:00.000,1,Jharkhand,Bokaro,1,1,1,Clear,8,8,8,0,0,8,0
577329,2025,2025-04-24 00:00:00.000,2025-04-24 00:00:00.000,1,Chhattisgarh,Bijapur,2,1,1,Clear,6,6,6,0,0,6,0
577650,2025,2025-04-08 00:00:00.000,2025-04-08 00:00:00.000,1,Bihar,Banka,2,1,1,Clear,1,1,1,0,0,1,0
577666,2025,2025-04-04 00:00:00.000,2025-04-04 00:00:00.000,1,Chhattisgarh,Narayanpur,2,1,1,Clear,1,1,1,1,0,0,0
577675,2025,2025-04-15 00:00:00.000,2025-04-15 00:00:00.000,1,Chhattisgarh,Kondagaon,2,1,1,Clear,2,2,2,0,0,2,0
577693,2025,2025-04-21 00:00:00.000,2025-04-21 00:00:00.000,1,Chhattisgarh,Bijapur,2,1,1,Clear,1,1,1,0,0,1,0
577712,2025,2025-04-21 00:00:00.000,2025-04-21 00:00:00.000,1,Chhattisgarh,Bijapur,2,1,1,Clear,1,1,1,0,1,0,0
577765,2025,2025-05-03 00:00:00.000,2025-05-03 00:00:00.000,1,Chhattisgarh,Gariaband,2,1,1,Clear,1,1,1,0,0,1,0
577768,2025,2025-05-05 00:00:00.000,2025-05-05 00:00:00.000,1,Chhattisgarh,Bijapur,2,1,1,Clear,1,1,1,0,0,1,0
577770,2025,2025-05-05 00:00:00.000,2025-05-05 00:00:00.000,1,Chhattisgarh,Sukma,1,1,1,Clear,1,1,1,0,1,0,0
577774,2025,2025-04-21 00:00:00.000,2025-04-21 00:00:00.000,1,Jharkhand,Bokaro,2,1,1,Clear,8,8,8,0,0,8,0
577775,2025,2025-04-30 00:00:00.000,2025-05-01 00:00:00.000,3,Jharkhand,Latehar,1,2,1,Clear,1,1,1,1,0,0,0
580002,2025,2025-05-08 00:00:00.000,2025-05-08 00:00:00.000,1,Telangana,Mulugu,2,1,1,Clear,3,3,3,0,3,0,0
580017,2025,2025-05-11 00:00:00.000,2025-05-12 00:00:00.000,3,Chhattisgarh,Bijapur,1,2,1,Clear,1,1,1,1,0,0,0
580022,2025,2025-05-14 00:00:00.000,2025-05-14 00:00:00.000,3,Jharkhand,Bokaro,2,1,1,Clear,1,1,0,1,0,0,0
580049,2025,2025-05-21 00:00:00.000,2025-05-21 00:00:00.000,1,Chhattisgarh,Narayanpur,3,1,1,Clear,29,29,29,0,2,27,0
580086,2025,2025-05-07 00:00:00.000,2025-05-07 00:00:00.000,1,Andhra Pradesh,East Godavari,5,1,1,Clear,2,2,2,0,0,2,0
580089,2025,2025-05-07 00:00:00.000,2025-05-07 00:00:00.000,1,Chhattisgarh,Bijapur,2,1,1,Clear,22,22,22,0,0,22,0
580094,2025,2025-05-11 00:00:00.000,2025-05-11 00:00:00.000,3,Chhattisgarh,Bijapur,2,1,1,Clear,0,3,0,0,0,0,0
581893,2025,2025-05-22 00:00:00.000,2025-05-22 00:00:00.000,1,Chhattisgarh,Sukma,2,1,1,Clear,1,1,1,0,0,1,0
581895,2025,2025-05-22 00:00:00.000,2025-05-22 00:00:00.000,1,Chhattisgarh,Bijapur,2,1,1,Clear,2,2,2,0,1,1,0
581896,2025,2025-05-23 00:00:00.000,2025-05-23 00:00:00.000,1,Maharashtra,Gadchiroli,2,1,1,Clear,4,4,4,0,0,4,0
581904,2025,2025-05-25 00:00:00.000,2025-05-26 00:00:00.000,1,Jharkhand,Latehar,2,2,1,Clear,1,1,1,0,0,1,0
581913,2025,2025-06-05 00:00:00.000,2025-06-05 00:00:00.000,1,Chhattisgarh,Bijapur,5,1,1,Clear,1,1,1,0,0,1,0
581916,2025,2025-06-09 00:00:00.000,2025-06-09 00:00:00.000,1,Chhattisgarh,Sukma,2,1,1,Clear,1,1,1,0,1,0,0
581967,2025,2025-06-06 00:00:00.000,2025-06-06 00:00:00.000,1,Chhattisgarh,Bijapur,5,1,1,Clear,1,1,1,0,0,1,0
581970,2025,2025-06-07 00:00:00.000,2025-06-07 00:00:00.000,1,Chhattisgarh,Bijapur,5,1,1,Clear,5,5,5,0,0,5,0
581974,2025,2025-06-08 00:00:00.000,2025-06-08 00:00:00.000,3,Chhattisgarh,Sukma,1,1,1,Clear,1,1,1,1,0,0,0
581978,2025,2025-06-11 00:00:00.000,2025-06-11 00:00:00.000,1,Chhattisgarh,Sukma,2,1,1,Clear,2,2,2,0,0,2,0
581982,2025,2025-05-27 00:00:00.000,2025-05-27 00:00:00.000,1,Jharkhand,Palamu,2,1,1,Clear,1,1,1,0,0,1,0
581989,2025,2025-06-14 00:00:00.000,2025-06-14 00:00:00.000,1,Madhya Pradesh,Balaghat,2,1,1,Clear,4,4,4,0,0,4,0
581992,2025,2025-06-14 00:00:00.000,2025-06-14 00:00:00.000,1,Odisha,Sundargarh,2,1,1,Clear,1,1,1,0,1,0,0
585903,2025,2025-06-18 00:00:00.000,2025-06-18 00:00:00.000,1,Andhra Pradesh,Alluri Sitharama Raju,1,1,1,Clear,3,3,3,0,0,3,0
585909,2025,2025-06-17 00:00:00.000,2025-06-17 00:00:00.000,3,Chhattisgarh,Bijapur,1,1,1,Clear,3,3,3,3,0,0,0
585920,2025,2025-06-20 00:00:00.000,2025-06-20 00:00:00.000,1,Chhattisgarh,Kanker,3,1,1,Clear,1,1,1,0,0,1,0
585931,2025,2025-06-21 00:00:00.000,2025-06-22 00:00:00.000,3,Chhattisgarh,Bijapur,3,2,1,Clear,2,2,2,2,0,0,0
585972,2025,2025-06-30 00:00:00.000,2025-06-30 00:00:00.000,1,Odisha,Kandhamal,5,1,1,Clear,2,2,2,0,0,2,0
586006,2025,2025-07-01 00:00:00.000,2025-07-02 00:00:00.000,3,Chhattisgarh,Bijapur,1,2,1,Clear,1,1,1,1,0,0,0
586033,2025,2025-06-25 00:00:00.000,2025-06-25 00:00:00.000,1,Chhattisgarh,Narayanpur,5,1,1,Clear,2,2,2,0,0,2,0
587945,2025,2025-07-05 00:00:00.000,2025-07-05 00:00:00.000,1,Chhattisgarh,Bijapur,5,1,1,Clear,1,1,1,0,0,1,0
587946,2025,2025-07-07 00:00:00.000,2025-07-07 00:00:00.000,1,Chhattisgarh,Bijapur,5,1,1,Clear,1,1,1,0,0,1,0
587947,2025,2025-07-14 00:00:00.000,2025-07-14 00:00:00.000,3,Chhattisgarh,Bijapur,2,1,1,Clear,2,2,2,2,0,0,0
587951,2025,2025-07-18 00:00:00.000,2025-07-18 00:00:00.000,1,Chhattisgarh,Narayanpur,5,1,1,Clear,6,6,6,0,0,6,0
587952,2025,2025-07-20 00:00:00.000,2025-07-20 00:00:00.000,3,Chhattisgarh,Bijapur,1,1,1,Clear,2,2,2,2,0,0,0
587954,2025,2025-07-26 00:00:00.000,2025-07-26 00:00:00.000,1,Chhattisgarh,Bijapur,5,1,1,Clear,4,4,4,0,0,4,0
587956,2025,2025-07-16 00:00:00.000,2025-07-16 00:00:00.000,1,Jharkhand,Bokaro,2,1,1,Clear,3,3,3,0,1,2,0
588649,2025,2025-07-29 00:00:00.000,2025-07-29 00:00:00.000,1,Chhattisgarh,Unspecified,5,1,1,Clear,1,1,1,0,0,1,0
593573,2025,2025-08-18 00:00:00.000,2025-08-18 00:00:00.000,3,Chhattisgarh,Narayanpur,1,1,1,Clear,1,1,1,1,0,0,0
593590,2025,2025-08-27 00:00:00.000,2025-08-27 00:00:00.000,3,Chhattisgarh,Sukma,1,1,1,Clear,1,1,1,1,0,0,0
593620,2025,2025-08-28 00:00:00.000,2025-08-29 00:00:00.000,3,Chhattisgarh,Bijapur,1,2,1,Clear,1,1,0,1,0,0,0
593622,2025,2025-08-29 00:00:00.000,2025-08-30 00:00:00.000,3,Chhattisgarh,Bijapur,2,2,1,Clear,1,1,1,1,0,0,0
593678,2025,2025-09-02 00:00:00.000,2025-09-02 00:00:00.000,3,Chhattisgarh,Sukma,1,1,1,Clear,2,2,2,2,0,0,0
593797,2025,2025-08-06 00:00:00.000,2025-08-06 00:00:00.000,1,Chhattisgarh,Bijapur,3,1,1,Clear,1,1,1,0,0,1,0
593806,2025,2025-08-13 00:00:00.000,2025-08-13 00:00:00.000,1,Chhattisgarh,Mohla-Manpur-Ambagarh Chowki,2,1,1,Clear,2,2,2,0,0,2,0
593829,2025,2025-08-05 00:00:00.000,2025-08-05 00:00:00.000,1,Jharkhand,Gumla,2,1,1,Clear,1,1,1,0,0,1,0
593836,2025,2025-08-13 00:00:00.000,2025-08-13 00:00:00.000,1,Jharkhand,West Singhbhum,2,1,1,Clear,1,1,1,0,0,1,0
593848,2025,2025-08-27 00:00:00.000,2025-08-27 00:00:00.000,1,Maharashtra,Gadchiroli,2,1,1,Clear,4,4,4,0,0,4,0
597499,2025,2025-09-11 00:00:00.000,2025-09-11 00:00:00.000,1,Chhattisgarh,Gariaband,2,1,1,Clear,10,10,10,0,0,10,0
597509,2025,2025-09-12 00:00:00.000,2025-09-12 00:00:00.000,1,Chhattisgarh,Bijapur,3,1,1,Clear,2,2,2,0,0,2,0
597515,2025,2025-09-13 00:00:00.000,2025-09-13 00:00:00.000,1,Chhattisgarh,Bijapur,2,1,1,Clear,1,1,1,0,0,1,0
597528,2025,2025-09-15 00:00:00.000,2025-09-15 00:00:00.000,1,Jharkhand,Hazaribagh,3,1,1,Clear,3,3,3,0,0,3,0
597535,2025,2025-09-16 00:00:00.000,2025-09-17 00:00:00.000,3,Chhattisgarh,Bijapur,2,2,1,Clear,1,1,1,1,0,0,0
597536,2025,2025-09-17 00:00:00.000,2025-09-17 00:00:00.000,1,Chhattisgarh,Bijapur,3,1,1,Clear,2,2,2,0,0,2,0
597537,2025,2025-09-17 00:00:00.000,2025-09-17 00:00:00.000,1,Maharashtra,Gadchiroli,3,1,1,Clear,2,2,2,0,0,2,0
597539,2025,2025-09-18 00:00:00.000,2025-09-18 00:00:00.000,1,Chhattisgarh,Sukma,2,1,1,Clear,1,1,1,0,0,1,0
597540,2025,2025-09-16 00:00:00.000,2025-09-18 00:00:00.000,3,Madhya Pradesh,Balaghat,2,2,1,Clear,1,1,1,1,0,0,0
597543,2025,2025-09-22 00:00:00.000,2025-09-22 00:00:00.000,1,Chhattisgarh,Narayanpur,3,1,1,Clear,2,2,2,0,0,2,0
597615,2025,2025-09-27 00:00:00.000,2025-09-27 00:00:00.000,1,Chhattisgarh,Kanker,3,1,1,Clear,3,3,3,0,0,3,0
597761,2025,2025-09-05 00:00:00.000,2025-09-05 00:00:00.000,1,Chhattisgarh,Narayanpur,3,1,1,Clear,1,1,1,0,0,1,0
597762,2025,2025-09-09 00:00:00.000,2025-09-09 00:00:00.000,1,Chhattisgarh,Kanker,2,1,1,Clear,1,1,1,0,0,1,0
597780,2025,2025-09-17 00:00:00.000,2025-09-17 00:00:00.000,3,Chhattisgarh,Dantewada,1,1,1,Clear,1,1,1,1,0,0,0
597786,2025,2025-09-04 00:00:00.000,2025-09-04 00:00:00.000,1,Jharkhand,Palamu,3,1,1,Clear,2,2,2,0,2,0,0
597787,2025,2025-09-07 00:00:00.000,2025-09-07 00:00:00.000,1,Jharkhand,West Singhbhum,3,1,1,Clear,1,1,1,0,0,1,0
597796,2025,2025-09-14 00:00:00.000,2025-09-14 00:00:00.000,1,Jharkhand,Palamu,2,1,1,Clear,1,1,1,0,0,1,0
597801,2025,2025-09-24 00:00:00.000,2025-09-24 00:00:00.000,1,Jharkhand,Gumla,2,1,1,Clear,3,3,3,0,0,3,0
597809,2025,2025-09-18 00:00:00.000,2025-09-18 00:00:00.000,1,Maharashtra,Gadchiroli,2,1,1,Clear,2,2,2,0,0,2,0
600813,2025,2025-10-01 00:00:00.000,2025-10-01 00:00:00.000,1,Chhattisgarh,Bijapur,2,1,1,Clear,1,1,1,0,0,1,0
600823,2025,2025-10-01 00:00:00.000,2025-10-01 00:00:00.000,3,Chhattisgarh,Bijapur,1,1,1,Clear,1,1,1,1,0,0,0
600824,2025,2025-10-01 00:00:00.000,2025-10-01 00:00:00.000,3,Chhattisgarh,Sukma,1,1,1,Clear,0,1,0,0,0,0,0
600825,2025,2025-10-13 00:00:00.000,2025-10-13 00:00:00.000,3,Chhattisgarh,Bijapur,2,1,1,Clear,1,1,1,1,0,0,0
600826,2025,2025-10-10 00:00:00.000,2025-10-10 00:00:00.000,1,Jharkhand,West Singhbhum,2,1,1,Clear,3,3,3,0,3,0,0
600935,2025,2025-10-14 00:00:00.000,2025-10-14 00:00:00.000,3,Chhattisgarh,Bijapur,2,1,1,Clear,1,1,1,1,0,0,0
601023,2025,2025-10-24 00:00:00.000,2025-10-24 00:00:00.000,3,Chhattisgarh,Bijapur,1,1,1,Clear,1,1,1,1,0,0,0
601026,2025,2025-10-25 00:00:00.000,2025-10-25 00:00:00.000,1,Assam,Kokrajhar,2,1,1,Clear,1,1,1,0,0,1,0
602287,2025,2025-10-28 00:00:00.000,2025-10-28 00:00:00.000,1,Jharkhand,West Singhbhum,1,1,1,Clear,1,1,1,1,0,0,0
602288,2025,2025-10-30 00:00:00.000,2025-10-30 00:00:00.000,1,National Capital territory,Unspecified,1,1,1,Clear,1,1,1,0,1,0,0
605168,2025,2025-11-11 00:00:00.000,2025-11-11 00:00:00.000,1,Chhattisgarh,Bijapur,2,1,1,Clear,6,6,6,0,0,6,0
605169,2025,2025-11-18 00:00:00.000,2025-11-18 00:00:00.000,1,Andhra Pradesh,Alluri Sitharama Raju,2,1,1,Clear,6,6,6,0,0,6,0
605175,2025,2025-11-19 00:00:00.000,2025-11-19 00:00:00.000,1,Andhra Pradesh,Alluri Sitharama Raju,2,1,1,Clear,7,7,7,0,0,7,0
605210,2025,2025-11-16 00:00:00.000,2025-11-16 00:00:00.000,1,Chhattisgarh,Sukma,2,1,1,Clear,3,3,3,0,0,3,0
605213,2025,2025-11-08 00:00:00.000,2025-11-08 00:00:00.000,1,Jharkhand,West Singhbhum,2,1,1,Clear,1,1,1,0,1,0,0
606250,2025,2025-11-28 00:00:00.000,2025-11-28 00:00:00.000,1,Odisha,Sundargarh,5,1,1,Clear,3,3,3,3,0,0,0
608919,2025,2025-12-03 00:00:00.000,2025-12-03 00:00:00.000,1,Chhattisgarh,Bijapur,2,1,1,Clear,21,21,21,0,3,18,0
608920,2025,2025-12-07 00:00:00.000,2025-12-07 00:00:00.000,3,Chhattisgarh,Bijapur,2,1,1,Clear,1,1,1,1,0,0,0
608921,2025,2025-12-18 00:00:00.000,2025-12-18 00:00:00.000,1,Chhattisgarh,Sukma,2,1,1,Clear,3,3,3,0,0,3,0
608922,2025,2025-12-19 00:00:00.000,2025-12-19 00:00:00.000,1,Chhattisgarh,Bijapur,2,1,1,Clear,1,1,1,0,0,1,0
609757,2025,2025-12-24 00:00:00.000,2025-12-24 00:00:00.000,1,Odisha,Kandhamal,2,1,1,Clear,2,2,2,0,0,2,0
609759,2025,2025-12-25 00:00:00.000,2025-12-25 00:00:00.000,1,Odisha,Kandhamal,2,1,1,Clear,4,4,4,0,0,4,0
609760,2025,2025-12-28 00:00:00.000,2025-12-28 00:00:00.000,1,Jharkhand,Chatra,1,1,1,Clear,2,2,2,0,0,2,0
